lane_id,origin_country,destination_plant_id,mode,period,avg_lead_time_days,risk_score,cost_index
LANE-002555,Germany,P11,Rail,2025-03,9,High,1.0
LANE-005943,Brazil,P6,Rail,2025-03,11,Medium,0.87
LANE-012036,Canada,P10,Air,2025-02,3,Low,2.23
LANE-013833,Spain,P9,Ocean,2026-05,27,Medium,0.51
LANE-014070,Spain,P12,Air,2025-12,2,Medium,3.67
LANE-015085,Thailand,P1,Rail,2026-03,11,Low,0.99
LANE-014783,Czech Republic,P9,Ocean,2026-09,28,Medium,0.73
LANE-009199,Italy,P10,Rail,2025-03,11,Medium,1.23
LANE-015883,Thailand,P11,Ocean,2026-09,31,High,0.69
LANE-006044,Brazil,P7,Rail,2026-04,9,Low,0.79
LANE-016081,United Kingdom,P1,Air,2026-09,2,Low,3.76
LANE-006174,Brazil,P9,Truck,2026-02,5,Medium,0.92
LANE-008573,Italy,P2,Truck,2026-03,5,Low,1.41
LANE-000222,United States,P4,Rail,2025-02,11,Low,1.01
LANE-004669,Poland,P2,Ocean,2025-05,33,Low,0.66
LANE-000547,United States,P8,Truck,2026-07,4,High,0.83
LANE-011351,Canada,P2,Rail,2026-09,14,Medium,1.19
LANE-000489,United States,P7,Ocean,2025-05,29,Medium,0.53
LANE-006280,Brazil,P10,Rail,2025-10,13,Low,0.99
LANE-013818,Spain,P9,Ocean,2025-02,28,Medium,
LANE-001941,Germany,P2,Rail,2025-05,9,Low,1.1
LANE-015933,Thailand,P12,Rail,2025-05,11,Medium,0.72
LANE-014129,Czech Republic,P1,Ocean,2025-05,26,Low,0.72
LANE-014951,Czech Republic,P11,Ocean,2026-01,28,Medium,0.58
LANE-011369,Canada,P2,Ocean,2026-05,29,Medium,0.45
LANE-010787,Vietnam,P6,Air,2025-07,2,Low,4.13
LANE-012289,France,P1,Ocean,2026-01,22,Medium,0.87
LANE-015787,Thailand,P10,Rail,2026-01,11,High,0.67
LANE-016963,United Kingdom,P12,Air,2025-01,2,Low,
LANE-014574,Czech Republic,P7,Rail,2025-10,11,Low,0.77
LANE-000901,Mexico,P1,Truck,2026-09,5,Medium,1.13
LANE-008636,Italy,P3,Truck,2025-12,5,Low,1.13
LANE-008209,South Korea,P10,Truck,2025-03,4,Medium,1.11
LANE-012442,France,P3,Ocean,2025-12,34,Low,0.55
LANE-000051,United States,P2,Truck,2025-07,1,Low,1.03
LANE-002231,Germany,P6,Ocean,2025-09,30,High,0.49
LANE-005960,Brazil,P6,Rail,2026-08,12,Medium,0.94
LANE-005107,Poland,P7,Air,2025-03,2,Low,4.07
LANE-013290,Spain,P3,Truck,2025-02,4,Low,1.06
LANE-013847,Spain,P9,Air,2025-09,2,Low,3.89
LANE-011495,Canada,P4,Rail,2025-11,13,Medium,1.05
LANE-009866,Turkey,P6,Air,2025-10,3,Low,4.06
LANE-014213,Czech Republic,P2,Ocean,2025-01,29,Low,0.52
LANE-013222,Spain,P2,Truck,2026-10,4,Low,1.13
LANE-001356,Mexico,P7,Truck,2026-02,5,High,1.56
LANE-008384,South Korea,P12,Truck,2025-02,5,Low,0.89
LANE-003689,India,P1,Ocean,2026-03,20,Low,0.64
LANE-000492,United States,P7,Ocean,2025-08,28,Medium,0.65
LANE-010601,Vietnam,P4,Ocean,2026-07,28,Low,0.48
LANE-009610,Turkey,P3,Ocean,2026-06,23,Low,
LANE-014082,Czech Republic,P1,Truck,2025-02,5,Low,1.46
LANE-007457,Japan,P12,Ocean,2026-09,31,Low,0.58
LANE-015291,Thailand,P4,Ocean,2025-01,27,Low,0.53
LANE-010097,Turkey,P10,Truck,2026-09,6,Medium,1.44
LANE-002122,Germany,P5,Truck,2025-10,2,Low,
LANE-015987,Thailand,P12,Air,2026-03,3,Low,3.83
LANE-000155,United States,P3,Ocean,2025-01,21,Medium,
LANE-008310,South Korea,P11,Truck,2026-04,5,Low,1.44
LANE-006133,Brazil,P8,Ocean,2026-05,27,Low,0.85
LANE-011963,Canada,P9,Air,2026-05,3,Medium,
LANE-000766,United States,P11,Truck,2026-06,1,Medium,1.51
LANE-014903,Czech Republic,P11,Truck,2025-09,5,Medium,
LANE-015783,Thailand,P10,Rail,2025-09,11,High,1.16
LANE-004902,Poland,P5,Truck,2026-06,4,High,0.81
LANE-014139,Czech Republic,P1,Ocean,2026-03,27,Low,0.55
LANE-012177,Canada,P12,Rail,2025-11,12,Low,0.88
LANE-008429,South Korea,P12,Ocean,2025-03,28,Low,0.72
LANE-003501,China,P11,Truck,2025-03,5,Medium,1.58
LANE-002861,China,P3,Truck,2025-01,4,High,0.9
LANE-011559,Canada,P5,Truck,2025-09,4,High,1.19
LANE-004655,Poland,P2,Rail,2026-01,9,Low,1.08
LANE-005588,Brazil,P1,Air,2026-10,3,Medium,2.31
LANE-002943,China,P3,Air,2026-05,2,High,3.72
LANE-007133,Japan,P8,Ocean,2025-05,23,Low,0.75
LANE-014933,Czech Republic,P11,Rail,2026-05,9,Low,0.72
LANE-000831,United States,P12,Rail,2026-05,12,Low,0.69
LANE-006468,Brazil,P12,Ocean,2026-10,24,Low,0.67
LANE-015357,Thailand,P5,Rail,2025-01,13,Low,0.86
LANE-014748,Czech Republic,P9,Rail,2025-08,13,Low,1.26
LANE-011520,Canada,P4,Ocean,2026-02,27,Low,0.65
LANE-012243,France,P1,Truck,2025-11,4,Medium,0.97
LANE-001920,Germany,P2,Truck,2025-06,6,Low,1.48
LANE-015192,Thailand,P3,Truck,2025-12,3,Low,1.52
LANE-008532,Italy,P1,Ocean,2026-06,23,High,0.58
LANE-012497,France,P4,Rail,2025-01,8,Low,1.05
LANE-006378,Brazil,P11,Rail,2026-08,11,Low,0.82
LANE-012579,France,P5,Rail,2026-05,14,Medium,1.01
LANE-000362,United States,P6,Truck,2025-10,4,Low,0.94
LANE-003560,China,P11,Ocean,2026-06,27,Low,0.82
LANE-002327,Germany,P8,Truck,2026-05,4,Medium,0.93
LANE-015061,Thailand,P1,Truck,2026-01,5,Medium,1.09
LANE-001329,Mexico,P6,Air,2025-09,3,Low,3.29
LANE-002113,Germany,P5,Truck,2025-01,2,Low,1.38
LANE-000961,Mexico,P2,Truck,2026-03,5,High,0.82
LANE-014521,Czech Republic,P6,Ocean,2025-01,22,Medium,0.65
LANE-005177,Poland,P8,Ocean,2025-07,23,Low,0.66
LANE-007373,Japan,P11,Ocean,2025-03,32,Low,0.52
LANE-004213,India,P8,Rail,2025-11,12,Medium,0.94
LANE-001640,Mexico,P10,Ocean,2025-12,29,Low,0.51
LANE-002222,Germany,P6,Rail,2026-10,11,Low,0.84
LANE-009079,Italy,P8,Rail,2026-03,12,Medium,1.06
LANE-004719,Poland,P3,Truck,2025-11,5,Low,1.34
LANE-004619,Poland,P1,Ocean,2026-09,27,Medium,0.51
LANE-001788,Mexico,P12,Rail,2025-06,11,High,0.83
LANE-016097,United Kingdom,P2,Truck,2026-03,5,Low,1.1
LANE-011977,Canada,P10,Truck,2025-09,4,Medium,0.99
LANE-003155,China,P6,Rail,2025-09,13,Medium,0.8
LANE-007423,Japan,P12,Rail,2025-09,15,Medium,0.91
LANE-002051,Germany,P4,Truck,2025-05,3,Low,1.3
LANE-006464,Brazil,P12,Ocean,2026-06,31,Low,0.47
LANE-012313,France,P1,Air,2026-03,3,Medium,2.67
LANE-001124,Mexico,P4,Rail,2025-02,13,Low,1.06
LANE-003694,India,P1,Ocean,2026-08,30,Low,0.75
LANE-011834,Canada,P8,Rail,2026-08,14,Low,1.21
LANE-003886,India,P4,Rail,2026-02,14,Low,0.83
LANE-010964,Vietnam,P9,Rail,2025-08,11,Medium,0.88
LANE-002615,Germany,P11,Air,2026-07,2,Low,4.09
LANE-011948,Canada,P9,Air,2025-02,2,Medium,2.6
LANE-011521,Canada,P4,Ocean,2026-03,33,Low,0.53
LANE-003383,China,P9,Truck,2026-05,3,Low,1.03
LANE-000034,United States,P1,Rail,2025-12,10,Low,1.15
LANE-013836,Spain,P9,Ocean,2026-08,21,Medium,0.77
LANE-015595,Thailand,P8,Truck,2026-07,5,Low,0.9
LANE-008080,South Korea,P8,Ocean,2025-06,28,Low,0.86
LANE-016905,United Kingdom,P12,Truck,2025-09,3,High,1.17
LANE-010850,Vietnam,P7,Ocean,2025-04,25,Low,0.65
LANE-011454,Canada,P3,Air,2026-02,1,Low,3.21
LANE-009559,Turkey,P3,Truck,2025-11,3,Medium,1.42
LANE-007224,Japan,P9,Ocean,2025-08,36,Low,0.77
LANE-001039,Mexico,P3,Truck,2025-05,4,Low,0.94
LANE-007715,South Korea,P4,Truck,2026-03,5,Low,1.25
LANE-006643,Japan,P2,Ocean,2026-09,24,Low,0.66
LANE-001741,Mexico,P11,Air,2025-03,3,Low,2.28
LANE-005515,Brazil,P1,Truck,2026-03,4,Low,0.88
LANE-005226,Poland,P9,Truck,2025-12,4,Low,1.4
LANE-002996,China,P4,Ocean,2025-04,22,Low,0.64
LANE-011808,Canada,P8,Truck,2026-04,4,Medium,0.82
LANE-001149,Mexico,P4,Ocean,2025-05,27,Low,0.75
LANE-011898,Canada,P9,Truck,2026-06,4,Low,1.48
LANE-010145,Turkey,P10,Air,2025-03,3,Low,3.57
LANE-011323,Canada,P2,Truck,2026-03,5,Low,1.26
LANE-016297,United Kingdom,P4,Ocean,2026-05,19,Low,0.77
LANE-002882,China,P3,Truck,2026-10,5,High,1.58
LANE-006857,Japan,P5,Rail,2026-03,14,Low,1.15
LANE-011051,Vietnam,P10,Ocean,2025-07,27,Medium,0.7
LANE-000208,United States,P4,Truck,2025-10,6,Low,1.2
LANE-011337,Canada,P2,Rail,2025-07,11,Medium,1.24
LANE-009812,Turkey,P6,Truck,2026-10,6,Medium,1.18
LANE-005347,Poland,P11,Rail,2025-01,8,High,0.81
LANE-016601,United Kingdom,P8,Rail,2026-01,10,Medium,0.95
LANE-001276,Mexico,P6,Truck,2026-10,3,Low,1.15
LANE-002544,Germany,P11,Truck,2026-02,5,High,1.01
LANE-003888,India,P4,Rail,2026-04,8,Low,0.94
LANE-016306,United Kingdom,P4,Air,2025-04,3,Low,
LANE-016827,United Kingdom,P10,Air,2026-07,2,Low,
LANE-009032,Italy,P7,Air,2025-12,3,Medium,3.53
LANE-003088,China,P5,Ocean,2025-08,28,Medium,
LANE-009135,Italy,P9,Rail,2025-05,10,High,1.28
LANE-016850,United Kingdom,P11,Truck,2026-08,5,Medium,1.26
LANE-000036,United States,P1,Rail,2026-02,11,Low,1.25
LANE-001496,Mexico,P8,Air,2026-10,3,Low,2.45
LANE-016096,United Kingdom,P2,Truck,2026-02,5,Low,1.19
LANE-002619,Germany,P12,Truck,2025-01,4,High,1.17
LANE-012859,France,P9,Truck,2025-11,6,Low,
LANE-013855,Spain,P9,Air,2026-05,2,Low,2.85
LANE-000315,United States,P5,Rail,2025-07,11,Low,0.93
LANE-003854,India,P4,Truck,2025-04,4,Medium,1.57
LANE-014534,Czech Republic,P6,Ocean,2026-02,28,Medium,0.72
LANE-009191,Italy,P10,Truck,2026-05,5,Low,1.01
LANE-001158,Mexico,P4,Ocean,2026-02,25,Low,0.81
LANE-002713,China,P1,Truck,2025-07,4,Low,1.53
LANE-003293,China,P7,Air,2026-03,2,Low,3.34
LANE-006001,Brazil,P6,Air,2026-05,2,Low,2.4
LANE-008609,Italy,P2,Ocean,2025-07,24,Low,0.49
LANE-007947,South Korea,P6,Air,2025-05,3,Low,2.14
LANE-000639,United States,P9,Ocean,2025-01,35,Medium,0.51
LANE-005814,Brazil,P4,Ocean,2025-06,28,Medium,0.46
LANE-005490,Poland,P12,Air,2025-12,2,Low,2.8
LANE-014879,Czech Republic,P10,Air,2025-07,3,Low,3.33
LANE-002118,Germany,P5,Truck,2025-06,1,Low,1.35
LANE-006637,Japan,P2,Ocean,2026-03,29,Low,0.62
LANE-009825,Turkey,P6,Rail,2026-01,10,Low,1.11
LANE-006909,Japan,P6,Truck,2025-01,5,Low,1.12
LANE-003304,China,P8,Truck,2025-04,1,Low,1.52
LANE-000605,United States,P9,Truck,2025-11,5,Low,1.12
LANE-002092,Germany,P4,Ocean,2025-02,20,High,0.55
LANE-003251,China,P7,Rail,2026-05,11,Medium,0.67
LANE-003629,China,P12,Ocean,2026-09,25,Medium,0.74
LANE-005732,Brazil,P3,Ocean,2025-12,28,Medium,0.78
LANE-002563,Germany,P11,Rail,2025-11,9,High,1.11
LANE-015966,Thailand,P12,Ocean,2026-04,25,Medium,0.47
LANE-015977,Thailand,P12,Air,2025-05,3,Low,3.75
LANE-003542,China,P11,Rail,2026-10,11,Medium,1.26
LANE-006666,Japan,P3,Truck,2026-10,4,Low,0.91
LANE-008266,South Korea,P10,Ocean,2026-04,22,Low,0.46
LANE-006109,Brazil,P8,Rail,2026-03,10,Low,1.12
LANE-003574,China,P12,Truck,2025-10,5,High,
LANE-008850,Italy,P5,Air,2025-06,2,Low,2.61
LANE-011350,Canada,P2,Rail,2026-08,13,Medium,1.09
LANE-014386,Czech Republic,P4,Ocean,2026-08,33,High,0.87
LANE-005009,Poland,P6,Rail,2026-03,11,Medium,0.97
LANE-013194,Spain,P1,Ocean,2026-04,33,Low,0.48
LANE-014092,Czech Republic,P1,Truck,2025-12,6,Low,1.53
LANE-002705,Germany,P12,Air,2026-09,2,Low,2.27
LANE-008864,Italy,P5,Air,2026-08,2,Low,2.67
LANE-003290,China,P7,Air,2025-12,2,Low,2.35
LANE-012012,Canada,P10,Rail,2026-10,12,Low,0.9
LANE-015820,Thailand,P11,Truck,2025-02,4,High,1.28
LANE-016331,United Kingdom,P5,Truck,2025-07,5,Low,0.97
LANE-000458,United States,P7,Truck,2026-06,4,High,1.31
LANE-014362,Czech Republic,P4,Rail,2026-06,11,Medium,1.03
LANE-005092,Poland,P7,Ocean,2025-10,25,Low,0.74
LANE-010228,Turkey,P11,Ocean,2026-08,33,Low,0.47
LANE-013838,Spain,P9,Ocean,2026-10,34,Medium,0.77
LANE-002969,China,P4,Truck,2026-09,5,Low,0.82
LANE-012987,France,P10,Ocean,2025-07,21,Low,0.56
LANE-013723,Spain,P8,Rail,2026-05,9,Low,1.16
LANE-016246,United Kingdom,P4,Truck,2025-10,5,Medium,1.5
LANE-016249,United Kingdom,P4,Truck,2026-01,4,Medium,0.94
LANE-000031,United States,P1,Rail,2025-09,11,Low,0.93
LANE-002542,Germany,P11,Truck,2025-12,6,High,0.94
LANE-011827,Canada,P8,Rail,2026-01,11,Low,1.1
LANE-009017,Italy,P7,Ocean,2026-07,33,Medium,0.75
LANE-016328,United Kingdom,P5,Truck,2025-04,5,Low,1.04
LANE-000747,United States,P10,Ocean,2026-09,21,Medium,0.54
LANE-005227,Poland,P9,Truck,2026-01,6,Low,0.86
LANE-009905,Turkey,P7,Rail,2025-05,11,Low,0.79
LANE-014176,Czech Republic,P2,Truck,2025-08,5,Low,1.16
LANE-000571,United States,P8,Rail,2026-09,13,Low,1.14
LANE-009640,Turkey,P4,Truck,2025-04,5,Low,0.97
LANE-015096,Thailand,P1,Ocean,2025-04,27,High,0.47
LANE-008835,Italy,P5,Ocean,2026-01,35,High,0.83
LANE-014790,Czech Republic,P9,Air,2025-06,2,Medium,3.34
LANE-009121,Italy,P9,Truck,2026-01,5,Low,1.46
LANE-002649,Germany,P12,Rail,2025-09,12,Medium,1.14
LANE-014871,Czech Republic,P10,Ocean,2026-09,24,Medium,0.82
LANE-016525,United Kingdom,P7,Ocean,2025-03,22,High,0.52
LANE-007643,South Korea,P3,Truck,2025-09,4,Low,1.06
LANE-003971,India,P5,Ocean,2025-11,29,High,0.5
LANE-015003,Czech Republic,P12,Rail,2026-09,10,Medium,1.19
LANE-008528,Italy,P1,Ocean,2026-02,30,High,0.73
LANE-002518,Germany,P10,Ocean,2025-10,29,Low,0.7
LANE-012519,France,P4,Air,2025-01,1,High,3.25
LANE-003250,China,P7,Rail,2026-04,14,Medium,0.66
LANE-011924,Canada,P9,Rail,2026-10,11,Medium,0.88
LANE-016405,United Kingdom,P5,Air,2026-03,3,Low,3.03
LANE-000929,Mexico,P1,Ocean,2025-05,25,Medium,0.77
LANE-004343,India,P10,Rail,2025-09,12,Low,1.01
LANE-004849,Poland,P4,Ocean,2025-09,25,Medium,0.83
LANE-016341,United Kingdom,P5,Truck,2026-05,5,Low,1.11
LANE-015445,Thailand,P6,Ocean,2025-01,29,High,0.56
LANE-007434,Japan,P12,Rail,2026-08,8,Medium,1.11
LANE-001803,Mexico,P12,Rail,2026-09,10,High,0.94
LANE-007081,Japan,P7,Air,2026-07,3,Low,3.04
LANE-012511,France,P4,Rail,2026-03,8,Low,
LANE-008743,Italy,P4,Rail,2025-09,11,Low,1.14
LANE-013915,Spain,P10,Ocean,2025-11,23,Low,0.73
LANE-014885,Czech Republic,P10,Air,2026-01,3,Low,2.37
LANE-015099,Thailand,P1,Ocean,2025-07,20,High,0.68
LANE-000270,United States,P4,Air,2025-06,3,Low,
LANE-015846,Thailand,P11,Rail,2025-06,11,Low,1.12
LANE-001984,Germany,P3,Truck,2025-04,4,Medium,1.34
LANE-006730,Japan,P3,Air,2026-08,3,Low,3.62
LANE-003232,China,P7,Truck,2026-08,5,Low,1.21
LANE-000487,United States,P7,Ocean,2025-03,23,Medium,0.45
LANE-006967,Japan,P6,Ocean,2026-03,38,Low,0.52
LANE-005587,Brazil,P1,Air,2026-09,2,Medium,3.06
LANE-000072,United States,P2,Rail,2025-06,8,Low,0.86
LANE-000666,United States,P9,Air,2025-06,3,Low,3.04
LANE-009840,Turkey,P6,Ocean,2025-06,25,Low,0.54
LANE-010392,Vietnam,P1,Air,2025-08,3,Medium,2.78
LANE-003156,China,P6,Rail,2025-10,12,Medium,0.72
LANE-003240,China,P7,Rail,2025-06,12,Medium,1.03
LANE-004011,India,P6,Truck,2025-07,4,Low,0.99
LANE-007068,Japan,P7,Air,2025-06,3,Low,2.74
LANE-006717,Japan,P3,Air,2025-07,3,Low,3.27
LANE-013667,Spain,P7,Ocean,2025-05,28,High,0.49
LANE-011106,Vietnam,P11,Truck,2026-06,4,Low,1.39
LANE-016327,United Kingdom,P5,Truck,2025-03,5,Low,1.37
LANE-003877,India,P4,Rail,2025-05,12,Low,0.9
LANE-000970,Mexico,P2,Rail,2025-02,10,Low,0.89
LANE-011908,Canada,P9,Rail,2025-06,11,Medium,0.74
LANE-003388,China,P9,Truck,2026-10,5,Low,1.26
LANE-002773,China,P2,Truck,2025-01,4,Medium,1.04
LANE-013168,Spain,P1,Rail,2025-12,13,Medium,0.82
LANE-011035,Vietnam,P10,Rail,2026-01,11,Medium,1.05
LANE-006935,Japan,P6,Rail,2025-05,10,Medium,0.7
LANE-007181,Japan,P9,Truck,2025-09,4,High,1.08
LANE-010357,Vietnam,P1,Rail,2026-05,8,Low,1.08
LANE-004764,Poland,P3,Ocean,2025-12,33,Medium,0.6
LANE-009345,Italy,P12,Rail,2026-05,9,Low,0.95
LANE-011289,Canada,P1,Ocean,2025-03,28,Low,0.84
LANE-007956,South Korea,P6,Air,2026-02,2,Low,3.77
LANE-005635,Brazil,P2,Ocean,2025-03,23,Low,0.73
LANE-006517,Japan,P1,Rail,2025-05,15,Low,1.15
LANE-011835,Canada,P8,Rail,2026-09,11,Low,1.23
LANE-002049,Germany,P4,Truck,2025-03,4,Low,1.37
LANE-011391,Canada,P2,Air,2026-05,2,Low,2.24
LANE-009074,Italy,P8,Rail,2025-10,14,Medium,0.78
LANE-002435,Germany,P9,Rail,2026-03,12,Low,0.64
LANE-000192,United States,P3,Air,2026-04,3,Low,2.64
LANE-004997,Poland,P6,Rail,2025-03,9,Medium,0.86
LANE-013685,Spain,P8,Truck,2025-01,3,Medium,1.22
LANE-009554,Turkey,P3,Truck,2025-06,6,Medium,1.16
LANE-007647,South Korea,P3,Truck,2026-01,5,Low,1.23
LANE-014565,Czech Republic,P7,Rail,2025-01,13,Low,1.04
LANE-002575,Germany,P11,Ocean,2025-01,22,Low,0.73
LANE-007500,South Korea,P1,Truck,2026-08,5,Medium,1.26
LANE-009595,Turkey,P3,Ocean,2025-03,30,Low,0.87
LANE-007496,South Korea,P1,Truck,2026-04,6,Medium,1.54
LANE-009514,Turkey,P2,Ocean,2025-10,27,Medium,0.6
LANE-002693,Germany,P12,Air,2025-09,2,Low,2.32
LANE-003920,India,P5,Truck,2025-04,4,Medium,1.43
LANE-014881,Czech Republic,P10,Air,2025-09,2,Low,2.94
LANE-007466,Japan,P12,Air,2025-08,2,Medium,2.81
LANE-006667,Japan,P3,Rail,2025-01,9,Low,1.14
LANE-014412,Czech Republic,P5,Rail,2025-02,12,Low,1.2
LANE-012292,France,P1,Ocean,2026-04,34,Medium,0.48
LANE-016193,United Kingdom,P3,Ocean,2025-01,34,Low,0.76
LANE-012528,France,P4,Air,2025-10,1,High,2.28
LANE-007880,South Korea,P6,Truck,2025-04,5,High,0.82
LANE-001277,Mexico,P6,Rail,2025-01,9,Low,1.19
LANE-016923,United Kingdom,P12,Rail,2025-05,10,Medium,1.27
LANE-013051,France,P11,Ocean,2025-05,26,Medium,0.76
LANE-015419,Thailand,P6,Truck,2026-07,6,Low,1.5
LANE-003270,China,P7,Ocean,2026-02,25,Low,0.45
LANE-014309,Czech Republic,P3,Ocean,2025-09,24,Medium,0.8
LANE-014321,Czech Republic,P3,Ocean,2026-09,26,Medium,
LANE-010670,Vietnam,P5,Rail,2026-10,10,Low,0.8
LANE-012622,France,P6,Truck,2026-04,5,Medium,0.82
LANE-008821,Italy,P5,Rail,2026-09,14,Low,0.98
LANE-015442,Thailand,P6,Rail,2026-08,11,Low,1.1
LANE-016364,United Kingdom,P5,Rail,2026-06,9,Medium,1.0
LANE-004565,Poland,P1,Truck,2025-11,4,Medium,1.23
LANE-005840,Brazil,P5,Truck,2025-10,4,Low,1.26
LANE-011134,Vietnam,P11,Ocean,2025-02,26,Low,0.61
LANE-014486,Czech Republic,P6,Truck,2025-10,5,Low,1.09
LANE-002483,Germany,P10,Truck,2026-07,6,Medium,1.09
LANE-006977,Japan,P6,Air,2025-03,2,Medium,3.54
LANE-004465,India,P11,Ocean,2026-09,35,Low,0.73
LANE-008568,Italy,P2,Truck,2025-10,5,Low,0.86
LANE-015036,Czech Republic,P12,Air,2025-10,3,Low,3.9
LANE-014093,Czech Republic,P1,Truck,2026-01,5,Low,
LANE-016856,United Kingdom,P11,Rail,2025-04,13,Medium,
LANE-013111,France,P12,Rail,2026-09,11,Low,0.84
LANE-005539,Brazil,P1,Rail,2026-05,9,Medium,0.77
LANE-010419,Vietnam,P2,Truck,2026-01,5,Low,0.81
LANE-016071,United Kingdom,P1,Air,2025-11,3,Low,2.64
LANE-015059,Thailand,P1,Truck,2025-11,6,Medium,1.23
LANE-014298,Czech Republic,P3,Rail,2026-08,11,Medium,0.9
LANE-005310,Poland,P10,Rail,2025-08,8,Low,0.72
LANE-012704,France,P7,Rail,2025-10,12,Low,0.76
LANE-012525,France,P4,Air,2025-07,1,High,2.68
LANE-012215,Canada,P12,Air,2025-05,3,Medium,2.51
LANE-012674,France,P7,Truck,2025-02,4,Medium,1.49
LANE-003584,China,P12,Truck,2026-08,4,High,1.54
LANE-010776,Vietnam,P6,Ocean,2026-06,31,Low,0.73
LANE-014210,Czech Republic,P2,Rail,2026-08,10,Low,1.01
LANE-013037,France,P11,Rail,2026-01,10,Medium,0.68
LANE-005345,Poland,P11,Truck,2026-09,3,Low,0.85
LANE-006291,Brazil,P10,Rail,2026-09,12,Low,1.18
LANE-016641,United Kingdom,P8,Air,2025-09,3,Low,3.15
LANE-006856,Japan,P5,Rail,2026-02,12,Low,
LANE-011464,Canada,P4,Truck,2025-02,5,Low,1.23
LANE-016708,United Kingdom,P9,Ocean,2025-10,27,High,0.46
LANE-015590,Thailand,P8,Truck,2026-02,4,Low,0.89
LANE-009418,Turkey,P1,Ocean,2025-02,31,Low,0.56
LANE-012604,France,P5,Ocean,2026-08,28,Low,0.87
LANE-013347,Spain,P3,Ocean,2026-03,19,Low,
LANE-006478,Brazil,P12,Air,2025-10,3,Low,2.5
LANE-001478,Mexico,P8,Air,2025-04,3,Low,3.45
LANE-014226,Czech Republic,P2,Ocean,2026-02,38,Low,0.63
LANE-012110,Canada,P11,Ocean,2025-10,20,Low,0.69
LANE-006860,Japan,P5,Rail,2026-06,9,Low,1.03
LANE-000545,United States,P8,Truck,2026-05,5,High,1.43
LANE-000994,Mexico,P2,Ocean,2025-04,31,Medium,0.78
LANE-013249,Spain,P2,Ocean,2025-05,29,Medium,0.68
LANE-002680,Germany,P12,Ocean,2026-06,32,Low,0.8
LANE-008997,Italy,P7,Rail,2026-09,12,High,0.94
LANE-007774,South Korea,P4,Air,2025-08,3,Low,2.86
LANE-012792,France,P8,Rail,2025-10,10,Medium,1.22
LANE-012728,France,P7,Ocean,2025-12,32,Low,0.7
LANE-008822,Italy,P5,Rail,2026-10,9,Low,0.74
LANE-014473,Czech Republic,P5,Air,2026-07,2,Low,3.28
LANE-007742,South Korea,P4,Rail,2026-08,12,Low,0.92
LANE-011157,Vietnam,P11,Air,2025-03,3,Medium,2.33
LANE-003892,India,P4,Rail,2026-08,10,Low,1.01
LANE-012217,Canada,P12,Air,2025-07,2,Medium,2.29
LANE-003924,India,P5,Truck,2025-08,4,Medium,
LANE-014059,Spain,P12,Air,2025-01,3,Medium,2.26
LANE-007038,Japan,P7,Rail,2026-08,10,Low,0.76
LANE-008128,South Korea,P9,Truck,2025-10,4,Medium,1.3
LANE-008994,Italy,P7,Rail,2026-06,11,High,0.77
LANE-005209,Poland,P8,Air,2026-05,2,Medium,2.84
LANE-016596,United Kingdom,P8,Rail,2025-08,12,Medium,
LANE-016887,United Kingdom,P11,Ocean,2026-01,26,Low,0.75
LANE-006265,Brazil,P10,Truck,2026-05,4,Low,1.56
LANE-000617,United States,P9,Rail,2025-01,12,Low,1.19
LANE-014241,Czech Republic,P2,Air,2025-07,2,High,3.62
LANE-006489,Brazil,P12,Air,2026-09,2,Low,2.86
LANE-015334,Thailand,P4,Air,2026-10,3,Low,3.62
LANE-004260,India,P9,Truck,2026-02,2,Low,1.52
LANE-002526,Germany,P10,Ocean,2026-06,30,Low,0.66
LANE-015095,Thailand,P1,Ocean,2025-03,26,High,0.51
LANE-008547,Italy,P1,Air,2025-11,3,Low,3.85
LANE-002792,China,P2,Truck,2026-08,4,Medium,1.18
LANE-005183,Poland,P8,Ocean,2026-01,27,Low,0.52
LANE-010686,Vietnam,P5,Ocean,2026-04,23,Medium,0.51
LANE-011449,Canada,P3,Air,2025-09,1,Low,3.24
LANE-000542,United States,P8,Truck,2026-02,5,High,0.97
LANE-016703,United Kingdom,P9,Ocean,2025-05,32,High,0.53
LANE-016582,United Kingdom,P8,Truck,2026-04,5,Medium,1.15
LANE-008089,South Korea,P8,Ocean,2026-03,29,Low,0.49
LANE-013554,Spain,P6,Rail,2025-02,11,Low,0.93
LANE-012017,Canada,P10,Ocean,2025-05,30,Medium,0.48
LANE-002712,China,P1,Truck,2025-06,5,Low,1.04
LANE-006249,Brazil,P10,Truck,2025-01,7,Low,0.99
LANE-002436,Germany,P9,Rail,2026-04,10,Low,1.05
LANE-003614,China,P12,Ocean,2025-06,27,Medium,
LANE-005809,Brazil,P4,Ocean,2025-01,25,Medium,0.6
LANE-011715,Canada,P6,Air,2025-11,2,Low,3.3
LANE-010121,Turkey,P10,Ocean,2025-01,29,Medium,0.61
LANE-005727,Brazil,P3,Ocean,2025-07,27,Medium,0.83
LANE-012309,France,P1,Air,2025-11,3,Medium,3.39
LANE-015429,Thailand,P6,Rail,2025-07,13,Low,0.85
LANE-003127,China,P6,Truck,2025-03,5,Low,1.47
LANE-003587,China,P12,Rail,2025-01,13,Medium,0.87
LANE-014167,Czech Republic,P1,Air,2026-09,3,Low,2.33
LANE-012877,France,P9,Rail,2025-07,13,Medium,0.65
LANE-002193,Germany,P6,Truck,2026-03,4,Low,1.35
LANE-011103,Vietnam,P11,Truck,2026-03,5,Low,0.83
LANE-003644,India,P1,Truck,2026-02,5,Medium,1.46
LANE-006435,Brazil,P12,Rail,2025-11,10,Medium,0.89
LANE-006508,Japan,P1,Truck,2026-06,4,Low,1.55
LANE-016325,United Kingdom,P5,Truck,2025-01,6,Low,0.83
LANE-013616,Spain,P6,Air,2026-08,2,Medium,3.46
LANE-011690,Canada,P6,Ocean,2025-08,36,Low,0.67
LANE-001374,Mexico,P7,Rail,2025-10,8,High,0.72
LANE-003874,India,P4,Rail,2025-02,9,Low,0.73
LANE-000891,Mexico,P1,Truck,2025-11,2,Medium,1.55
LANE-005034,Poland,P6,Ocean,2026-06,29,High,0.7
LANE-005375,Poland,P11,Ocean,2025-07,29,Medium,0.53
LANE-013660,Spain,P7,Rail,2026-08,13,Low,0.97
LANE-003342,China,P8,Rail,2026-08,10,High,0.75
LANE-011056,Vietnam,P10,Ocean,2025-12,27,Medium,0.75
LANE-008448,South Korea,P12,Ocean,2026-10,24,Low,0.56
LANE-010096,Turkey,P10,Truck,2026-08,5,Medium,1.15
LANE-011395,Canada,P2,Air,2026-09,3,Low,3.05
LANE-014969,Czech Republic,P12,Truck,2025-09,4,Low,1.34
LANE-015682,Thailand,P9,Truck,2026-06,4,Low,1.17
LANE-004615,Poland,P1,Ocean,2026-05,30,Medium,0.6
LANE-016335,United Kingdom,P5,Truck,2025-11,3,Low,1.33
LANE-014179,Czech Republic,P2,Truck,2025-11,4,Low,1.44
LANE-014607,Czech Republic,P7,Ocean,2026-09,24,Medium,0.78
LANE-015346,Thailand,P5,Truck,2025-12,6,Low,1.4
LANE-013371,Spain,P3,Air,2026-05,3,High,4.11
LANE-016612,United Kingdom,P8,Ocean,2025-02,32,Medium,0.83
LANE-014287,Czech Republic,P3,Rail,2025-09,13,Medium,
LANE-011874,Canada,P8,Air,2026-04,2,Low,2.85
LANE-004431,India,P11,Rail,2025-09,11,Low,1.16
LANE-016350,United Kingdom,P5,Rail,2025-04,9,Medium,1.26
LANE-015209,Thailand,P3,Rail,2025-07,14,Low,1.15
LANE-010898,Vietnam,P8,Rail,2025-08,9,Low,0.82
LANE-016795,United Kingdom,P10,Ocean,2025-09,32,Low,0.7
LANE-004381,India,P10,Air,2025-03,3,Medium,3.47
LANE-011393,Canada,P2,Air,2026-07,2,Low,
LANE-015949,Thailand,P12,Rail,2026-09,11,Medium,0.94
LANE-013109,France,P12,Rail,2026-07,11,Low,1.06
LANE-016826,United Kingdom,P10,Air,2026-06,2,Low,2.95
LANE-015050,Thailand,P1,Truck,2025-02,6,Medium,0.9
LANE-001461,Mexico,P8,Ocean,2025-09,31,Low,0.75
LANE-016777,United Kingdom,P10,Rail,2026-01,12,Medium,1.06
LANE-006092,Brazil,P8,Truck,2026-08,4,Medium,1.34
LANE-005913,Brazil,P5,Air,2026-05,2,Low,3.04
LANE-009551,Turkey,P3,Truck,2025-03,5,Medium,1.09
LANE-002971,China,P4,Rail,2025-01,13,Medium,1.14
LANE-009757,Turkey,P5,Ocean,2025-11,22,Low,0.58
LANE-002612,Germany,P11,Air,2026-04,2,Low,4.08
LANE-011205,Vietnam,P12,Rail,2025-07,9,High,0.99
LANE-010339,Vietnam,P1,Truck,2026-09,4,Low,1.42
LANE-002822,China,P2,Ocean,2025-06,29,Low,0.83
LANE-014989,Czech Republic,P12,Rail,2025-07,12,Medium,
LANE-010095,Turkey,P10,Truck,2026-07,5,Medium,1.16
LANE-011550,Canada,P4,Air,2026-10,3,Low,2.16
LANE-005922,Brazil,P6,Truck,2025-04,4,Low,0.94
LANE-016371,United Kingdom,P5,Ocean,2025-03,31,Low,0.5
LANE-002661,Germany,P12,Rail,2026-09,11,Medium,0.75
LANE-014877,Czech Republic,P10,Air,2025-05,1,Low,4.05
LANE-002455,Germany,P9,Ocean,2026-01,29,Low,0.5
LANE-011640,Canada,P6,Truck,2025-02,4,Low,1.53
LANE-015502,Thailand,P7,Truck,2026-02,5,Low,1.53
LANE-008396,South Korea,P12,Truck,2026-02,3,Low,1.25
LANE-003550,China,P11,Ocean,2025-08,19,Low,0.55
LANE-010262,Turkey,P12,Truck,2025-10,5,Low,
LANE-004784,Poland,P3,Air,2025-10,2,Low,2.47
LANE-006657,Japan,P3,Truck,2026-01,5,Low,0.88
LANE-002735,China,P1,Rail,2025-07,12,Medium,
LANE-014116,Czech Republic,P1,Rail,2026-02,11,Low,0.9
LANE-015620,Thailand,P8,Rail,2026-10,13,Low,1.03
LANE-003403,China,P9,Rail,2026-03,12,Medium,0.82
LANE-013085,France,P12,Truck,2026-05,4,Medium,1.09
LANE-009541,Turkey,P2,Air,2026-03,2,Medium,3.94
LANE-006417,Brazil,P12,Truck,2026-03,5,Medium,0.91
LANE-014096,Czech Republic,P1,Truck,2026-04,3,Low,1.34
LANE-012899,France,P9,Ocean,2025-07,24,Low,0.61
LANE-011533,Canada,P4,Air,2025-05,3,Low,3.98
LANE-016588,United Kingdom,P8,Truck,2026-10,4,Medium,1.36
LANE-010695,Vietnam,P5,Air,2025-03,3,Medium,2.17
LANE-012768,France,P8,Truck,2025-08,4,Medium,
LANE-000681,United States,P9,Air,2026-09,3,Low,2.18
LANE-006390,Brazil,P11,Ocean,2025-10,22,High,0.8
LANE-007341,Japan,P11,Truck,2026-03,5,Low,
LANE-010934,Vietnam,P8,Ocean,2026-10,17,Low,0.51
LANE-010129,Turkey,P10,Ocean,2025-09,25,Medium,0.54
LANE-007802,South Korea,P5,Truck,2026-02,3,Low,1.44
LANE-014263,Czech Republic,P3,Truck,2025-07,5,Medium,1.31
LANE-001804,Mexico,P12,Rail,2026-10,11,High,
LANE-008077,South Korea,P8,Ocean,2025-03,27,Low,0.55
LANE-006485,Brazil,P12,Air,2026-05,2,Low,2.81
LANE-005380,Poland,P11,Ocean,2025-12,18,Medium,0.68
LANE-013647,Spain,P7,Rail,2025-07,12,Low,1.21
LANE-004856,Poland,P4,Ocean,2026-04,24,Medium,0.74
LANE-011321,Canada,P2,Truck,2026-01,5,Low,1.29
LANE-004082,India,P6,Air,2025-12,2,High,3.51
LANE-006944,Japan,P6,Rail,2026-02,12,Medium,1.26
LANE-007234,Japan,P9,Ocean,2026-06,33,Low,0.83
LANE-002942,China,P3,Air,2026-04,2,High,3.48
LANE-015951,Thailand,P12,Ocean,2025-01,26,Medium,0.46
LANE-004124,India,P7,Rail,2025-10,10,High,0.97
LANE-005949,Brazil,P6,Rail,2025-09,13,Medium,0.69
LANE-009130,Italy,P9,Truck,2026-10,4,Low,0.97
LANE-009791,Turkey,P6,Truck,2025-01,4,Medium,1.18
LANE-008261,South Korea,P10,Ocean,2025-11,33,Low,0.85
LANE-007838,South Korea,P5,Ocean,2025-06,21,Medium,0.88
LANE-013794,Spain,P9,Truck,2026-10,5,Low,0.87
LANE-014892,Czech Republic,P10,Air,2026-08,3,Low,2.65
LANE-012960,France,P10,Rail,2025-02,10,Medium,1.23
LANE-010164,Turkey,P10,Air,2026-10,2,Low,
LANE-000972,Mexico,P2,Rail,2025-04,13,Low,1.09
LANE-008928,Italy,P6,Ocean,2026-06,29,Low,0.73
LANE-009424,Turkey,P1,Ocean,2025-08,18,Low,
LANE-004980,Poland,P6,Truck,2025-08,5,Low,1.09
LANE-016690,United Kingdom,P9,Rail,2026-02,11,High,
LANE-010632,Vietnam,P5,Truck,2025-06,4,Low,0.91
LANE-009083,Italy,P8,Rail,2026-07,13,Medium,0.82
LANE-010119,Turkey,P10,Rail,2026-09,12,Medium,1.21
LANE-010562,Vietnam,P4,Rail,2025-02,10,Low,1.21
LANE-002145,Germany,P5,Rail,2025-11,9,Low,1.07
LANE-004330,India,P10,Truck,2026-06,3,Medium,1.01
LANE-004538,India,P12,Air,2025-06,2,Medium,4.01
LANE-007601,South Korea,P2,Ocean,2025-11,29,Low,0.85
LANE-014816,Czech Republic,P10,Truck,2025-10,4,Low,1.12
LANE-014978,Czech Republic,P12,Truck,2026-06,4,Low,1.23
LANE-000536,United States,P8,Truck,2025-08,4,High,1.19
LANE-006883,Japan,P5,Ocean,2026-07,25,Low,0.55
LANE-012967,France,P10,Rail,2025-09,9,Medium,1.15
LANE-005196,Poland,P8,Air,2025-04,3,Medium,3.74
LANE-012019,Canada,P10,Ocean,2025-07,28,Medium,0.64
LANE-004395,India,P10,Air,2026-05,2,Medium,2.17
LANE-001028,Mexico,P2,Air,2026-04,3,Low,2.82
LANE-003619,China,P12,Ocean,2025-11,32,Medium,0.66
LANE-007662,South Korea,P3,Rail,2025-06,9,Medium,1.17
LANE-006011,Brazil,P7,Truck,2025-05,2,Low,1.38
LANE-009576,Turkey,P3,Rail,2025-06,10,Low,0.87
LANE-006313,Brazil,P10,Ocean,2026-09,30,Medium,0.46
LANE-015708,Thailand,P9,Rail,2026-10,12,Low,0.88
LANE-005822,Brazil,P4,Ocean,2026-02,23,Medium,0.63
LANE-015562,Thailand,P7,Air,2025-08,3,Low,3.75
LANE-007369,Japan,P11,Rail,2026-09,15,High,0.86
LANE-011571,Canada,P5,Truck,2026-09,4,High,1.18
LANE-009179,Italy,P10,Truck,2025-05,5,Low,0.97
LANE-013155,Spain,P1,Truck,2026-09,5,High,1.38
LANE-007361,Japan,P11,Rail,2026-01,12,High,0.81
LANE-013934,Spain,P11,Truck,2025-08,4,Low,1.49
LANE-012522,France,P4,Air,2025-04,1,High,2.81
LANE-006498,Japan,P1,Truck,2025-08,5,Low,1.17
LANE-012940,France,P10,Truck,2025-04,5,Medium,1.08
LANE-011836,Canada,P8,Rail,2026-10,13,Low,0.66
LANE-006869,Japan,P5,Ocean,2025-05,33,Low,0.55
LANE-005261,Poland,P9,Ocean,2025-03,27,Medium,0.6
LANE-012273,France,P1,Rail,2026-07,10,Low,1.05
LANE-013511,Spain,P5,Ocean,2025-03,26,Low,0.75
LANE-006960,Japan,P6,Ocean,2025-08,30,Low,0.6
LANE-016707,United Kingdom,P9,Ocean,2025-09,24,High,0.83
LANE-002270,Germany,P7,Rail,2025-04,11,Low,1.02
LANE-005033,Poland,P6,Ocean,2026-05,32,High,0.45
LANE-012610,France,P6,Truck,2025-04,5,Medium,1.13
LANE-007488,South Korea,P1,Truck,2025-08,5,Medium,1.3
LANE-012453,France,P3,Air,2025-01,2,Medium,2.09
LANE-007290,Japan,P10,Ocean,2025-08,23,Low,0.63
LANE-008380,South Korea,P11,Air,2026-08,3,Medium,2.87
LANE-005381,Poland,P11,Ocean,2026-01,30,Medium,0.48
LANE-001670,Mexico,P10,Air,2026-08,3,Low,3.81
LANE-012595,France,P5,Ocean,2025-11,34,Low,0.62
LANE-002512,Germany,P10,Ocean,2025-04,27,Low,
LANE-013991,Spain,P11,Ocean,2026-09,30,Low,0.8
LANE-000383,United States,P6,Rail,2025-09,10,Medium,1.08
LANE-003010,China,P4,Ocean,2026-06,40,Low,0.58
LANE-015633,Thailand,P8,Ocean,2026-01,27,Low,0.76
LANE-015799,Thailand,P10,Ocean,2025-03,23,Low,0.67
LANE-011383,Canada,P2,Air,2025-09,3,Low,2.54
LANE-002545,Germany,P11,Truck,2026-03,5,High,1.1
LANE-015164,Thailand,P2,Ocean,2025-06,22,Medium,0.5
LANE-016898,United Kingdom,P12,Truck,2025-02,4,High,1.58
LANE-016790,United Kingdom,P10,Ocean,2025-04,22,Low,0.56
LANE-002722,China,P1,Truck,2026-04,4,Low,1.05
LANE-007816,South Korea,P5,Rail,2025-06,15,Low,1.14
LANE-003965,India,P5,Ocean,2025-05,25,High,0.79
LANE-016023,United Kingdom,P1,Rail,2025-07,10,High,0.94
LANE-015793,Thailand,P10,Rail,2026-07,10,High,0.76
LANE-002666,Germany,P12,Ocean,2025-04,24,Low,0.57
LANE-005337,Poland,P11,Truck,2026-01,4,Low,0.82
LANE-003714,India,P1,Air,2026-06,2,Low,
LANE-006861,Japan,P5,Rail,2026-07,11,Low,1.0
LANE-006433,Brazil,P12,Rail,2025-09,13,Medium,1.04
LANE-016259,United Kingdom,P4,Rail,2025-01,13,Low,0.8
LANE-003953,India,P5,Rail,2026-03,12,Medium,0.65
LANE-004806,Poland,P4,Truck,2025-10,5,Medium,1.13
LANE-000472,United States,P7,Rail,2025-10,10,Medium,0.98
LANE-004743,Poland,P3,Rail,2026-01,12,Medium,0.77
LANE-013480,Spain,P5,Truck,2026-04,2,Low,1.26
LANE-006000,Brazil,P6,Air,2026-04,2,Low,2.12
LANE-007124,Japan,P8,Rail,2026-06,10,Low,
LANE-016624,United Kingdom,P8,Ocean,2026-02,30,Medium,0.62
LANE-003376,China,P9,Truck,2025-10,5,Low,1.18
LANE-011746,Canada,P7,Truck,2026-08,3,Low,1.53
LANE-003126,China,P6,Truck,2025-02,5,Low,1.46
LANE-007059,Japan,P7,Ocean,2026-07,26,High,0.61
LANE-010368,Vietnam,P1,Ocean,2025-06,33,Low,0.64
LANE-012774,France,P8,Truck,2026-02,5,Medium,0.89
LANE-012162,Canada,P12,Truck,2026-06,4,High,1.08
LANE-001708,Mexico,P11,Rail,2026-02,12,Medium,0.96
LANE-005626,Brazil,P2,Rail,2026-04,14,Low,0.87
LANE-006550,Japan,P1,Ocean,2026-04,30,Low,0.88
LANE-013094,France,P12,Rail,2025-04,12,Low,0.72
LANE-009220,Italy,P10,Ocean,2025-02,24,Low,0.56
LANE-009210,Italy,P10,Rail,2026-02,8,Medium,0.79
LANE-010230,Turkey,P11,Ocean,2026-10,30,Low,0.75
LANE-010937,Vietnam,P9,Truck,2025-03,4,Medium,
LANE-016495,United Kingdom,P7,Truck,2026-05,5,Medium,0.93
LANE-013086,France,P12,Truck,2026-06,4,Medium,0.93
LANE-016925,United Kingdom,P12,Rail,2025-07,11,Medium,1.2
LANE-015248,Thailand,P4,Truck,2025-02,6,Low,1.14
LANE-007658,South Korea,P3,Rail,2025-02,10,Medium,0.93
LANE-000521,United States,P7,Air,2026-03,2,Medium,3.24
LANE-011276,Canada,P1,Rail,2025-12,10,Medium,1.16
LANE-002447,Germany,P9,Ocean,2025-05,23,Low,0.47
LANE-011338,Canada,P2,Rail,2025-08,11,Medium,1.15
LANE-015431,Thailand,P6,Rail,2025-09,12,Low,1.07
LANE-000083,United States,P2,Rail,2026-05,8,Low,0.94
LANE-016637,United Kingdom,P8,Air,2025-05,3,Low,3.32
LANE-005133,Poland,P8,Truck,2025-07,4,High,0.97
LANE-014617,Czech Republic,P7,Air,2025-09,3,Low,3.12
LANE-004785,Poland,P3,Air,2025-11,2,Low,2.56
LANE-012428,France,P3,Rail,2026-08,10,High,0.75
LANE-010623,Vietnam,P4,Air,2026-07,3,Medium,2.17
LANE-015049,Thailand,P1,Truck,2025-01,4,Medium,0.95
LANE-013823,Spain,P9,Ocean,2025-07,32,Medium,0.45
LANE-014236,Czech Republic,P2,Air,2025-02,3,High,3.17
LANE-009097,Italy,P8,Ocean,2025-11,29,Low,0.49
LANE-002503,Germany,P10,Rail,2026-05,10,Medium,1.14
LANE-016774,United Kingdom,P10,Rail,2025-10,13,Medium,0.91
LANE-003166,China,P6,Rail,2026-08,12,Medium,1.16
LANE-005843,Brazil,P5,Truck,2026-01,5,Low,1.55
LANE-016628,United Kingdom,P8,Ocean,2026-06,21,Medium,0.56
LANE-004662,Poland,P2,Rail,2026-08,11,Low,1.11
LANE-005984,Brazil,P6,Ocean,2026-10,29,Low,0.72
LANE-009879,Turkey,P7,Truck,2025-01,5,High,0.98
LANE-001185,Mexico,P5,Truck,2026-07,4,Low,1.44
LANE-009429,Turkey,P1,Ocean,2026-01,33,Low,0.74
LANE-008048,South Korea,P8,Truck,2026-06,3,High,1.09
LANE-016773,United Kingdom,P10,Rail,2025-09,12,Medium,0.71
LANE-012910,France,P9,Ocean,2026-06,28,Low,0.54
LANE-001900,Germany,P1,Air,2025-08,3,High,3.65
LANE-002967,China,P4,Truck,2026-07,5,Low,1.08
LANE-014489,Czech Republic,P6,Truck,2026-01,5,Low,1.15
LANE-007161,Japan,P8,Air,2025-11,3,High,2.26
LANE-010286,Turkey,P12,Rail,2025-12,13,Low,1.16
LANE-000204,United States,P4,Truck,2025-06,4,Low,0.97
LANE-013979,Spain,P11,Ocean,2025-09,27,Low,0.46
LANE-016540,United Kingdom,P7,Ocean,2026-06,21,High,0.57
LANE-004096,India,P7,Truck,2025-04,5,Low,1.39
LANE-002204,Germany,P6,Rail,2025-04,11,Low,1.12
LANE-013129,France,P12,Ocean,2026-05,28,High,0.56
LANE-012050,Canada,P10,Air,2026-04,2,Low,2.72
LANE-005782,Brazil,P4,Truck,2026-06,5,High,1.18
LANE-014508,Czech Republic,P6,Rail,2025-10,12,Medium,1.22
LANE-013606,Spain,P6,Air,2025-10,2,Medium,3.3
LANE-007464,Japan,P12,Air,2025-06,3,Medium,2.25
LANE-014501,Czech Republic,P6,Rail,2025-03,16,Medium,1.08
LANE-011906,Canada,P9,Rail,2025-04,10,Medium,1.0
LANE-007395,Japan,P12,Truck,2025-03,4,Medium,1.58
LANE-008947,Italy,P6,Air,2026-03,3,Low,3.8
LANE-002066,Germany,P4,Truck,2026-08,3,Low,0.86
LANE-014698,Czech Republic,P8,Air,2025-02,2,Medium,3.0
LANE-000357,United States,P6,Truck,2025-05,5,Low,0.97
LANE-004362,India,P10,Ocean,2025-06,25,Medium,0.63
LANE-001265,Mexico,P6,Truck,2025-11,4,Low,1.3
LANE-002241,Germany,P6,Ocean,2026-07,26,High,0.51
LANE-000849,United States,P12,Ocean,2026-01,24,Low,0.71
LANE-015574,Thailand,P7,Air,2026-08,1,Low,2.62
LANE-010783,Vietnam,P6,Air,2025-03,3,Low,3.44
LANE-015101,Thailand,P1,Ocean,2025-09,30,High,0.44
LANE-006719,Japan,P3,Air,2025-09,3,Low,3.86
LANE-000503,United States,P7,Ocean,2026-07,39,Medium,0.47
LANE-012228,Canada,P12,Air,2026-06,2,Medium,2.28
LANE-015087,Thailand,P1,Rail,2026-05,13,Low,0.98
LANE-010616,Vietnam,P4,Air,2025-12,2,Medium,2.59
LANE-009770,Turkey,P5,Air,2025-02,3,High,3.75
LANE-006674,Japan,P3,Rail,2025-08,12,Low,1.19
LANE-001162,Mexico,P4,Ocean,2026-06,25,Low,0.45
LANE-005392,Poland,P11,Air,2025-02,3,High,2.15
LANE-010239,Turkey,P11,Air,2025-09,2,High,3.51
LANE-011498,Canada,P4,Rail,2026-02,13,Medium,1.24
LANE-008037,South Korea,P8,Truck,2025-07,3,High,0.92
LANE-012627,France,P6,Truck,2026-09,4,Medium,0.85
LANE-014330,Czech Republic,P4,Truck,2025-08,5,High,1.23
LANE-006933,Japan,P6,Rail,2025-03,12,Medium,1.06
LANE-016552,United Kingdom,P7,Air,2025-08,3,Medium,3.51
LANE-001369,Mexico,P7,Rail,2025-05,12,High,1.01
LANE-014130,Czech Republic,P1,Ocean,2025-06,27,Low,0.79
LANE-015728,Thailand,P9,Ocean,2026-08,30,High,0.59
LANE-012842,France,P8,Air,2026-04,2,Low,3.4
LANE-007971,South Korea,P7,Truck,2025-07,5,Low,0.81
LANE-009738,Turkey,P5,Rail,2026-02,12,Medium,1.05
LANE-016287,United Kingdom,P4,Ocean,2025-07,30,Low,0.84
LANE-005907,Brazil,P5,Air,2025-11,2,Low,2.78
LANE-016143,United Kingdom,P2,Ocean,2026-05,29,Low,0.79
LANE-003510,China,P11,Truck,2025-12,4,Medium,1.09
LANE-010855,Vietnam,P7,Ocean,2025-09,20,Low,0.55
LANE-005939,Brazil,P6,Truck,2026-09,4,Low,1.29
LANE-002862,China,P3,Truck,2025-02,4,High,0.85
LANE-014768,Czech Republic,P9,Ocean,2025-06,28,Medium,
LANE-003067,China,P5,Rail,2025-09,13,Low,0.85
LANE-002291,Germany,P7,Ocean,2025-03,21,Medium,0.84
LANE-016632,United Kingdom,P8,Ocean,2026-10,25,Medium,0.54
LANE-001189,Mexico,P5,Rail,2025-01,8,Medium,
LANE-009382,Turkey,P1,Truck,2025-10,4,Medium,1.47
LANE-013970,Spain,P11,Rail,2026-10,11,High,1.27
LANE-006890,Japan,P5,Air,2025-04,3,High,2.65
LANE-014333,Czech Republic,P4,Truck,2025-11,4,High,1.32
LANE-015491,Thailand,P7,Truck,2025-03,4,Low,1.54
LANE-004104,India,P7,Truck,2025-12,4,Low,1.47
LANE-011011,Vietnam,P10,Truck,2025-11,4,Medium,0.97
LANE-005879,Brazil,P5,Ocean,2025-05,30,Low,0.51
LANE-009603,Turkey,P3,Ocean,2025-11,28,Low,0.81
LANE-010007,Turkey,P8,Ocean,2026-07,24,Medium,0.7
LANE-003649,India,P1,Truck,2026-07,5,Medium,1.6
LANE-010590,Vietnam,P4,Ocean,2025-08,29,Low,
LANE-008641,Italy,P3,Truck,2026-05,5,Low,1.14
LANE-009604,Turkey,P3,Ocean,2025-12,27,Low,0.74
LANE-009228,Italy,P10,Ocean,2025-10,35,Low,0.67
LANE-015107,Thailand,P1,Ocean,2026-03,33,High,0.83
LANE-009841,Turkey,P6,Ocean,2025-07,30,Low,0.63
LANE-006808,Japan,P4,Air,2025-10,2,Low,3.8
LANE-000163,United States,P3,Ocean,2025-09,27,Medium,0.86
LANE-016095,United Kingdom,P2,Truck,2026-01,4,Low,0.99
LANE-005716,Brazil,P3,Rail,2026-06,13,High,0.75
LANE-014696,Czech Republic,P8,Ocean,2026-10,26,Medium,0.83
LANE-011263,Canada,P1,Truck,2026-09,5,Low,1.02
LANE-000797,United States,P12,Truck,2025-05,4,Medium,0.99
LANE-010203,Turkey,P11,Rail,2026-05,7,Low,0.89
LANE-015359,Thailand,P5,Rail,2025-03,15,Low,0.77
LANE-016002,United Kingdom,P1,Truck,2025-08,4,Low,1.14
LANE-004752,Poland,P3,Rail,2026-10,13,Medium,0.99
LANE-003976,India,P5,Ocean,2026-04,28,High,0.67
LANE-008316,South Korea,P11,Truck,2026-10,4,Low,1.14
LANE-007508,South Korea,P1,Rail,2025-06,13,Medium,
LANE-006339,Brazil,P11,Truck,2025-03,4,Medium,1.36
LANE-004868,Poland,P4,Air,2025-06,3,Medium,3.86
LANE-004777,Poland,P3,Air,2025-03,3,Low,3.11
LANE-007372,Japan,P11,Ocean,2025-02,31,Low,0.72
LANE-001446,Mexico,P8,Rail,2026-04,16,Low,0.73
LANE-002390,Germany,P8,Air,2026-02,3,Low,4.02
LANE-006611,Japan,P2,Rail,2025-11,13,Medium,1.0
LANE-002718,China,P1,Truck,2025-12,5,Low,1.45
LANE-006812,Japan,P4,Air,2026-02,2,Low,2.97
LANE-007033,Japan,P7,Rail,2026-03,14,Low,1.17
LANE-000139,United States,P3,Rail,2025-07,11,Medium,0.66
LANE-015841,Thailand,P11,Rail,2025-01,13,Low,0.96
LANE-008225,South Korea,P10,Truck,2026-07,4,Medium,1.09
LANE-010249,Turkey,P11,Air,2026-07,2,High,3.34
LANE-005593,Brazil,P2,Truck,2025-05,4,Low,1.06
LANE-006171,Brazil,P9,Truck,2025-11,4,Medium,
LANE-005990,Brazil,P6,Air,2025-06,3,Low,3.06
LANE-000466,United States,P7,Rail,2025-04,14,Medium,1.01
LANE-011202,Vietnam,P12,Rail,2025-04,10,High,1.03
LANE-007606,South Korea,P2,Ocean,2026-04,25,Low,0.68
LANE-009037,Italy,P7,Air,2026-05,2,Medium,2.64
LANE-010177,Turkey,P11,Truck,2026-01,3,Low,1.55
LANE-009073,Italy,P8,Rail,2025-09,14,Medium,0.94
LANE-000762,United States,P11,Truck,2026-02,2,Medium,1.35
LANE-016934,United Kingdom,P12,Rail,2026-04,10,Medium,0.66
LANE-001316,Mexico,P6,Ocean,2026-06,33,Low,0.77
LANE-008814,Italy,P5,Rail,2026-02,14,Low,0.75
LANE-007556,South Korea,P2,Truck,2025-10,5,Low,1.17
LANE-004172,India,P7,Air,2026-02,2,Medium,4.14
LANE-004962,Poland,P5,Air,2025-12,4,Low,2.97
LANE-000563,United States,P8,Rail,2026-01,13,Low,1.13
LANE-000811,United States,P12,Truck,2026-07,5,Medium,1.23
LANE-006832,Japan,P5,Truck,2025-12,5,Low,1.58
LANE-004401,India,P11,Truck,2025-01,3,High,1.24
LANE-013422,Spain,P4,Ocean,2025-02,36,Low,0.59
LANE-007437,Japan,P12,Ocean,2025-01,32,Low,0.85
LANE-005627,Brazil,P2,Rail,2026-05,14,Low,0.67
LANE-005139,Poland,P8,Truck,2026-01,4,High,1.51
LANE-012793,France,P8,Rail,2025-11,11,Medium,1.24
LANE-008202,South Korea,P9,Air,2026-06,3,Low,3.93
LANE-016005,United Kingdom,P1,Truck,2025-11,4,Low,1.12
LANE-006639,Japan,P2,Ocean,2026-05,28,Low,0.84
LANE-005062,Poland,P7,Rail,2025-02,12,Low,1.19
LANE-005760,Brazil,P3,Air,2026-06,3,Medium,
LANE-009956,Turkey,P8,Truck,2025-12,5,Low,1.59
LANE-007559,South Korea,P2,Truck,2026-01,4,Low,0.89
LANE-005280,Poland,P9,Ocean,2026-10,31,Medium,0.5
LANE-014274,Czech Republic,P3,Truck,2026-06,6,Medium,1.26
LANE-015122,Thailand,P2,Truck,2025-08,4,Medium,1.27
LANE-006705,Japan,P3,Ocean,2026-05,33,Medium,0.49
LANE-004421,India,P11,Truck,2026-09,5,High,1.45
LANE-013662,Spain,P7,Rail,2026-10,11,Low,0.89
LANE-005410,Poland,P11,Air,2026-08,3,High,3.88
LANE-015060,Thailand,P1,Truck,2025-12,3,Medium,1.58
LANE-013203,Spain,P2,Truck,2025-03,5,Low,0.83
LANE-014117,Czech Republic,P1,Rail,2026-03,11,Low,0.79
LANE-007090,Japan,P8,Truck,2025-06,5,High,1.27
LANE-002053,Germany,P4,Truck,2025-07,5,Low,0.96
LANE-008007,South Korea,P7,Rail,2026-09,14,Low,1.09
LANE-006006,Brazil,P6,Air,2026-10,3,Low,2.57
LANE-014770,Czech Republic,P9,Ocean,2025-08,26,Medium,0.78
LANE-012845,France,P8,Air,2026-07,3,Low,2.19
LANE-002472,Germany,P10,Truck,2025-08,5,Medium,1.42
LANE-001642,Mexico,P10,Ocean,2026-02,34,Low,0.44
LANE-014692,Czech Republic,P8,Ocean,2026-06,33,Medium,0.76
LANE-013256,Spain,P2,Ocean,2025-12,21,Medium,0.69
LANE-004149,India,P7,Ocean,2026-01,31,Low,0.74
LANE-014163,Czech Republic,P1,Air,2026-05,3,Low,3.21
LANE-016529,United Kingdom,P7,Ocean,2025-07,33,High,0.72
LANE-007435,Japan,P12,Rail,2026-09,12,Medium,0.95
LANE-014323,Czech Republic,P4,Truck,2025-01,4,High,1.42
LANE-006360,Brazil,P11,Rail,2025-02,12,Low,1.27
LANE-008596,Italy,P2,Rail,2026-04,10,Low,0.75
LANE-007469,Japan,P12,Air,2025-11,3,Medium,3.95
LANE-006876,Japan,P5,Ocean,2025-12,29,Low,0.45
LANE-013164,Spain,P1,Rail,2025-08,11,Medium,0.89
LANE-003301,China,P8,Truck,2025-01,2,Low,1.43
LANE-013938,Spain,P11,Truck,2025-12,4,Low,1.18
LANE-011786,Canada,P7,Ocean,2026-04,32,Low,0.7
LANE-011748,Canada,P7,Truck,2026-10,4,Low,1.08
LANE-004602,Poland,P1,Ocean,2025-04,24,Medium,0.83
LANE-003881,India,P4,Rail,2025-09,12,Low,1.02
LANE-016423,United Kingdom,P6,Truck,2025-11,4,High,1.34
LANE-004227,India,P8,Ocean,2025-03,26,Low,0.82
LANE-010324,Vietnam,P1,Truck,2025-06,3,Low,1.05
LANE-015565,Thailand,P7,Air,2025-11,3,Low,3.72
LANE-014784,Czech Republic,P9,Ocean,2026-10,34,Medium,0.58
LANE-014763,Czech Republic,P9,Ocean,2025-01,31,Medium,0.69
LANE-014658,Czech Republic,P8,Rail,2025-06,13,Medium,1.09
LANE-004290,India,P9,Rail,2026-10,9,Medium,1.0
LANE-005239,Poland,P9,Rail,2025-03,13,Low,1.24
LANE-011401,Canada,P3,Truck,2025-05,1,Low,0.9
LANE-015341,Thailand,P5,Truck,2025-07,4,Low,0.93
LANE-015038,Czech Republic,P12,Air,2025-12,2,Low,3.65
LANE-007859,South Korea,P5,Air,2025-05,1,Medium,3.56
LANE-004100,India,P7,Truck,2025-08,4,Low,0.86
LANE-015996,United Kingdom,P1,Truck,2025-02,4,Low,0.93
LANE-011894,Canada,P9,Truck,2026-02,5,Low,1.21
LANE-006206,Brazil,P9,Ocean,2025-02,30,Low,0.66
LANE-014345,Czech Republic,P4,Rail,2025-01,10,Medium,1.1
LANE-009850,Turkey,P6,Ocean,2026-04,23,Low,0.76
LANE-005069,Poland,P7,Rail,2025-09,14,Low,1.13
LANE-009359,Italy,P12,Ocean,2025-09,27,Low,0.86
LANE-011843,Canada,P8,Ocean,2025-07,27,High,
LANE-009437,Turkey,P1,Ocean,2026-09,28,Low,
LANE-015558,Thailand,P7,Air,2025-04,2,Low,4.1
LANE-009793,Turkey,P6,Truck,2025-03,4,Medium,1.39
LANE-015435,Thailand,P6,Rail,2026-01,13,Low,1.03
LANE-002200,Germany,P6,Truck,2026-10,5,Low,1.12
LANE-004074,India,P6,Air,2025-04,3,High,3.36
LANE-015088,Thailand,P1,Rail,2026-06,9,Low,1.16
LANE-005994,Brazil,P6,Air,2025-10,3,Low,3.49
LANE-016719,United Kingdom,P9,Ocean,2026-09,36,High,0.47
LANE-013350,Spain,P3,Ocean,2026-06,33,Low,0.69
LANE-012822,France,P8,Ocean,2026-06,25,Low,0.54
LANE-014218,Czech Republic,P2,Ocean,2025-06,26,Low,0.57
LANE-006303,Brazil,P10,Ocean,2025-11,31,Medium,0.69
LANE-016403,United Kingdom,P5,Air,2026-01,3,Low,2.97
LANE-001853,Germany,P1,Rail,2025-05,13,Low,0.69
LANE-007724,South Korea,P4,Rail,2025-02,11,Low,1.12
LANE-000470,United States,P7,Rail,2025-08,9,Medium,0.86
LANE-007761,South Korea,P4,Ocean,2026-05,29,Medium,0.77
LANE-005382,Poland,P11,Ocean,2026-02,25,Medium,0.56
LANE-014621,Czech Republic,P7,Air,2026-01,2,Low,3.41
LANE-002684,Germany,P12,Ocean,2026-10,27,Low,0.44
LANE-009609,Turkey,P3,Ocean,2026-05,27,Low,0.49
LANE-006524,Japan,P1,Rail,2025-12,7,Low,1.27
LANE-003993,India,P5,Air,2025-11,3,Low,3.53
LANE-009637,Turkey,P4,Truck,2025-01,3,Low,1.13
LANE-002696,Germany,P12,Air,2025-12,3,Low,3.32
LANE-013570,Spain,P6,Rail,2026-06,14,Low,1.03
LANE-000611,United States,P9,Truck,2026-05,4,Low,1.24
LANE-003418,China,P9,Ocean,2025-08,22,Low,0.82
LANE-008887,Italy,P6,Truck,2026-09,4,Medium,0.95
LANE-014970,Czech Republic,P12,Truck,2025-10,4,Low,1.42
LANE-007260,Japan,P10,Truck,2026-10,4,High,1.52
LANE-000158,United States,P3,Ocean,2025-04,28,Medium,0.76
LANE-014364,Czech Republic,P4,Rail,2026-08,11,Medium,1.16
LANE-016269,United Kingdom,P4,Rail,2025-11,11,Low,1.07
LANE-003849,India,P3,Ocean,2026-09,30,Low,0.85
LANE-005829,Brazil,P4,Ocean,2026-09,33,Medium,0.49
LANE-006733,Japan,P4,Truck,2025-01,4,Low,1.4
LANE-006169,Brazil,P9,Truck,2025-09,5,Medium,0.84
LANE-004711,Poland,P3,Truck,2025-03,4,Low,0.97
LANE-014908,Czech Republic,P11,Truck,2026-02,7,Medium,1.57
LANE-016510,United Kingdom,P7,Rail,2025-10,10,Medium,0.94
LANE-002752,China,P1,Ocean,2025-02,27,Low,0.56
LANE-013775,Spain,P9,Truck,2025-03,4,Low,1.1
LANE-010057,Turkey,P9,Ocean,2025-03,26,Low,0.59
LANE-000832,United States,P12,Rail,2026-06,10,Low,0.96
LANE-008031,South Korea,P8,Truck,2025-01,5,High,1.47
LANE-009664,Turkey,P4,Rail,2025-06,8,Low,0.91
LANE-000476,United States,P7,Rail,2026-02,12,Medium,1.27
LANE-015239,Thailand,P3,Ocean,2026-03,26,Low,0.56
LANE-016937,United Kingdom,P12,Rail,2026-07,12,Medium,1.15
LANE-009178,Italy,P10,Truck,2025-04,4,Low,1.59
LANE-013255,Spain,P2,Ocean,2025-11,24,Medium,0.64
LANE-012789,France,P8,Rail,2025-07,13,Medium,1.24
LANE-008765,Italy,P4,Ocean,2025-09,29,Low,0.79
LANE-009176,Italy,P10,Truck,2025-02,5,Low,1.3
LANE-004558,Poland,P1,Truck,2025-04,2,Medium,1.02
LANE-003437,China,P10,Truck,2025-05,5,Medium,
LANE-014482,Czech Republic,P6,Truck,2025-06,6,Low,1.53
LANE-015108,Thailand,P1,Ocean,2026-04,23,High,0.6
LANE-005568,Brazil,P1,Air,2025-02,2,Medium,2.24
LANE-000696,United States,P10,Truck,2026-02,4,Low,0.99
LANE-010162,Turkey,P10,Air,2026-08,2,Low,
LANE-007865,South Korea,P5,Air,2025-11,3,Medium,3.94
LANE-004457,India,P11,Ocean,2026-01,25,Low,0.55
LANE-016349,United Kingdom,P5,Rail,2025-03,12,Medium,1.19
LANE-012943,France,P10,Truck,2025-07,4,Medium,1.14
LANE-003357,China,P8,Air,2026-01,1,Low,2.52
LANE-006302,Brazil,P10,Ocean,2025-10,27,Medium,
LANE-008829,Italy,P5,Ocean,2025-07,32,High,0.65
LANE-009739,Turkey,P5,Rail,2026-03,12,Medium,0.91
LANE-015295,Thailand,P4,Ocean,2025-05,21,Low,0.5
LANE-007868,South Korea,P5,Air,2026-02,3,Medium,3.72
LANE-014755,Czech Republic,P9,Rail,2026-03,13,Low,1.17
LANE-006201,Brazil,P9,Rail,2026-07,11,Medium,0.86
LANE-002932,China,P3,Air,2025-06,3,High,2.88
LANE-001709,Mexico,P11,Rail,2026-03,11,Medium,
LANE-004625,Poland,P2,Truck,2025-05,4,Low,0.87
LANE-009523,Turkey,P2,Ocean,2026-07,23,Medium,0.56
LANE-016326,United Kingdom,P5,Truck,2025-02,4,Low,1.18
LANE-010551,Vietnam,P4,Truck,2026-01,6,Medium,1.24
LANE-011451,Canada,P3,Air,2025-11,1,Low,4.01
LANE-009726,Turkey,P5,Rail,2025-02,10,Medium,1.27
LANE-016848,United Kingdom,P11,Truck,2026-06,4,Medium,
LANE-016882,United Kingdom,P11,Ocean,2025-08,25,Low,0.82
LANE-001421,Mexico,P8,Truck,2026-01,4,Low,1.38
LANE-004972,Poland,P5,Air,2026-10,2,Low,
LANE-013989,Spain,P11,Ocean,2026-07,28,Low,0.51
LANE-008894,Italy,P6,Rail,2025-06,9,Low,0.91
LANE-001359,Mexico,P7,Truck,2026-05,3,High,0.93
LANE-013158,Spain,P1,Rail,2025-02,11,Medium,1.03
LANE-008819,Italy,P5,Rail,2026-07,13,Low,1.08
LANE-007506,South Korea,P1,Rail,2025-04,10,Medium,0.91
LANE-009203,Italy,P10,Rail,2025-07,12,Medium,1.06
LANE-010681,Vietnam,P5,Ocean,2025-11,25,Medium,0.77
LANE-002926,China,P3,Ocean,2026-10,18,Low,0.45
LANE-015858,Thailand,P11,Rail,2026-06,12,Low,
LANE-014481,Czech Republic,P6,Truck,2025-05,5,Low,1.41
LANE-005216,Poland,P9,Truck,2025-02,3,Low,0.95
LANE-016967,United Kingdom,P12,Air,2025-05,3,Low,3.47
LANE-000793,United States,P12,Truck,2025-01,4,Medium,1.34
LANE-006878,Japan,P5,Ocean,2026-02,25,Low,0.74
LANE-014279,Czech Republic,P3,Rail,2025-01,9,Medium,0.99
LANE-001991,Germany,P3,Truck,2025-11,6,Medium,1.41
LANE-015077,Thailand,P1,Rail,2025-07,11,Low,0.88
LANE-013661,Spain,P7,Rail,2026-09,13,Low,0.79
LANE-007077,Japan,P7,Air,2026-03,2,Low,2.15
LANE-000882,Mexico,P1,Truck,2025-02,5,Medium,1.39
LANE-016953,United Kingdom,P12,Ocean,2026-01,22,Low,0.65
LANE-010127,Turkey,P10,Ocean,2025-07,29,Medium,0.74
LANE-008627,Italy,P3,Truck,2025-03,5,Low,1.57
LANE-008986,Italy,P7,Rail,2025-10,9,High,0.81
LANE-004004,India,P5,Air,2026-10,2,Low,3.41
LANE-002001,Germany,P3,Truck,2026-09,6,Medium,1.46
LANE-012186,Canada,P12,Rail,2026-08,11,Low,1.23
LANE-009493,Turkey,P2,Rail,2025-11,12,Medium,0.84
LANE-002579,Germany,P11,Ocean,2025-05,23,Low,0.52
LANE-006821,Japan,P5,Truck,2025-01,5,Low,1.11
LANE-004698,Poland,P2,Air,2025-12,2,Low,4.07
LANE-015979,Thailand,P12,Air,2025-07,3,Low,4.03
LANE-001607,Mexico,P10,Rail,2025-01,15,Medium,0.76
LANE-013349,Spain,P3,Ocean,2026-05,23,Low,0.51
LANE-004203,India,P8,Rail,2025-01,11,Medium,0.94
LANE-004064,India,P6,Ocean,2026-04,16,Medium,0.46
LANE-006698,Japan,P3,Ocean,2025-10,23,Medium,0.51
LANE-014351,Czech Republic,P4,Rail,2025-07,11,Medium,1.08
LANE-001541,Mexico,P9,Ocean,2025-01,36,Low,0.8
LANE-002635,Germany,P12,Truck,2026-05,4,High,1.11
LANE-011915,Canada,P9,Rail,2026-01,13,Medium,0.66
LANE-003252,China,P7,Rail,2026-06,11,Medium,0.9
LANE-005963,Brazil,P6,Ocean,2025-01,25,Low,0.66
LANE-003178,China,P6,Ocean,2025-10,23,Medium,0.49
LANE-016132,United Kingdom,P2,Ocean,2025-06,32,Low,0.8
LANE-006234,Brazil,P9,Air,2025-08,3,Low,3.87
LANE-000620,United States,P9,Rail,2025-04,14,Low,0.67
LANE-010834,Vietnam,P7,Rail,2025-10,13,Low,0.84
LANE-010543,Vietnam,P4,Truck,2025-05,4,Medium,1.04
LANE-014741,Czech Republic,P9,Rail,2025-01,12,Low,0.67
LANE-004215,India,P8,Rail,2026-01,12,Medium,1.14
LANE-002015,Germany,P3,Rail,2026-01,11,Low,0.78
LANE-002973,China,P4,Rail,2025-03,12,Medium,1.11
LANE-000540,United States,P8,Truck,2025-12,5,High,1.6
LANE-003142,China,P6,Truck,2026-06,5,Low,1.17
LANE-016880,United Kingdom,P11,Ocean,2025-06,23,Low,0.6
LANE-005995,Brazil,P6,Air,2025-11,2,Low,3.41
LANE-008971,Italy,P7,Truck,2026-05,4,High,1.33
LANE-002618,Germany,P11,Air,2026-10,2,Low,2.24
LANE-010005,Turkey,P8,Ocean,2026-05,24,Medium,0.52
LANE-011756,Canada,P7,Rail,2025-08,11,Low,0.76
LANE-004396,India,P10,Air,2026-06,3,Medium,2.48
LANE-004325,India,P10,Truck,2026-01,4,Medium,1.57
LANE-005619,Brazil,P2,Rail,2025-09,13,Low,1.21
LANE-006045,Brazil,P7,Rail,2026-05,8,Low,0.95
LANE-009149,Italy,P9,Rail,2026-07,10,High,0.82
LANE-006766,Japan,P4,Rail,2025-12,13,Low,0.93
LANE-003184,China,P6,Ocean,2026-04,32,Medium,
LANE-008588,Italy,P2,Rail,2025-08,15,Low,0.82
LANE-013093,France,P12,Rail,2025-03,11,Low,1.08
LANE-000707,United States,P10,Rail,2025-03,12,Low,0.96
LANE-010527,Vietnam,P3,Ocean,2025-11,25,Low,0.47
LANE-014530,Czech Republic,P6,Ocean,2025-10,23,Medium,0.58
LANE-001467,Mexico,P8,Ocean,2026-03,31,Low,0.52
LANE-007084,Japan,P7,Air,2026-10,3,Low,3.08
LANE-008574,Italy,P2,Truck,2026-04,5,Low,1.48
LANE-007221,Japan,P9,Ocean,2025-05,23,Low,0.5
LANE-003066,China,P5,Rail,2025-08,12,Low,1.13
LANE-011689,Canada,P6,Ocean,2025-07,19,Low,0.53
LANE-005726,Brazil,P3,Ocean,2025-06,27,Medium,0.68
LANE-004923,Poland,P5,Rail,2026-05,9,Medium,0.78
LANE-008802,Italy,P5,Rail,2025-02,12,Low,0.95
LANE-013468,Spain,P5,Truck,2025-04,5,Low,0.85
LANE-000934,Mexico,P1,Ocean,2025-10,26,Medium,0.84
LANE-000600,United States,P9,Truck,2025-06,3,Low,1.57
LANE-003054,China,P5,Truck,2026-06,5,Low,0.98
LANE-004009,India,P6,Truck,2025-05,4,Low,
LANE-012827,France,P8,Air,2025-01,3,Low,4.12
LANE-012034,Canada,P10,Ocean,2026-10,30,Medium,0.82
LANE-015707,Thailand,P9,Rail,2026-09,11,Low,0.7
LANE-014705,Czech Republic,P8,Air,2025-09,2,Medium,3.62
LANE-009676,Turkey,P4,Rail,2026-06,13,Low,1.22
LANE-012719,France,P7,Ocean,2025-03,28,Low,0.72
LANE-010456,Vietnam,P2,Ocean,2025-06,32,Low,0.61
LANE-015862,Thailand,P11,Rail,2026-10,11,Low,1.06
LANE-006020,Brazil,P7,Truck,2026-02,1,Low,1.5
LANE-001726,Mexico,P11,Ocean,2025-10,23,High,0.85
LANE-001102,Mexico,P4,Truck,2025-02,4,Low,1.1
LANE-016366,United Kingdom,P5,Rail,2026-08,12,Medium,0.81
LANE-011441,Canada,P3,Air,2025-01,1,Low,3.95
LANE-016459,United Kingdom,P6,Ocean,2025-03,23,Low,0.49
LANE-013922,Spain,P10,Ocean,2026-06,27,Low,0.45
LANE-006542,Japan,P1,Ocean,2025-08,19,Low,
LANE-011344,Canada,P2,Rail,2026-02,12,Medium,1.23
LANE-015258,Thailand,P4,Truck,2025-12,5,Low,1.38
LANE-011045,Vietnam,P10,Ocean,2025-01,27,Medium,0.76
LANE-013592,Spain,P6,Ocean,2026-06,30,Low,0.65
LANE-004294,India,P9,Air,2025-04,1,Medium,2.62
LANE-004191,India,P8,Truck,2025-11,4,Low,1.14
LANE-011357,Canada,P2,Ocean,2025-05,29,Medium,0.86
LANE-008186,South Korea,P9,Air,2025-02,2,Low,2.42
LANE-003310,China,P8,Truck,2025-10,1,Low,1.18
LANE-008095,South Korea,P8,Ocean,2026-09,24,Low,0.49
LANE-004065,India,P6,Ocean,2026-05,19,Medium,0.66
LANE-009104,Italy,P8,Ocean,2026-06,27,Low,0.69
LANE-015784,Thailand,P10,Rail,2025-10,11,High,1.03
LANE-010460,Vietnam,P2,Ocean,2025-10,28,Low,0.49
LANE-011166,Vietnam,P11,Air,2025-12,3,Medium,3.77
LANE-007526,South Korea,P1,Ocean,2025-02,25,Low,0.74
LANE-006466,Brazil,P12,Ocean,2026-08,30,Low,0.66
LANE-010015,Turkey,P9,Truck,2025-05,4,High,0.89
LANE-006488,Brazil,P12,Air,2026-08,3,Low,3.8
LANE-006807,Japan,P4,Air,2025-09,2,Low,3.06
LANE-000417,United States,P6,Ocean,2026-09,26,Low,0.48
LANE-012911,France,P9,Ocean,2026-07,29,Low,0.65
LANE-011814,Canada,P8,Truck,2026-10,5,Medium,1.01
LANE-005912,Brazil,P5,Air,2026-04,3,Low,2.61
LANE-007985,South Korea,P7,Truck,2026-09,6,Low,1.2
LANE-012851,France,P9,Truck,2025-03,5,Low,1.42
LANE-012074,Canada,P11,Truck,2026-06,4,Medium,1.22
LANE-015719,Thailand,P9,Ocean,2025-11,28,High,0.84
LANE-009552,Turkey,P3,Truck,2025-04,4,Medium,1.04
LANE-008942,Italy,P6,Air,2025-10,3,Low,2.88
LANE-004460,India,P11,Ocean,2026-04,20,Low,0.77
LANE-011172,Vietnam,P11,Air,2026-06,2,Medium,3.71
LANE-002794,China,P2,Truck,2026-10,6,Medium,1.49
LANE-014524,Czech Republic,P6,Ocean,2025-04,31,Medium,0.86
LANE-004562,Poland,P1,Truck,2025-08,5,Medium,1.15
LANE-013948,Spain,P11,Truck,2026-10,5,Low,1.51
LANE-014008,Spain,P12,Truck,2026-04,4,High,0.85
LANE-005784,Brazil,P4,Truck,2026-08,4,High,1.58
LANE-007029,Japan,P7,Rail,2025-11,12,Low,1.16
LANE-015925,Thailand,P12,Truck,2026-07,4,High,0.99
LANE-005479,Poland,P12,Air,2025-01,2,Low,3.71
LANE-002316,Germany,P8,Truck,2025-06,4,Medium,0.87
LANE-005991,Brazil,P6,Air,2025-07,3,Low,2.9
LANE-004739,Poland,P3,Rail,2025-09,12,Medium,0.66
LANE-014919,Czech Republic,P11,Rail,2025-03,9,Low,0.98
LANE-003386,China,P9,Truck,2026-08,5,Low,0.94
LANE-012754,France,P7,Air,2026-04,2,High,3.08
LANE-013005,France,P11,Truck,2025-03,4,Medium,1.18
LANE-005259,Poland,P9,Ocean,2025-01,33,Medium,0.5
LANE-001311,Mexico,P6,Ocean,2026-01,27,Low,0.51
LANE-009054,Italy,P8,Truck,2025-12,3,Low,1.49
LANE-001758,Mexico,P11,Air,2026-08,2,Low,2.73
LANE-012616,France,P6,Truck,2025-10,5,Medium,0.88
LANE-004664,Poland,P2,Rail,2026-10,9,Low,1.13
LANE-007436,Japan,P12,Rail,2026-10,12,Medium,0.69
LANE-010518,Vietnam,P3,Ocean,2025-02,30,Low,0.76
LANE-006161,Brazil,P9,Truck,2025-01,5,Medium,1.15
LANE-016410,United Kingdom,P5,Air,2026-08,3,Low,2.41
LANE-015559,Thailand,P7,Air,2025-05,2,Low,3.22
LANE-007419,Japan,P12,Rail,2025-05,17,Medium,1.25
LANE-014332,Czech Republic,P4,Truck,2025-10,4,High,1.22
LANE-014608,Czech Republic,P7,Ocean,2026-10,21,Medium,0.52
LANE-014357,Czech Republic,P4,Rail,2026-01,13,Medium,0.81
LANE-014324,Czech Republic,P4,Truck,2025-02,5,High,0.82
LANE-002906,China,P3,Ocean,2025-02,27,Low,0.68
LANE-011856,Canada,P8,Ocean,2026-08,31,High,0.65
LANE-002360,Germany,P8,Ocean,2025-06,29,Medium,0.55
LANE-016667,United Kingdom,P9,Truck,2026-01,4,Medium,1.01
LANE-007039,Japan,P7,Rail,2026-09,10,Low,0.99
LANE-006033,Brazil,P7,Rail,2025-05,6,Low,1.07
LANE-004332,India,P10,Truck,2026-08,4,Medium,0.82
LANE-006560,Japan,P1,Air,2025-04,3,High,2.81
LANE-003372,China,P9,Truck,2025-06,6,Low,
LANE-003948,India,P5,Rail,2025-10,13,Medium,1.25
LANE-001327,Mexico,P6,Air,2025-07,3,Low,2.72
LANE-003867,India,P4,Truck,2026-05,6,Medium,0.94
LANE-014826,Czech Republic,P10,Truck,2026-08,4,Low,1.41
LANE-004140,India,P7,Ocean,2025-04,25,Low,0.5
LANE-005974,Brazil,P6,Ocean,2025-12,28,Low,0.76
LANE-001232,Mexico,P5,Ocean,2026-10,26,Low,
LANE-001054,Mexico,P3,Truck,2026-08,5,Low,
LANE-006949,Japan,P6,Rail,2026-07,13,Medium,0.66
LANE-003582,China,P12,Truck,2026-06,3,High,
LANE-005521,Brazil,P1,Truck,2026-09,6,Low,1.54
LANE-003087,China,P5,Ocean,2025-07,22,Medium,0.73
LANE-006495,Japan,P1,Truck,2025-05,5,Low,
LANE-014367,Czech Republic,P4,Ocean,2025-01,26,High,0.74
LANE-012526,France,P4,Air,2025-08,1,High,2.22
LANE-013638,Spain,P7,Truck,2026-08,4,Medium,1.52
LANE-000176,United States,P3,Ocean,2026-10,31,Medium,0.46
LANE-005921,Brazil,P6,Truck,2025-03,3,Low,1.22
LANE-011196,Vietnam,P12,Truck,2026-08,4,Low,1.09
LANE-006694,Japan,P3,Ocean,2025-06,26,Medium,0.62
LANE-000524,United States,P7,Air,2026-06,2,Medium,2.94
LANE-002662,Germany,P12,Rail,2026-10,11,Medium,1.15
LANE-011714,Canada,P6,Air,2025-10,3,Low,3.99
LANE-007042,Japan,P7,Ocean,2025-02,32,High,0.8
LANE-002648,Germany,P12,Rail,2025-08,11,Medium,
LANE-011084,Vietnam,P10,Air,2026-06,3,Low,3.77
LANE-015926,Thailand,P12,Truck,2026-08,4,High,
LANE-006024,Brazil,P7,Truck,2026-06,2,Low,1.59
LANE-000860,United States,P12,Air,2025-02,3,Low,3.15
LANE-005764,Brazil,P3,Air,2026-10,3,Medium,3.59
LANE-006278,Brazil,P10,Rail,2025-08,11,Low,1.13
LANE-005788,Brazil,P4,Rail,2025-02,13,Low,0.96
LANE-008008,South Korea,P7,Rail,2026-10,11,Low,0.69
LANE-005281,Poland,P10,Truck,2025-01,1,Medium,1.18
LANE-003259,China,P7,Ocean,2025-03,27,Low,0.7
LANE-008347,South Korea,P11,Ocean,2025-09,26,Low,0.73
LANE-000480,United States,P7,Rail,2026-06,11,Medium,1.02
LANE-014522,Czech Republic,P6,Ocean,2025-02,37,Medium,0.58
LANE-012035,Canada,P10,Air,2025-01,2,Low,3.79
LANE-008118,South Korea,P8,Air,2026-10,2,Low,3.32
LANE-006375,Brazil,P11,Rail,2026-05,15,Low,1.01
LANE-013399,Spain,P4,Rail,2025-01,15,Low,1.18
LANE-011567,Canada,P5,Truck,2026-05,5,High,1.15
LANE-008146,South Korea,P9,Rail,2025-06,12,High,1.01
LANE-016476,United Kingdom,P6,Ocean,2026-08,29,Low,0.45
LANE-015316,Thailand,P4,Air,2025-04,2,Low,3.2
LANE-006746,Japan,P4,Truck,2026-02,5,Low,
LANE-016772,United Kingdom,P10,Rail,2025-08,10,Medium,1.02
LANE-004634,Poland,P2,Truck,2026-02,4,Low,1.37
LANE-013815,Spain,P9,Rail,2026-09,8,Low,1.21
LANE-011209,Vietnam,P12,Rail,2025-11,14,High,0.89
LANE-012073,Canada,P11,Truck,2026-05,4,Medium,0.96
LANE-002187,Germany,P6,Truck,2025-09,5,Low,0.88
LANE-001631,Mexico,P10,Ocean,2025-03,28,Low,0.49
LANE-005399,Poland,P11,Air,2025-09,3,High,2.33
LANE-014579,Czech Republic,P7,Rail,2026-03,14,Low,0.88
LANE-002242,Germany,P6,Ocean,2026-08,27,High,0.83
LANE-015745,Thailand,P9,Air,2026-03,3,Low,3.91
LANE-007314,Japan,P10,Air,2025-10,3,Medium,3.44
LANE-015739,Thailand,P9,Air,2025-09,1,Low,3.57
LANE-010517,Vietnam,P3,Ocean,2025-01,27,Low,0.77
LANE-004286,India,P9,Rail,2026-06,10,Medium,1.11
LANE-002535,Germany,P11,Truck,2025-05,5,High,1.14
LANE-008006,South Korea,P7,Rail,2026-08,12,Low,0.69
LANE-008076,South Korea,P8,Ocean,2025-02,23,Low,0.84
LANE-003555,China,P11,Ocean,2026-01,25,Low,
LANE-007091,Japan,P8,Truck,2025-07,4,High,1.01
LANE-016768,United Kingdom,P10,Rail,2025-04,9,Medium,1.21
LANE-011522,Canada,P4,Ocean,2026-04,30,Low,0.73
LANE-015246,Thailand,P3,Ocean,2026-10,26,Low,0.47
LANE-002467,Germany,P10,Truck,2025-03,4,Medium,1.06
LANE-000694,United States,P10,Truck,2025-12,4,Low,0.97
LANE-005492,Poland,P12,Air,2026-02,3,Low,3.9
LANE-007174,Japan,P9,Truck,2025-02,4,High,1.23
LANE-014072,Spain,P12,Air,2026-02,3,Medium,3.56
LANE-007964,South Korea,P6,Air,2026-10,3,Low,2.64
LANE-006247,Brazil,P9,Air,2026-09,2,Low,3.36
LANE-011237,Vietnam,P12,Ocean,2026-05,27,Low,0.47
LANE-006840,Japan,P5,Truck,2026-08,4,Low,0.82
LANE-005856,Brazil,P5,Rail,2025-04,12,Medium,0.69
LANE-011473,Canada,P4,Truck,2025-11,3,Low,1.52
LANE-012581,France,P5,Rail,2026-07,12,Medium,0.66
LANE-012350,France,P2,Rail,2025-08,9,Low,0.87
LANE-006139,Brazil,P8,Air,2025-01,3,High,2.59
LANE-000438,United States,P6,Air,2026-08,3,Low,2.17
LANE-001587,Mexico,P10,Truck,2025-03,3,Low,0.85
LANE-005554,Brazil,P1,Ocean,2025-10,29,Medium,0.79
LANE-015075,Thailand,P1,Rail,2025-05,13,Low,0.76
LANE-015968,Thailand,P12,Ocean,2026-06,30,Medium,0.53
LANE-005981,Brazil,P6,Ocean,2026-07,30,Low,0.79
LANE-013607,Spain,P6,Air,2025-11,2,Medium,2.53
LANE-011578,Canada,P5,Rail,2025-06,12,Low,
LANE-003826,India,P3,Rail,2026-08,14,Low,1.21
LANE-009872,Turkey,P6,Air,2026-04,2,Low,3.99
LANE-015768,Thailand,P10,Truck,2026-04,5,Low,1.17
LANE-011320,Canada,P2,Truck,2025-12,4,Low,1.23
LANE-008723,Italy,P4,Truck,2025-11,4,Medium,1.41
LANE-001661,Mexico,P10,Air,2025-11,3,Low,3.84
LANE-005336,Poland,P11,Truck,2025-12,3,Low,1.52
LANE-009043,Italy,P8,Truck,2025-01,4,Low,1.06
LANE-003535,China,P11,Rail,2026-03,10,Medium,0.97
LANE-003311,China,P8,Truck,2025-11,2,Low,1.0
LANE-007924,South Korea,P6,Ocean,2025-04,34,Medium,0.57
LANE-002521,Germany,P10,Ocean,2026-01,27,Low,
LANE-016862,United Kingdom,P11,Rail,2025-10,13,Medium,0.92
LANE-004721,Poland,P3,Truck,2026-01,5,Low,1.06
LANE-015368,Thailand,P5,Rail,2025-12,11,Low,0.95
LANE-005676,Brazil,P2,Air,2026-10,3,Low,2.73
LANE-000593,United States,P8,Ocean,2026-09,31,Medium,0.67
LANE-002989,China,P4,Rail,2026-07,11,Medium,0.89
LANE-007521,South Korea,P1,Rail,2026-07,16,Medium,1.07
LANE-000922,Mexico,P1,Rail,2026-08,11,Medium,1.01
LANE-001493,Mexico,P8,Air,2026-07,2,Low,2.59
LANE-006652,Japan,P3,Truck,2025-08,5,Low,1.24
LANE-003190,China,P6,Ocean,2026-10,27,Medium,0.87
LANE-000741,United States,P10,Ocean,2026-03,31,Medium,0.49
LANE-000538,United States,P8,Truck,2025-10,6,High,1.31
LANE-014504,Czech Republic,P6,Rail,2025-06,14,Medium,1.05
LANE-002191,Germany,P6,Truck,2026-01,5,Low,1.45
LANE-012900,France,P9,Ocean,2025-08,34,Low,0.78
LANE-011662,Canada,P6,Rail,2025-02,10,Low,1.0
LANE-009760,Turkey,P5,Ocean,2026-02,26,Low,0.73
LANE-010907,Vietnam,P8,Rail,2026-05,10,Low,0.65
LANE-006784,Japan,P4,Ocean,2025-08,19,Low,0.81
LANE-015533,Thailand,P7,Ocean,2025-01,24,Low,0.47
LANE-005845,Brazil,P5,Truck,2026-03,4,Low,1.14
LANE-013220,Spain,P2,Truck,2026-08,5,Low,1.12
LANE-008930,Italy,P6,Ocean,2026-08,28,Low,0.7
LANE-001553,Mexico,P9,Ocean,2026-01,20,Low,0.52
LANE-002767,China,P1,Ocean,2026-05,27,Low,0.56
LANE-001546,Mexico,P9,Ocean,2025-06,25,Low,0.83
LANE-006814,Japan,P4,Air,2026-04,3,Low,
LANE-003090,China,P5,Ocean,2025-10,26,Medium,0.79
LANE-000713,United States,P10,Rail,2025-09,10,Low,0.74
LANE-005551,Brazil,P1,Ocean,2025-07,30,Medium,0.78
LANE-015360,Thailand,P5,Rail,2025-04,9,Low,
LANE-006723,Japan,P3,Air,2026-01,3,Low,3.55
LANE-012903,France,P9,Ocean,2025-11,26,Low,0.55
LANE-004651,Poland,P2,Rail,2025-09,14,Low,0.96
LANE-001318,Mexico,P6,Ocean,2026-08,18,Low,0.53
LANE-004003,India,P5,Air,2026-09,3,Low,3.22
LANE-004177,India,P7,Air,2026-07,2,Medium,2.15
LANE-002027,Germany,P3,Ocean,2025-03,29,Medium,0.76
LANE-016597,United Kingdom,P8,Rail,2025-09,12,Medium,1.16
LANE-000718,United States,P10,Rail,2026-02,9,Low,1.1
LANE-005864,Brazil,P5,Rail,2025-12,12,Medium,0.77
LANE-000855,United States,P12,Ocean,2026-07,27,Low,0.53
LANE-015213,Thailand,P3,Rail,2025-11,9,Low,0.82
LANE-012341,France,P2,Truck,2026-09,5,Medium,0.83
LANE-001341,Mexico,P6,Air,2026-09,3,Low,3.59
LANE-014079,Spain,P12,Air,2026-09,2,Medium,2.84
LANE-010453,Vietnam,P2,Ocean,2025-03,22,Low,0.58
LANE-007737,South Korea,P4,Rail,2026-03,12,Low,1.13
LANE-002128,Germany,P5,Truck,2026-04,1,Low,1.53
LANE-014126,Czech Republic,P1,Ocean,2025-02,23,Low,
LANE-000658,United States,P9,Ocean,2026-08,36,Medium,0.82
LANE-010761,Vietnam,P6,Ocean,2025-03,34,Low,0.81
LANE-010526,Vietnam,P3,Ocean,2025-10,36,Low,0.68
LANE-010431,Vietnam,P2,Rail,2025-03,11,High,1.03
LANE-014628,Czech Republic,P7,Air,2026-08,2,Low,3.8
LANE-007481,South Korea,P1,Truck,2025-01,6,Medium,1.17
LANE-006820,Japan,P4,Air,2026-10,3,Low,2.49
LANE-006655,Japan,P3,Truck,2025-11,5,Low,1.29
LANE-006802,Japan,P4,Air,2025-04,2,Low,2.77
LANE-005718,Brazil,P3,Rail,2026-08,12,High,0.97
LANE-001654,Mexico,P10,Air,2025-04,3,Low,3.42
LANE-007440,Japan,P12,Ocean,2025-04,30,Low,0.58
LANE-015713,Thailand,P9,Ocean,2025-05,31,High,0.87
LANE-015597,Thailand,P8,Truck,2026-09,4,Low,1.29
LANE-009577,Turkey,P3,Rail,2025-07,9,Low,0.7
LANE-012125,Canada,P11,Air,2025-03,2,Low,3.23
LANE-000526,United States,P7,Air,2026-08,3,Medium,2.74
LANE-016917,United Kingdom,P12,Truck,2026-09,3,High,1.55
LANE-005363,Poland,P11,Rail,2026-05,12,High,0.84
LANE-007119,Japan,P8,Rail,2026-01,13,Low,0.99
LANE-010879,Vietnam,P8,Truck,2025-11,5,Medium,1.3
LANE-014436,Czech Republic,P5,Ocean,2025-04,27,High,0.77
LANE-010959,Vietnam,P9,Rail,2025-03,8,Medium,0.78
LANE-004725,Poland,P3,Truck,2026-05,5,Low,1.53
LANE-001442,Mexico,P8,Rail,2025-12,11,Low,1.27
LANE-013699,Spain,P8,Truck,2026-03,5,Medium,1.11
LANE-012748,France,P7,Air,2025-10,3,High,4.08
LANE-010629,Vietnam,P5,Truck,2025-03,5,Low,0.8
LANE-001949,Germany,P2,Rail,2026-01,12,Low,0.8
LANE-013821,Spain,P9,Ocean,2025-05,23,Medium,0.74
LANE-011400,Canada,P3,Truck,2025-04,2,Low,1.39
LANE-013083,France,P12,Truck,2026-03,4,Medium,1.38
LANE-015580,Thailand,P8,Truck,2025-04,3,Low,1.54
LANE-001620,Mexico,P10,Rail,2026-02,10,Medium,
LANE-004226,India,P8,Ocean,2025-02,23,Low,0.83
LANE-011144,Vietnam,P11,Ocean,2025-12,25,Low,0.85
LANE-006113,Brazil,P8,Rail,2026-07,14,Low,1.21
LANE-011475,Canada,P4,Truck,2026-01,4,Low,1.44
LANE-000493,United States,P7,Ocean,2025-09,24,Medium,0.84
LANE-011647,Canada,P6,Truck,2025-09,5,Low,0.82
LANE-001081,Mexico,P3,Ocean,2025-03,29,Medium,0.61
LANE-003545,China,P11,Ocean,2025-03,24,Low,0.84
LANE-012849,France,P9,Truck,2025-01,5,Low,
LANE-000047,United States,P2,Truck,2025-03,1,Low,0.91
LANE-006230,Brazil,P9,Air,2025-04,2,Low,3.82
LANE-001248,Mexico,P5,Air,2026-04,3,High,2.28
LANE-015771,Thailand,P10,Truck,2026-07,4,Low,1.21
LANE-015950,Thailand,P12,Rail,2026-10,11,Medium,1.24
LANE-004090,India,P6,Air,2026-08,2,High,2.25
LANE-003936,India,P5,Truck,2026-08,5,Medium,1.31
LANE-016935,United Kingdom,P12,Rail,2026-05,8,Medium,0.74
LANE-000942,Mexico,P1,Ocean,2026-06,28,Medium,0.48
LANE-005432,Poland,P12,Truck,2026-08,3,Low,1.28
LANE-007197,Japan,P9,Rail,2025-03,15,Low,
LANE-012191,Canada,P12,Ocean,2025-03,22,Medium,0.73
LANE-011935,Canada,P9,Ocean,2025-11,29,High,0.87
LANE-009773,Turkey,P5,Air,2025-05,3,High,
LANE-013169,Spain,P1,Rail,2026-01,8,Medium,0.69
LANE-005674,Brazil,P2,Air,2026-08,3,Low,3.26
LANE-002273,Germany,P7,Rail,2025-07,8,Low,0.84
LANE-005602,Brazil,P2,Truck,2026-02,5,Low,1.17
LANE-013784,Spain,P9,Truck,2025-12,3,Low,1.0
LANE-016262,United Kingdom,P4,Rail,2025-04,10,Low,1.18
LANE-008586,Italy,P2,Rail,2025-06,12,Low,0.67
LANE-010736,Vietnam,P6,Truck,2026-10,6,Low,1.55
LANE-005660,Brazil,P2,Air,2025-06,3,Low,3.75
LANE-008477,Italy,P1,Truck,2025-07,4,Medium,
LANE-010215,Turkey,P11,Ocean,2025-07,18,Low,0.81
LANE-014987,Czech Republic,P12,Rail,2025-05,12,Medium,0.81
LANE-005880,Brazil,P5,Ocean,2025-06,27,Low,0.86
LANE-003968,India,P5,Ocean,2025-08,27,High,0.73
LANE-010289,Turkey,P12,Rail,2026-03,11,Low,1.18
LANE-007014,Japan,P7,Truck,2026-06,5,Medium,1.09
LANE-001231,Mexico,P5,Ocean,2026-09,19,Low,0.81
LANE-015204,Thailand,P3,Rail,2025-02,13,Low,1.17
LANE-009226,Italy,P10,Ocean,2025-08,31,Low,0.6
LANE-005386,Poland,P11,Ocean,2026-06,23,Medium,
LANE-004397,India,P10,Air,2026-07,2,Medium,3.41
LANE-004742,Poland,P3,Rail,2025-12,10,Medium,
LANE-011188,Vietnam,P12,Truck,2025-12,4,Low,0.9
LANE-006591,Japan,P2,Truck,2026-01,4,Medium,0.9
LANE-011150,Vietnam,P11,Ocean,2026-06,29,Low,0.83
LANE-016672,United Kingdom,P9,Truck,2026-06,5,Medium,1.31
LANE-015523,Thailand,P7,Rail,2026-01,13,Low,0.95
LANE-007673,South Korea,P3,Rail,2026-05,12,Medium,0.87
LANE-003602,China,P12,Rail,2026-04,11,Medium,1.12
LANE-005311,Poland,P10,Rail,2025-09,8,Low,0.78
LANE-002924,China,P3,Ocean,2026-08,33,Low,0.79
LANE-014305,Czech Republic,P3,Ocean,2025-05,21,Medium,0.79
LANE-002807,China,P2,Rail,2026-01,9,Low,0.83
LANE-003725,India,P2,Truck,2025-07,6,Low,1.04
LANE-001312,Mexico,P6,Ocean,2026-02,27,Low,0.45
LANE-004284,India,P9,Rail,2026-04,10,Medium,0.76
LANE-015188,Thailand,P3,Truck,2025-08,5,Low,0.84
LANE-014363,Czech Republic,P4,Rail,2026-07,15,Medium,1.27
LANE-005061,Poland,P7,Rail,2025-01,15,Low,0.93
LANE-003618,China,P12,Ocean,2025-10,22,Medium,0.64
LANE-010886,Vietnam,P8,Truck,2026-06,5,Medium,1.53
LANE-000534,United States,P8,Truck,2025-06,5,High,1.2
LANE-012638,France,P6,Rail,2025-10,10,Low,0.94
LANE-005827,Brazil,P4,Ocean,2026-07,31,Medium,0.8
LANE-004477,India,P12,Truck,2025-11,6,Medium,1.47
LANE-016179,United Kingdom,P3,Rail,2025-09,12,Low,1.12
LANE-006140,Brazil,P8,Air,2025-02,2,High,3.02
LANE-005599,Brazil,P2,Truck,2025-11,4,Low,
LANE-006623,Japan,P2,Ocean,2025-01,28,Low,0.61
LANE-015834,Thailand,P11,Truck,2026-04,4,High,1.04
LANE-012803,France,P8,Rail,2026-09,11,Medium,1.05
LANE-012179,Canada,P12,Rail,2026-01,10,Low,1.08
LANE-005837,Brazil,P5,Truck,2025-07,6,Low,1.05
LANE-013390,Spain,P4,Truck,2026-02,4,Low,1.13
LANE-001192,Mexico,P5,Rail,2025-04,12,Medium,1.12
LANE-014580,Czech Republic,P7,Rail,2026-04,10,Low,0.74
LANE-009123,Italy,P9,Truck,2026-03,5,Low,1.55
LANE-011638,Canada,P5,Air,2026-10,2,Low,3.02
LANE-014516,Czech Republic,P6,Rail,2026-06,13,Medium,1.0
LANE-000125,United States,P3,Truck,2026-03,4,Low,1.15
LANE-000052,United States,P2,Truck,2025-08,1,Low,1.36
LANE-001958,Germany,P2,Rail,2026-10,11,Low,1.05
LANE-013589,Spain,P6,Ocean,2026-03,19,Low,0.88
LANE-003747,India,P2,Rail,2025-07,11,Low,0.97
LANE-016416,United Kingdom,P6,Truck,2025-04,4,High,1.6
LANE-002701,Germany,P12,Air,2026-05,2,Low,2.46
LANE-011957,Canada,P9,Air,2025-11,3,Medium,3.85
LANE-007362,Japan,P11,Rail,2026-02,14,High,1.25
LANE-007542,South Korea,P1,Ocean,2026-06,28,Low,0.49
LANE-010693,Vietnam,P5,Air,2025-01,2,Medium,3.98
LANE-002909,China,P3,Ocean,2025-05,38,Low,0.63
LANE-006780,Japan,P4,Ocean,2025-04,25,Low,0.51
LANE-012347,France,P2,Rail,2025-05,13,Low,1.13
LANE-012042,Canada,P10,Air,2025-08,3,Low,3.6
LANE-009161,Italy,P9,Ocean,2025-09,21,Low,0.56
LANE-007329,Japan,P11,Truck,2025-03,4,Low,0.97
LANE-009383,Turkey,P1,Truck,2025-11,5,Medium,1.56
LANE-011405,Canada,P3,Truck,2025-09,1,Low,1.46
LANE-010648,Vietnam,P5,Truck,2026-10,5,Low,1.28
LANE-010202,Turkey,P11,Rail,2026-04,11,Low,0.81
LANE-003750,India,P2,Rail,2025-10,14,Low,0.82
LANE-014492,Czech Republic,P6,Truck,2026-04,5,Low,1.09
LANE-008170,South Korea,P9,Ocean,2025-08,22,Medium,0.47
LANE-001350,Mexico,P7,Truck,2025-08,4,High,1.24
LANE-013666,Spain,P7,Ocean,2025-04,23,High,0.58
LANE-006547,Japan,P1,Ocean,2026-01,24,Low,0.52
LANE-004254,India,P9,Truck,2025-08,1,Low,1.29
LANE-004609,Poland,P1,Ocean,2025-11,33,Medium,0.8
LANE-009814,Turkey,P6,Rail,2025-02,10,Low,0.84
LANE-005397,Poland,P11,Air,2025-07,2,High,2.1
LANE-010800,Vietnam,P6,Air,2026-08,2,Low,2.18
LANE-002569,Germany,P11,Rail,2026-05,12,High,1.06
LANE-015160,Thailand,P2,Ocean,2025-02,25,Medium,0.66
LANE-015485,Thailand,P6,Air,2026-07,2,Low,2.88
LANE-003540,China,P11,Rail,2026-08,12,Medium,0.78
LANE-005251,Poland,P9,Rail,2026-03,13,Low,1.19
LANE-013540,Spain,P6,Truck,2025-10,6,Low,1.53
LANE-015539,Thailand,P7,Ocean,2025-07,25,Low,0.5
LANE-001519,Mexico,P9,Rail,2025-01,14,Low,
LANE-016924,United Kingdom,P12,Rail,2025-06,11,Medium,1.09
LANE-008191,South Korea,P9,Air,2025-07,2,Low,2.23
LANE-006365,Brazil,P11,Rail,2025-07,11,Low,1.25
LANE-007882,South Korea,P6,Truck,2025-06,5,High,0.99
LANE-003377,China,P9,Truck,2025-11,4,Low,1.1
LANE-000446,United States,P7,Truck,2025-06,5,High,1.32
LANE-013609,Spain,P6,Air,2026-01,3,Medium,2.26
LANE-013458,Spain,P4,Air,2026-04,3,Low,
LANE-003741,India,P2,Rail,2025-01,11,Low,0.95
LANE-006483,Brazil,P12,Air,2026-03,3,Low,2.15
LANE-008468,South Korea,P12,Air,2026-08,2,Medium,2.73
LANE-001417,Mexico,P8,Truck,2025-09,5,Low,0.87
LANE-011600,Canada,P5,Ocean,2025-06,25,Low,0.5
LANE-006286,Brazil,P10,Rail,2026-04,14,Low,1.15
LANE-002457,Germany,P9,Ocean,2026-03,24,Low,0.64
LANE-008154,South Korea,P9,Rail,2026-02,10,High,0.89
LANE-005988,Brazil,P6,Air,2025-04,2,Low,2.09
LANE-008315,South Korea,P11,Truck,2026-09,4,Low,1.57
LANE-005274,Poland,P9,Ocean,2026-04,24,Medium,0.56
LANE-000931,Mexico,P1,Ocean,2025-07,26,Medium,0.54
LANE-010946,Vietnam,P9,Truck,2025-12,4,Medium,1.44
LANE-003281,China,P7,Air,2025-03,2,Low,2.93
LANE-004607,Poland,P1,Ocean,2025-09,28,Medium,0.53
LANE-011535,Canada,P4,Air,2025-07,2,Low,2.18
LANE-005542,Brazil,P1,Rail,2026-08,10,Medium,0.65
LANE-016785,United Kingdom,P10,Rail,2026-09,15,Medium,0.73
LANE-010552,Vietnam,P4,Truck,2026-02,4,Medium,1.41
LANE-008233,South Korea,P10,Rail,2025-05,10,Low,0.68
LANE-005241,Poland,P9,Rail,2025-05,11,Low,0.78
LANE-007892,South Korea,P6,Truck,2026-04,2,High,1.23
LANE-016223,United Kingdom,P3,Air,2025-09,3,Low,3.32
LANE-007781,South Korea,P4,Air,2026-03,2,Low,3.15
LANE-015529,Thailand,P7,Rail,2026-07,10,Low,0.99
LANE-013053,France,P11,Ocean,2025-07,35,Medium,0.87
LANE-001290,Mexico,P6,Rail,2026-02,10,Low,0.76
LANE-001967,Germany,P2,Ocean,2025-09,21,Low,0.74
LANE-010603,Vietnam,P4,Ocean,2026-09,29,Low,0.7
LANE-003513,China,P11,Truck,2026-03,6,Medium,0.85
LANE-003528,China,P11,Rail,2025-08,12,Medium,0.97
LANE-005214,Poland,P8,Air,2026-10,3,Medium,2.82
LANE-013593,Spain,P6,Ocean,2026-07,26,Low,0.61
LANE-009385,Turkey,P1,Truck,2026-01,4,Medium,1.46
LANE-011363,Canada,P2,Ocean,2025-11,24,Medium,0.82
LANE-012564,France,P5,Rail,2025-02,14,Medium,1.11
LANE-011568,Canada,P5,Truck,2026-06,3,High,1.25
LANE-003627,China,P12,Ocean,2026-07,28,Medium,0.88
LANE-011146,Vietnam,P11,Ocean,2026-02,32,Low,0.52
LANE-001460,Mexico,P8,Ocean,2025-08,31,Low,0.86
LANE-008020,South Korea,P7,Ocean,2025-12,32,Low,0.6
LANE-003200,China,P6,Air,2025-10,3,Medium,2.55
LANE-006052,Brazil,P7,Air,2025-02,1,High,3.3
LANE-007205,Japan,P9,Rail,2025-11,9,Low,0.86
LANE-007675,South Korea,P3,Rail,2026-07,11,Medium,0.8
LANE-011725,Canada,P6,Air,2026-09,3,Low,2.16
LANE-008104,South Korea,P8,Air,2025-08,2,Low,2.62
LANE-005202,Poland,P8,Air,2025-10,2,Medium,2.95
LANE-012602,France,P5,Ocean,2026-06,26,Low,0.58
LANE-012080,Canada,P11,Rail,2025-02,12,Low,0.74
LANE-008081,South Korea,P8,Ocean,2025-07,29,Low,0.56
LANE-015012,Czech Republic,P12,Ocean,2025-08,24,Low,0.5
LANE-002443,Germany,P9,Ocean,2025-01,28,Low,0.57
LANE-014411,Czech Republic,P5,Rail,2025-01,13,Low,1.07
LANE-015983,Thailand,P12,Air,2025-11,3,Low,3.43
LANE-002318,Germany,P8,Truck,2025-08,4,Medium,1.03
LANE-016563,United Kingdom,P7,Air,2026-07,2,Medium,2.54
LANE-014371,Czech Republic,P4,Ocean,2025-05,26,High,0.83
LANE-015896,Thailand,P11,Air,2025-12,2,Medium,3.7
LANE-012744,France,P7,Air,2025-06,3,High,2.97
LANE-009195,Italy,P10,Truck,2026-09,3,Low,0.87
LANE-013281,Spain,P2,Air,2026-03,3,Low,3.5
LANE-006827,Japan,P5,Truck,2025-07,4,Low,
LANE-014531,Czech Republic,P6,Ocean,2025-11,25,Medium,0.66
LANE-010958,Vietnam,P9,Rail,2025-02,10,Medium,0.75
LANE-006953,Japan,P6,Ocean,2025-01,32,Low,0.78
LANE-005744,Brazil,P3,Air,2025-02,2,Medium,2.27
LANE-014829,Czech Republic,P10,Rail,2025-01,12,Low,1.14
LANE-006606,Japan,P2,Rail,2025-06,11,Medium,
LANE-006037,Brazil,P7,Rail,2025-09,10,Low,0.94
LANE-016966,United Kingdom,P12,Air,2025-04,3,Low,3.23
LANE-000938,Mexico,P1,Ocean,2026-02,30,Medium,0.73
LANE-000054,United States,P2,Truck,2025-10,2,Low,
LANE-008880,Italy,P6,Truck,2026-02,4,Medium,1.09
LANE-005553,Brazil,P1,Ocean,2025-09,17,Medium,0.68
LANE-000779,United States,P11,Rail,2025-09,11,Low,1.19
LANE-015816,Thailand,P10,Ocean,2026-08,35,Low,0.67
LANE-012896,France,P9,Ocean,2025-04,29,Low,0.61
LANE-003224,China,P7,Truck,2025-12,4,Low,1.5
LANE-006341,Brazil,P11,Truck,2025-05,4,Medium,1.21
LANE-008757,Italy,P4,Ocean,2025-01,32,Low,0.56
LANE-016345,United Kingdom,P5,Truck,2026-09,5,Low,0.8
LANE-007851,South Korea,P5,Ocean,2026-07,25,Medium,0.86
LANE-000215,United States,P4,Truck,2026-05,4,Low,1.06
LANE-006046,Brazil,P7,Rail,2026-06,9,Low,0.68
LANE-014614,Czech Republic,P7,Air,2025-06,3,Low,2.18
LANE-003673,India,P1,Rail,2026-09,14,Medium,0.94
LANE-005312,Poland,P10,Rail,2025-10,10,Low,0.8
LANE-015093,Thailand,P1,Ocean,2025-01,28,High,
LANE-015415,Thailand,P6,Truck,2026-03,4,Low,1.57
LANE-016621,United Kingdom,P8,Ocean,2025-11,33,Medium,0.67
LANE-004600,Poland,P1,Ocean,2025-02,26,Medium,0.53
LANE-005086,Poland,P7,Ocean,2025-04,27,Low,0.87
LANE-000844,United States,P12,Ocean,2025-08,26,Low,0.63
LANE-009955,Turkey,P8,Truck,2025-11,4,Low,1.31
LANE-014407,Czech Republic,P5,Truck,2026-07,5,Low,0.94
LANE-006525,Japan,P1,Rail,2026-01,13,Low,0.98
LANE-000345,United States,P5,Ocean,2026-03,33,Low,0.77
LANE-008689,Italy,P3,Ocean,2026-09,28,High,0.83
LANE-001424,Mexico,P8,Truck,2026-04,5,Low,1.6
LANE-001390,Mexico,P7,Ocean,2025-04,27,Low,0.74
LANE-011813,Canada,P8,Truck,2026-09,4,Medium,0.92
LANE-015627,Thailand,P8,Ocean,2025-07,28,Low,0.84
LANE-012535,France,P4,Air,2026-05,1,High,2.55
LANE-011605,Canada,P5,Ocean,2025-11,33,Low,0.66
LANE-007878,South Korea,P6,Truck,2025-02,4,High,1.55
LANE-007691,South Korea,P3,Ocean,2026-01,25,High,0.76
LANE-000247,United States,P4,Ocean,2025-05,30,Low,0.49
LANE-013633,Spain,P7,Truck,2026-03,4,Medium,1.04
LANE-012985,France,P10,Ocean,2025-05,29,Low,0.44
LANE-011222,Vietnam,P12,Ocean,2025-02,27,Low,0.45
LANE-014858,Czech Republic,P10,Ocean,2025-08,23,Medium,0.71
LANE-012118,Canada,P11,Ocean,2026-06,35,Low,0.86
LANE-009673,Turkey,P4,Rail,2026-03,14,Low,0.79
LANE-006891,Japan,P5,Air,2025-05,4,High,3.19
LANE-002096,Germany,P4,Ocean,2025-06,24,High,0.77
LANE-004159,India,P7,Air,2025-01,2,Medium,3.49
LANE-002988,China,P4,Rail,2026-06,11,Medium,1.2
LANE-014424,Czech Republic,P5,Rail,2026-02,11,Low,0.67
LANE-010771,Vietnam,P6,Ocean,2026-01,30,Low,0.67
LANE-009650,Turkey,P4,Truck,2026-02,6,Low,1.47
LANE-016079,United Kingdom,P1,Air,2026-07,2,Low,2.5
LANE-011532,Canada,P4,Air,2025-04,3,Low,3.66
LANE-009877,Turkey,P6,Air,2026-09,3,Low,3.88
LANE-000678,United States,P9,Air,2026-06,2,Low,2.09
LANE-009313,Italy,P12,Truck,2025-07,5,High,1.01
LANE-014659,Czech Republic,P8,Rail,2025-07,13,Medium,0.89
LANE-006548,Japan,P1,Ocean,2026-02,30,Low,0.65
LANE-013062,France,P11,Ocean,2026-04,26,Medium,0.64
LANE-001573,Mexico,P9,Air,2025-11,3,Medium,3.21
LANE-004483,India,P12,Truck,2026-05,5,Medium,1.46
LANE-013579,Spain,P6,Ocean,2025-05,30,Low,0.6
LANE-007624,South Korea,P2,Air,2025-12,2,Medium,3.59
LANE-001556,Mexico,P9,Ocean,2026-04,25,Low,0.6
LANE-012369,France,P2,Ocean,2025-05,27,Medium,0.87
LANE-012777,France,P8,Truck,2026-05,5,Medium,1.41
LANE-010792,Vietnam,P6,Air,2025-12,2,Low,
LANE-013895,Spain,P10,Rail,2026-01,13,Low,0.98
LANE-015866,Thailand,P11,Ocean,2025-04,24,High,0.57
LANE-006194,Brazil,P9,Rail,2025-12,11,Medium,1.02
LANE-011032,Vietnam,P10,Rail,2025-10,14,Medium,1.16
LANE-005573,Brazil,P1,Air,2025-07,2,Medium,2.44
LANE-000573,United States,P8,Ocean,2025-01,26,Medium,0.47
LANE-006013,Brazil,P7,Truck,2025-07,1,Low,1.26
LANE-000271,United States,P4,Air,2025-07,2,Low,2.69
LANE-008479,Italy,P1,Truck,2025-09,4,Medium,1.14
LANE-015434,Thailand,P6,Rail,2025-12,15,Low,1.04
LANE-005286,Poland,P10,Truck,2025-06,2,Medium,1.24
LANE-007834,South Korea,P5,Ocean,2025-02,28,Medium,0.62
LANE-009573,Turkey,P3,Rail,2025-03,12,Low,1.06
LANE-013513,Spain,P5,Ocean,2025-05,31,Low,0.52
LANE-008592,Italy,P2,Rail,2025-12,11,Low,1.17
LANE-002196,Germany,P6,Truck,2026-06,5,Low,1.01
LANE-005816,Brazil,P4,Ocean,2025-08,27,Medium,0.45
LANE-002389,Germany,P8,Air,2026-01,3,Low,3.96
LANE-016803,United Kingdom,P10,Ocean,2026-05,30,Low,0.86
LANE-003136,China,P6,Truck,2025-12,4,Low,0.81
LANE-012093,Canada,P11,Rail,2026-03,11,Low,1.03
LANE-012846,France,P8,Air,2026-08,2,Low,4.02
LANE-001688,Mexico,P11,Truck,2026-04,6,Low,0.96
LANE-001378,Mexico,P7,Rail,2026-02,12,High,0.7
LANE-005779,Brazil,P4,Truck,2026-03,4,High,1.58
LANE-002673,Germany,P12,Ocean,2025-11,30,Low,0.77
LANE-002972,China,P4,Rail,2025-02,9,Medium,1.05
LANE-000739,United States,P10,Ocean,2026-01,23,Medium,0.76
LANE-006407,Brazil,P12,Truck,2025-05,4,Medium,1.57
LANE-012336,France,P2,Truck,2026-04,6,Medium,0.97
LANE-008577,Italy,P2,Truck,2026-07,4,Low,0.98
LANE-016195,United Kingdom,P3,Ocean,2025-03,23,Low,0.69
LANE-004044,India,P6,Rail,2026-06,10,Medium,1.18
LANE-009802,Turkey,P6,Truck,2025-12,5,Medium,1.58
LANE-013280,Spain,P2,Air,2026-02,3,Low,3.18
LANE-009273,Italy,P11,Rail,2025-11,12,Low,0.65
LANE-004941,Poland,P5,Ocean,2026-01,33,Low,0.73
LANE-006023,Brazil,P7,Truck,2026-05,1,Low,1.1
LANE-008615,Italy,P2,Ocean,2026-01,21,Low,0.47
LANE-016851,United Kingdom,P11,Truck,2026-09,5,Medium,0.89
LANE-004709,Poland,P3,Truck,2025-01,4,Low,1.28
LANE-006775,Japan,P4,Rail,2026-09,12,Low,0.93
LANE-002125,Germany,P5,Truck,2026-01,2,Low,1.45
LANE-006987,Japan,P6,Air,2026-01,2,Medium,3.71
LANE-002434,Germany,P9,Rail,2026-02,11,Low,0.85
LANE-000744,United States,P10,Ocean,2026-06,30,Medium,0.75
LANE-014691,Czech Republic,P8,Ocean,2026-05,29,Medium,0.6
LANE-007392,Japan,P11,Ocean,2026-10,23,Low,0.63
LANE-005524,Brazil,P1,Rail,2025-02,11,Medium,0.8
LANE-008259,South Korea,P10,Ocean,2025-09,25,Low,0.52
LANE-010737,Vietnam,P6,Rail,2025-01,12,Medium,0.76
LANE-010804,Vietnam,P7,Truck,2025-02,5,Low,1.24
LANE-006172,Brazil,P9,Truck,2025-12,6,Medium,1.28
LANE-015336,Thailand,P5,Truck,2025-02,4,Low,1.1
LANE-009024,Italy,P7,Air,2025-04,3,Medium,2.95
LANE-006455,Brazil,P12,Ocean,2025-09,21,Low,0.61
LANE-008516,Italy,P1,Ocean,2025-02,24,High,
LANE-016865,United Kingdom,P11,Rail,2026-01,12,Medium,1.09
LANE-008662,Italy,P3,Rail,2026-04,15,High,0.66
LANE-009182,Italy,P10,Truck,2025-08,5,Low,1.41
LANE-010444,Vietnam,P2,Rail,2026-04,9,High,1.23
LANE-006233,Brazil,P9,Air,2025-07,2,Low,2.73
LANE-001810,Mexico,P12,Ocean,2025-06,33,High,0.84
LANE-001085,Mexico,P3,Ocean,2025-07,24,Medium,0.76
LANE-009662,Turkey,P4,Rail,2025-04,9,Low,0.74
LANE-002848,China,P2,Air,2025-10,2,Low,3.53
LANE-008673,Italy,P3,Ocean,2025-05,27,High,
LANE-000783,United States,P11,Rail,2026-01,10,Low,
LANE-015564,Thailand,P7,Air,2025-10,2,Low,4.02
LANE-002709,China,P1,Truck,2025-03,4,Low,1.03
LANE-008490,Italy,P1,Truck,2026-08,4,Medium,1.21
LANE-001934,Germany,P2,Truck,2026-08,5,Low,1.47
LANE-005455,Poland,P12,Rail,2026-09,9,Low,0.75
LANE-003906,India,P4,Ocean,2025-12,25,Low,0.72
LANE-004241,India,P8,Ocean,2026-05,32,Low,0.51
LANE-001405,Mexico,P7,Ocean,2026-07,38,Low,0.79
LANE-002736,China,P1,Rail,2025-08,8,Medium,1.22
LANE-016254,United Kingdom,P4,Truck,2026-06,5,Medium,1.03
LANE-008382,South Korea,P11,Air,2026-10,2,Medium,2.14
LANE-016873,United Kingdom,P11,Rail,2026-09,12,Medium,1.13
LANE-015381,Thailand,P5,Ocean,2025-03,29,Medium,0.56
LANE-012218,Canada,P12,Air,2025-08,3,Medium,3.22
LANE-015047,Czech Republic,P12,Air,2026-09,2,Low,3.94
LANE-003599,China,P12,Rail,2026-01,10,Medium,1.01
LANE-006570,Japan,P1,Air,2026-02,2,High,3.41
LANE-002124,Germany,P5,Truck,2025-12,2,Low,0.97
LANE-010271,Turkey,P12,Truck,2026-07,4,Low,1.25
LANE-007589,South Korea,P2,Rail,2026-09,12,Low,1.18
LANE-008540,Italy,P1,Air,2025-04,2,Low,2.72
LANE-010568,Vietnam,P4,Rail,2025-08,12,Low,0.96
LANE-010173,Turkey,P11,Truck,2025-09,4,Low,0.97
LANE-006905,Japan,P5,Air,2026-07,3,High,2.43
LANE-016394,United Kingdom,P5,Air,2025-04,2,Low,3.53
LANE-015335,Thailand,P5,Truck,2025-01,4,Low,0.93
LANE-005589,Brazil,P2,Truck,2025-01,4,Low,1.46
LANE-005250,Poland,P9,Rail,2026-02,12,Low,0.84
LANE-009265,Italy,P11,Rail,2025-03,11,Low,1.09
LANE-011727,Canada,P7,Truck,2025-01,5,Low,1.51
LANE-004679,Poland,P2,Ocean,2026-03,22,Low,0.84
LANE-010928,Vietnam,P8,Ocean,2026-04,27,Low,
LANE-014242,Czech Republic,P2,Air,2025-08,3,High,
LANE-011025,Vietnam,P10,Rail,2025-03,13,Medium,1.13
LANE-006556,Japan,P1,Ocean,2026-10,27,Low,0.49
LANE-014376,Czech Republic,P4,Ocean,2025-10,22,High,0.6
LANE-016360,United Kingdom,P5,Rail,2026-02,13,Medium,0.9
LANE-016052,United Kingdom,P1,Ocean,2026-02,29,Low,0.79
LANE-008125,South Korea,P9,Truck,2025-07,4,Medium,1.52
LANE-001752,Mexico,P11,Air,2026-02,3,Low,3.25
LANE-006107,Brazil,P8,Rail,2026-01,14,Low,0.96
LANE-012281,France,P1,Ocean,2025-05,28,Medium,0.61
LANE-003451,China,P10,Truck,2026-07,4,Medium,0.85
LANE-011795,Canada,P8,Truck,2025-03,3,Medium,1.41
LANE-013329,Spain,P3,Rail,2026-07,11,Low,1.0
LANE-010945,Vietnam,P9,Truck,2025-11,4,Medium,
LANE-001132,Mexico,P4,Rail,2025-10,14,Low,0.76
LANE-016948,United Kingdom,P12,Ocean,2025-08,26,Low,0.73
LANE-002599,Germany,P11,Air,2025-03,2,Low,2.94
LANE-016191,United Kingdom,P3,Rail,2026-09,10,Low,1.23
LANE-008520,Italy,P1,Ocean,2025-06,28,High,0.87
LANE-009323,Italy,P12,Truck,2026-05,3,High,1.1
LANE-012816,France,P8,Ocean,2025-12,28,Low,0.79
LANE-005689,Brazil,P3,Truck,2026-01,3,Low,1.52
LANE-003333,China,P8,Rail,2025-11,8,High,0.82
LANE-003825,India,P3,Rail,2026-07,11,Low,1.24
LANE-013675,Spain,P7,Ocean,2026-01,30,High,0.75
LANE-000662,United States,P9,Air,2025-02,2,Low,2.9
LANE-004429,India,P11,Rail,2025-07,11,Low,1.02
LANE-003569,China,P12,Truck,2025-05,6,High,1.19
LANE-009815,Turkey,P6,Rail,2025-03,9,Low,0.84
LANE-011261,Canada,P1,Truck,2026-07,4,Low,1.07
LANE-016077,United Kingdom,P1,Air,2026-05,2,Low,3.46
LANE-015874,Thailand,P11,Ocean,2025-12,37,High,0.87
LANE-000261,United States,P4,Ocean,2026-07,25,Low,0.74
LANE-008211,South Korea,P10,Truck,2025-05,5,Medium,1.18
LANE-015849,Thailand,P11,Rail,2025-09,10,Low,1.02
LANE-011900,Canada,P9,Truck,2026-08,3,Low,1.2
LANE-004386,India,P10,Air,2025-08,3,Medium,3.57
LANE-013149,Spain,P1,Truck,2026-03,5,High,1.19
LANE-012238,France,P1,Truck,2025-06,4,Medium,1.4
LANE-003335,China,P8,Rail,2026-01,9,High,0.9
LANE-010085,Turkey,P10,Truck,2025-09,3,Medium,1.56
LANE-014219,Czech Republic,P2,Ocean,2025-07,25,Low,0.48
LANE-010113,Turkey,P10,Rail,2026-03,14,Medium,1.01
LANE-009324,Italy,P12,Truck,2026-06,5,High,1.17
LANE-011062,Vietnam,P10,Ocean,2026-06,24,Medium,0.48
LANE-006938,Japan,P6,Rail,2025-08,13,Medium,0.95
LANE-003288,China,P7,Air,2025-10,2,Low,3.91
LANE-012804,France,P8,Rail,2026-10,15,Medium,0.74
LANE-012455,France,P3,Air,2025-03,2,Medium,3.67
LANE-007450,Japan,P12,Ocean,2026-02,23,Low,0.71
LANE-001432,Mexico,P8,Rail,2025-02,10,Low,0.8
LANE-015063,Thailand,P1,Truck,2026-03,5,Medium,0.96
LANE-005173,Poland,P8,Ocean,2025-03,28,Low,0.58
LANE-000556,United States,P8,Rail,2025-06,13,Low,0.69
LANE-012956,France,P10,Truck,2026-08,4,Medium,1.14
LANE-010782,Vietnam,P6,Air,2025-02,1,Low,2.92
LANE-000745,United States,P10,Ocean,2026-07,30,Medium,0.6
LANE-009417,Turkey,P1,Ocean,2025-01,18,Low,0.63
LANE-006241,Brazil,P9,Air,2026-03,3,Low,3.99
LANE-003710,India,P1,Air,2026-02,3,Low,2.29
LANE-007901,South Korea,P6,Rail,2025-03,13,Low,1.19
LANE-016761,United Kingdom,P10,Truck,2026-07,5,Low,1.18
LANE-000465,United States,P7,Rail,2025-03,10,Medium,0.88
LANE-015339,Thailand,P5,Truck,2025-05,5,Low,1.08
LANE-005037,Poland,P6,Ocean,2026-09,28,High,0.8
LANE-003398,China,P9,Rail,2025-10,10,Medium,0.83
LANE-016501,United Kingdom,P7,Rail,2025-01,14,Medium,0.79
LANE-012886,France,P9,Rail,2026-04,12,Medium,0.82
LANE-008335,South Korea,P11,Rail,2026-07,12,Medium,1.06
LANE-012104,Canada,P11,Ocean,2025-04,25,Low,0.82
LANE-002744,China,P1,Rail,2026-04,13,Medium,1.09
LANE-013006,France,P11,Truck,2025-04,5,Medium,1.33
LANE-005792,Brazil,P4,Rail,2025-06,7,Low,1.12
LANE-014942,Czech Republic,P11,Ocean,2025-04,31,Medium,0.5
LANE-001652,Mexico,P10,Air,2025-02,2,Low,3.66
LANE-009752,Turkey,P5,Ocean,2025-06,25,Low,0.73
LANE-003089,China,P5,Ocean,2025-09,24,Medium,0.56
LANE-011601,Canada,P5,Ocean,2025-07,26,Low,0.48
LANE-007267,Japan,P10,Rail,2025-07,11,Medium,0.69
LANE-009672,Turkey,P4,Rail,2026-02,10,Low,0.94
LANE-009520,Turkey,P2,Ocean,2026-04,31,Medium,0.63
LANE-015448,Thailand,P6,Ocean,2025-04,30,High,0.82
LANE-007562,South Korea,P2,Truck,2026-04,5,Low,1.23
LANE-013071,France,P12,Truck,2025-03,4,Medium,1.44
LANE-007088,Japan,P8,Truck,2025-04,4,High,1.51
LANE-009667,Turkey,P4,Rail,2025-09,6,Low,1.11
LANE-015330,Thailand,P4,Air,2026-06,3,Low,3.71
LANE-004410,India,P11,Truck,2025-10,4,High,1.5
LANE-008392,South Korea,P12,Truck,2025-10,5,Low,0.89
LANE-012895,France,P9,Ocean,2025-03,34,Low,0.77
LANE-007126,Japan,P8,Rail,2026-08,11,Low,1.26
LANE-014533,Czech Republic,P6,Ocean,2026-01,28,Medium,0.68
LANE-012559,France,P5,Truck,2026-07,5,Medium,0.99
LANE-004007,India,P6,Truck,2025-03,5,Low,1.15
LANE-009194,Italy,P10,Truck,2026-08,5,Low,1.1
LANE-009804,Turkey,P6,Truck,2026-02,4,Medium,1.0
LANE-005011,Poland,P6,Rail,2026-05,11,Medium,0.75
LANE-014223,Czech Republic,P2,Ocean,2025-11,25,Low,0.82
LANE-013330,Spain,P3,Rail,2026-08,8,Low,0.71
LANE-009031,Italy,P7,Air,2025-11,2,Medium,3.68
LANE-009556,Turkey,P3,Truck,2025-08,4,Medium,0.85
LANE-007322,Japan,P10,Air,2026-06,3,Medium,2.48
LANE-010618,Vietnam,P4,Air,2026-02,2,Medium,3.62
LANE-001166,Mexico,P4,Ocean,2026-10,28,Low,0.66
LANE-009482,Turkey,P2,Truck,2026-10,6,Medium,1.09
LANE-016197,United Kingdom,P3,Ocean,2025-05,26,Low,0.5
LANE-003353,China,P8,Air,2025-09,1,Low,3.7
LANE-000397,United States,P6,Ocean,2025-01,37,Low,0.53
LANE-006956,Japan,P6,Ocean,2025-04,29,Low,0.83
LANE-000633,United States,P9,Rail,2026-05,11,Low,1.22
LANE-004712,Poland,P3,Truck,2025-04,5,Low,1.55
LANE-006925,Japan,P6,Truck,2026-05,6,Low,1.29
LANE-007945,South Korea,P6,Air,2025-03,3,Low,2.75
LANE-008582,Italy,P2,Rail,2025-02,14,Low,1.01
LANE-007857,South Korea,P5,Air,2025-03,3,Medium,3.63
LANE-007030,Japan,P7,Rail,2025-12,10,Low,1.18
LANE-005121,Poland,P7,Air,2026-05,2,Low,3.83
LANE-011820,Canada,P8,Rail,2025-06,12,Low,0.68
LANE-014709,Czech Republic,P8,Air,2026-01,2,Medium,2.91
LANE-008877,Italy,P6,Truck,2025-11,6,Medium,1.01
LANE-008656,Italy,P3,Rail,2025-10,13,High,1.2
LANE-007004,Japan,P7,Truck,2025-08,4,Medium,1.28
LANE-016977,United Kingdom,P12,Air,2026-03,3,Low,
LANE-013712,Spain,P8,Rail,2025-06,12,Low,1.05
LANE-015476,Thailand,P6,Air,2025-10,2,Low,2.39
LANE-013531,Spain,P6,Truck,2025-01,5,Low,1.0
LANE-000133,United States,P3,Rail,2025-01,11,Medium,1.19
LANE-009318,Italy,P12,Truck,2025-12,4,High,1.46
LANE-004542,India,P12,Air,2025-10,3,Medium,2.43
LANE-013087,France,P12,Truck,2026-07,5,Medium,1.42
LANE-007541,South Korea,P1,Ocean,2026-05,20,Low,0.6
LANE-014075,Spain,P12,Air,2026-05,2,Medium,2.21
LANE-008907,Italy,P6,Rail,2026-07,13,Low,1.22
LANE-007186,Japan,P9,Truck,2026-02,4,High,1.42
LANE-005129,Poland,P8,Truck,2025-03,4,High,1.21
LANE-004310,India,P9,Air,2026-08,1,Medium,4.06
LANE-006097,Brazil,P8,Rail,2025-03,9,Low,1.16
LANE-001544,Mexico,P9,Ocean,2025-04,18,Low,0.85
LANE-011884,Canada,P9,Truck,2025-04,5,Low,0.97
LANE-015178,Thailand,P2,Ocean,2026-08,24,Medium,0.49
LANE-003658,India,P1,Rail,2025-06,15,Medium,1.03
LANE-009847,Turkey,P6,Ocean,2026-01,27,Low,0.65
LANE-006444,Brazil,P12,Rail,2026-08,12,Medium,0.8
LANE-007927,South Korea,P6,Ocean,2025-07,28,Medium,0.63
LANE-000827,United States,P12,Rail,2026-01,12,Low,0.82
LANE-002740,China,P1,Rail,2025-12,15,Medium,0.77
LANE-015937,Thailand,P12,Rail,2025-09,9,Medium,1.19
LANE-009795,Turkey,P6,Truck,2025-05,5,Medium,1.02
LANE-016677,United Kingdom,P9,Rail,2025-01,10,High,0.85
LANE-004579,Poland,P1,Rail,2025-03,13,High,0.65
LANE-002112,Germany,P4,Ocean,2026-10,37,High,0.65
LANE-000441,United States,P7,Truck,2025-01,4,High,1.56
LANE-007621,South Korea,P2,Air,2025-09,2,Medium,2.86
LANE-016756,United Kingdom,P10,Truck,2026-02,4,Low,1.54
LANE-002627,Germany,P12,Truck,2025-09,4,High,1.28
LANE-005774,Brazil,P4,Truck,2025-10,4,High,1.22
LANE-008580,Italy,P2,Truck,2026-10,5,Low,1.08
LANE-006379,Brazil,P11,Rail,2026-09,10,Low,0.85
LANE-011539,Canada,P4,Air,2025-11,3,Low,3.91
LANE-001974,Germany,P2,Ocean,2026-04,31,Low,0.49
LANE-013861,Spain,P10,Truck,2025-01,3,High,1.32
LANE-012866,France,P9,Truck,2026-06,4,Low,1.22
LANE-004813,Poland,P4,Truck,2026-05,4,Medium,1.57
LANE-007638,South Korea,P3,Truck,2025-04,4,Low,1.31
LANE-012547,France,P5,Truck,2025-07,5,Medium,1.13
LANE-001163,Mexico,P4,Ocean,2026-07,30,Low,0.54
LANE-001129,Mexico,P4,Rail,2025-07,11,Low,0.72
LANE-009660,Turkey,P4,Rail,2025-02,11,Low,0.84
LANE-004266,India,P9,Truck,2026-08,1,Low,1.5
LANE-014954,Czech Republic,P11,Ocean,2026-04,31,Medium,0.84
LANE-015305,Thailand,P4,Ocean,2026-03,21,Low,0.45
LANE-005908,Brazil,P5,Air,2025-12,3,Low,3.55
LANE-015878,Thailand,P11,Ocean,2026-04,27,High,0.48
LANE-005087,Poland,P7,Ocean,2025-05,34,Low,0.53
LANE-007136,Japan,P8,Ocean,2025-08,29,Low,0.49
LANE-004079,India,P6,Air,2025-09,2,High,4.16
LANE-011816,Canada,P8,Rail,2025-02,13,Low,1.16
LANE-008042,South Korea,P8,Truck,2025-12,4,High,
LANE-003007,China,P4,Ocean,2026-03,29,Low,0.59
LANE-002651,Germany,P12,Rail,2025-11,14,Medium,0.78
LANE-006469,Brazil,P12,Air,2025-01,2,Low,4.03
LANE-014158,Czech Republic,P1,Air,2025-12,3,Low,2.2
LANE-013020,France,P11,Truck,2026-06,5,Medium,1.4
LANE-012630,France,P6,Rail,2025-02,9,Low,1.19
LANE-004069,India,P6,Ocean,2026-09,30,Medium,0.79
LANE-014413,Czech Republic,P5,Rail,2025-03,9,Low,1.07
LANE-014105,Czech Republic,P1,Rail,2025-03,10,Low,1.23
LANE-000010,United States,P1,Truck,2025-10,1,Low,1.25
LANE-014290,Czech Republic,P3,Rail,2025-12,11,Medium,0.69
LANE-013335,Spain,P3,Ocean,2025-03,30,Low,0.53
LANE-001157,Mexico,P4,Ocean,2026-01,32,Low,0.73
LANE-008004,South Korea,P7,Rail,2026-06,14,Low,0.95
LANE-004650,Poland,P2,Rail,2025-08,12,Low,0.96
LANE-006267,Brazil,P10,Truck,2026-07,4,Low,1.16
LANE-014348,Czech Republic,P4,Rail,2025-04,10,Medium,1.03
LANE-007232,Japan,P9,Ocean,2026-04,27,Low,0.58
LANE-000514,United States,P7,Air,2025-08,3,Medium,2.92
LANE-005557,Brazil,P1,Ocean,2026-01,24,Medium,0.74
LANE-016372,United Kingdom,P5,Ocean,2025-04,22,Low,
LANE-013137,Spain,P1,Truck,2025-03,4,High,1.21
LANE-006170,Brazil,P9,Truck,2025-10,5,Medium,1.15
LANE-011513,Canada,P4,Ocean,2025-07,28,Low,0.48
LANE-015791,Thailand,P10,Rail,2026-05,11,High,0.9
LANE-014275,Czech Republic,P3,Truck,2026-07,5,Medium,1.03
LANE-012642,France,P6,Rail,2026-02,14,Low,0.65
LANE-011165,Vietnam,P11,Air,2025-11,2,Medium,4.12
LANE-010432,Vietnam,P2,Rail,2025-04,10,High,1.24
LANE-008340,South Korea,P11,Ocean,2025-02,29,Low,0.72
LANE-013027,France,P11,Rail,2025-03,14,Medium,1.03
LANE-014127,Czech Republic,P1,Ocean,2025-03,29,Low,0.66
LANE-002407,Germany,P9,Truck,2025-09,5,Medium,1.12
LANE-002891,China,P3,Rail,2025-09,12,Medium,1.25
LANE-011328,Canada,P2,Truck,2026-08,6,Low,1.12
LANE-009729,Turkey,P5,Rail,2025-05,11,Medium,1.04
LANE-010491,Vietnam,P3,Truck,2026-07,5,Medium,0.95
LANE-007187,Japan,P9,Truck,2026-03,5,High,0.88
LANE-010640,Vietnam,P5,Truck,2026-02,4,Low,1.48
LANE-001822,Mexico,P12,Ocean,2026-06,30,High,0.47
LANE-014995,Czech Republic,P12,Rail,2026-01,11,Medium,0.71
LANE-007024,Japan,P7,Rail,2025-06,11,Low,1.02
LANE-013644,Spain,P7,Rail,2025-04,12,Low,1.09
LANE-014679,Czech Republic,P8,Ocean,2025-05,28,Medium,0.55
LANE-016845,United Kingdom,P11,Truck,2026-03,6,Medium,0.86
LANE-012359,France,P2,Rail,2026-05,12,Low,0.86
LANE-013777,Spain,P9,Truck,2025-05,4,Low,1.53
LANE-014719,Czech Republic,P9,Truck,2025-01,4,Medium,0.82
LANE-002249,Germany,P7,Truck,2025-05,4,High,1.56
LANE-000118,United States,P3,Truck,2025-08,5,Low,0.96
LANE-004229,India,P8,Ocean,2025-05,31,Low,0.71
LANE-007098,Japan,P8,Truck,2026-02,4,High,1.19
LANE-003620,China,P12,Ocean,2025-12,28,Medium,0.51
LANE-004834,Poland,P4,Rail,2026-04,11,Low,0.8
LANE-015454,Thailand,P6,Ocean,2025-10,24,High,
LANE-008655,Italy,P3,Rail,2025-09,13,High,0.95
LANE-002219,Germany,P6,Rail,2026-07,9,Low,1.23
LANE-009622,Turkey,P3,Air,2025-08,3,Low,3.73
LANE-007705,South Korea,P4,Truck,2025-05,3,Low,1.04
LANE-016539,United Kingdom,P7,Ocean,2026-05,28,High,0.59
LANE-014930,Czech Republic,P11,Rail,2026-02,11,Low,1.18
LANE-006879,Japan,P5,Ocean,2026-03,28,Low,0.78
LANE-006061,Brazil,P7,Air,2025-11,1,High,3.25
LANE-001663,Mexico,P10,Air,2026-01,2,Low,3.95
LANE-010807,Vietnam,P7,Truck,2025-05,3,Low,0.82
LANE-016070,United Kingdom,P1,Air,2025-10,2,Low,3.32
LANE-011012,Vietnam,P10,Truck,2025-12,5,Medium,0.91
LANE-007604,South Korea,P2,Ocean,2026-02,27,Low,0.63
LANE-009434,Turkey,P1,Ocean,2026-06,22,Low,0.67
LANE-001550,Mexico,P9,Ocean,2025-10,23,Low,0.48
LANE-014255,Czech Republic,P2,Air,2026-09,2,High,2.68
LANE-004006,India,P6,Truck,2025-02,5,Low,1.6
LANE-007657,South Korea,P3,Rail,2025-01,14,Medium,0.66
LANE-003632,India,P1,Truck,2025-02,4,Medium,1.51
LANE-011223,Vietnam,P12,Ocean,2025-03,28,Low,0.87
LANE-007930,South Korea,P6,Ocean,2025-10,22,Medium,0.47
LANE-010207,Turkey,P11,Rail,2026-09,12,Low,0.92
LANE-007235,Japan,P9,Ocean,2026-07,20,Low,0.61
LANE-014423,Czech Republic,P5,Rail,2026-01,14,Low,1.22
LANE-009003,Italy,P7,Ocean,2025-05,29,Medium,0.52
LANE-009491,Turkey,P2,Rail,2025-09,13,Medium,0.97
LANE-004404,India,P11,Truck,2025-04,5,High,1.06
LANE-000499,United States,P7,Ocean,2026-03,28,Medium,0.49
LANE-009583,Turkey,P3,Rail,2026-01,10,Low,1.16
LANE-010036,Turkey,P9,Rail,2025-04,14,Medium,0.77
LANE-005796,Brazil,P4,Rail,2025-10,11,Low,0.97
LANE-009783,Turkey,P5,Air,2026-03,2,High,4.05
LANE-015361,Thailand,P5,Rail,2025-05,16,Low,1.16
LANE-004921,Poland,P5,Rail,2026-03,10,Medium,0.97
LANE-001994,Germany,P3,Truck,2026-02,6,Medium,0.96
LANE-001724,Mexico,P11,Ocean,2025-08,30,High,0.77
LANE-015247,Thailand,P4,Truck,2025-01,3,Low,1.39
LANE-002253,Germany,P7,Truck,2025-09,3,High,1.11
LANE-013626,Spain,P7,Truck,2025-08,4,Medium,1.3
LANE-009473,Turkey,P2,Truck,2026-01,6,Medium,1.21
LANE-010595,Vietnam,P4,Ocean,2026-01,27,Low,0.44
LANE-006930,Japan,P6,Truck,2026-10,5,Low,
LANE-013943,Spain,P11,Truck,2026-05,3,Low,1.23
LANE-006833,Japan,P5,Truck,2026-01,5,Low,1.02
LANE-008613,Italy,P2,Ocean,2025-11,31,Low,0.86
LANE-011759,Canada,P7,Rail,2025-11,14,Low,1.24
LANE-002998,China,P4,Ocean,2025-06,32,Low,0.69
LANE-008805,Italy,P5,Rail,2025-05,10,Low,1.09
LANE-007182,Japan,P9,Truck,2025-10,4,High,0.94
LANE-000529,United States,P8,Truck,2025-01,4,High,1.59
LANE-009986,Turkey,P8,Rail,2026-08,12,Low,1.05
LANE-004899,Poland,P5,Truck,2026-03,5,High,1.3
LANE-001650,Mexico,P10,Ocean,2026-10,25,Low,0.66
LANE-010442,Vietnam,P2,Rail,2026-02,12,High,1.17
LANE-007317,Japan,P10,Air,2026-01,2,Medium,2.65
LANE-007627,South Korea,P2,Air,2026-03,3,Medium,3.81
LANE-001471,Mexico,P8,Ocean,2026-07,22,Low,0.85
LANE-000007,United States,P1,Truck,2025-07,1,Low,1.42
LANE-006535,Japan,P1,Ocean,2025-01,25,Low,
LANE-009668,Turkey,P4,Rail,2025-10,13,Low,1.25
LANE-010597,Vietnam,P4,Ocean,2026-03,29,Low,0.66
LANE-005817,Brazil,P4,Ocean,2025-09,24,Medium,0.51
LANE-003890,India,P4,Rail,2026-06,12,Low,0.78
LANE-016881,United Kingdom,P11,Ocean,2025-07,27,Low,0.73
LANE-007132,Japan,P8,Ocean,2025-04,22,Low,0.7
LANE-015347,Thailand,P5,Truck,2026-01,4,Low,0.95
LANE-009499,Turkey,P2,Rail,2026-05,13,Medium,1.22
LANE-015512,Thailand,P7,Rail,2025-02,11,Low,0.71
LANE-016973,United Kingdom,P12,Air,2025-11,2,Low,
LANE-014895,Czech Republic,P11,Truck,2025-01,4,Medium,
LANE-003299,China,P7,Air,2026-09,3,Low,3.24
LANE-003956,India,P5,Rail,2026-06,13,Medium,1.15
LANE-000668,United States,P9,Air,2025-08,2,Low,3.49
LANE-009394,Turkey,P1,Truck,2026-10,6,Medium,1.11
LANE-001776,Mexico,P12,Truck,2026-04,4,High,0.9
LANE-011240,Vietnam,P12,Ocean,2026-08,24,Low,0.69
LANE-008773,Italy,P4,Ocean,2026-05,34,Low,0.74
LANE-015568,Thailand,P7,Air,2026-02,3,Low,4.08
LANE-006810,Japan,P4,Air,2025-12,3,Low,4.05
LANE-002060,Germany,P4,Truck,2026-02,4,Low,
LANE-013154,Spain,P1,Truck,2026-08,5,High,0.81
LANE-005222,Poland,P9,Truck,2025-08,4,Low,1.17
LANE-008932,Italy,P6,Ocean,2026-10,28,Low,0.62
LANE-014007,Spain,P12,Truck,2026-03,6,High,1.55
LANE-012548,France,P5,Truck,2025-08,5,Medium,1.59
LANE-007968,South Korea,P7,Truck,2025-04,5,Low,1.35
LANE-004087,India,P6,Air,2026-05,3,High,4.0
LANE-011135,Vietnam,P11,Ocean,2025-03,25,Low,0.46
LANE-013813,Spain,P9,Rail,2026-07,10,Low,0.71
LANE-003434,China,P10,Truck,2025-02,4,Medium,1.2
LANE-015518,Thailand,P7,Rail,2025-08,11,Low,0.77
LANE-013684,Spain,P7,Ocean,2026-10,25,High,0.86
LANE-014611,Czech Republic,P7,Air,2025-03,2,Low,2.15
LANE-004556,Poland,P1,Truck,2025-02,6,Medium,1.21
LANE-016535,United Kingdom,P7,Ocean,2026-01,35,High,0.84
LANE-003829,India,P3,Ocean,2025-01,24,Low,0.86
LANE-015064,Thailand,P1,Truck,2026-04,5,Medium,1.39
LANE-013953,Spain,P11,Rail,2025-05,10,High,0.76
LANE-010606,Vietnam,P4,Air,2025-02,3,Medium,2.53
LANE-005509,Brazil,P1,Truck,2025-09,5,Low,1.17
LANE-003042,China,P5,Truck,2025-06,5,Low,1.38
LANE-011319,Canada,P2,Truck,2025-11,5,Low,1.43
LANE-011943,Canada,P9,Ocean,2026-07,31,High,0.71
LANE-006892,Japan,P5,Air,2025-06,3,High,2.59
LANE-013835,Spain,P9,Ocean,2026-07,26,Medium,0.78
LANE-013650,Spain,P7,Rail,2025-10,12,Low,0.92
LANE-007666,South Korea,P3,Rail,2025-10,9,Medium,
LANE-016649,United Kingdom,P8,Air,2026-05,3,Low,3.64
LANE-007238,Japan,P9,Ocean,2026-10,26,Low,0.47
LANE-014301,Czech Republic,P3,Ocean,2025-01,30,Medium,0.85
LANE-001933,Germany,P2,Truck,2026-07,5,Low,0.88
LANE-004158,India,P7,Ocean,2026-10,33,Low,0.61
LANE-001455,Mexico,P8,Ocean,2025-03,29,Low,0.53
LANE-012332,France,P2,Truck,2025-12,4,Medium,1.47
LANE-005334,Poland,P11,Truck,2025-10,6,Low,0.94
LANE-009670,Turkey,P4,Rail,2025-12,12,Low,1.08
LANE-003214,China,P7,Truck,2025-02,5,Low,1.39
LANE-016209,United Kingdom,P3,Ocean,2026-05,20,Low,0.54
LANE-011026,Vietnam,P10,Rail,2025-04,13,Medium,1.11
LANE-003119,China,P5,Air,2026-05,2,Low,2.32
LANE-010204,Turkey,P11,Rail,2026-06,12,Low,1.2
LANE-014315,Czech Republic,P3,Ocean,2026-03,28,Medium,0.84
LANE-008482,Italy,P1,Truck,2025-12,3,Medium,1.05
LANE-009052,Italy,P8,Truck,2025-10,4,Low,1.37
LANE-000411,United States,P6,Ocean,2026-03,29,Low,
LANE-000682,United States,P9,Air,2026-10,2,Low,2.59
LANE-011923,Canada,P9,Rail,2026-09,10,Medium,0.76
LANE-004287,India,P9,Rail,2026-07,8,Medium,
LANE-016515,United Kingdom,P7,Rail,2026-03,12,Medium,0.66
LANE-011658,Canada,P6,Truck,2026-08,4,Low,1.56
LANE-011218,Vietnam,P12,Rail,2026-08,12,High,1.21
LANE-004859,Poland,P4,Ocean,2026-07,25,Medium,0.65
LANE-008314,South Korea,P11,Truck,2026-08,5,Low,1.43
LANE-003967,India,P5,Ocean,2025-07,31,High,0.48
LANE-009543,Turkey,P2,Air,2026-05,3,Medium,2.34
LANE-009601,Turkey,P3,Ocean,2025-09,31,Low,0.53
LANE-015971,Thailand,P12,Ocean,2026-09,25,Medium,0.58
LANE-015635,Thailand,P8,Ocean,2026-03,29,Low,0.46
LANE-011419,Canada,P3,Rail,2025-01,10,Low,1.2
LANE-016712,United Kingdom,P9,Ocean,2026-02,29,High,0.84
LANE-008430,South Korea,P12,Ocean,2025-04,33,Low,0.86
LANE-009780,Turkey,P5,Air,2025-12,3,High,
LANE-009251,Italy,P11,Truck,2025-11,4,Low,1.6
LANE-006946,Japan,P6,Rail,2026-04,11,Medium,0.91
LANE-000720,United States,P10,Rail,2026-04,11,Low,0.73
LANE-013287,Spain,P2,Air,2026-09,2,Low,4.01
LANE-014160,Czech Republic,P1,Air,2026-02,2,Low,
LANE-000672,United States,P9,Air,2025-12,3,Low,3.38
LANE-015041,Czech Republic,P12,Air,2026-03,2,Low,
LANE-013212,Spain,P2,Truck,2025-12,3,Low,1.22
LANE-002295,Germany,P7,Ocean,2025-07,19,Medium,0.58
LANE-012469,France,P3,Air,2026-05,2,Medium,4.1
LANE-013435,Spain,P4,Ocean,2026-03,26,Low,0.87
LANE-008241,South Korea,P10,Rail,2026-01,9,Low,0.81
LANE-005565,Brazil,P1,Ocean,2026-09,18,Medium,0.48
LANE-002884,China,P3,Rail,2025-02,13,Medium,1.05
LANE-001278,Mexico,P6,Rail,2025-02,13,Low,1.18
LANE-001959,Germany,P2,Ocean,2025-01,30,Low,0.79
LANE-000498,United States,P7,Ocean,2026-02,28,Medium,0.53
LANE-014172,Czech Republic,P2,Truck,2025-04,4,Low,1.28
LANE-007006,Japan,P7,Truck,2025-10,4,Medium,
LANE-000309,United States,P5,Rail,2025-01,11,Low,0.88
LANE-010081,Turkey,P10,Truck,2025-05,4,Medium,0.88
LANE-004306,India,P9,Air,2026-04,1,Medium,2.97
LANE-014640,Czech Republic,P8,Truck,2025-10,5,Medium,1.35
LANE-014669,Czech Republic,P8,Rail,2026-05,9,Medium,0.79
LANE-014587,Czech Republic,P7,Ocean,2025-01,29,Medium,0.71
LANE-012346,France,P2,Rail,2025-04,10,Low,0.74
LANE-006500,Japan,P1,Truck,2025-10,4,Low,1.04
LANE-003522,China,P11,Rail,2025-02,13,Medium,0.75
LANE-015831,Thailand,P11,Truck,2026-01,3,High,1.38
LANE-002850,China,P2,Air,2025-12,3,Low,2.18
LANE-001632,Mexico,P10,Ocean,2025-04,29,Low,0.69
LANE-009454,Turkey,P1,Air,2026-04,3,High,3.08
LANE-009263,Italy,P11,Rail,2025-01,12,Low,1.15
LANE-006071,Brazil,P7,Air,2026-09,1,High,2.56
LANE-010375,Vietnam,P1,Ocean,2026-01,34,Low,0.68
LANE-010749,Vietnam,P6,Rail,2026-01,10,Medium,0.74
LANE-009343,Italy,P12,Rail,2026-03,14,Low,1.15
LANE-006357,Brazil,P11,Truck,2026-09,4,Medium,1.05
LANE-015198,Thailand,P3,Truck,2026-06,5,Low,0.85
LANE-005886,Brazil,P5,Ocean,2025-12,24,Low,0.74
LANE-011852,Canada,P8,Ocean,2026-04,31,High,
LANE-011844,Canada,P8,Ocean,2025-08,28,High,0.64
LANE-005583,Brazil,P1,Air,2026-05,3,Medium,3.55
LANE-016737,United Kingdom,P9,Air,2026-05,2,Medium,2.16
LANE-004703,Poland,P2,Air,2026-05,2,Low,3.42
LANE-003512,China,P11,Truck,2026-02,4,Medium,1.07
LANE-016533,United Kingdom,P7,Ocean,2025-11,27,High,0.46
LANE-012329,France,P2,Truck,2025-09,5,Medium,1.06
LANE-015600,Thailand,P8,Rail,2025-02,13,Low,1.16
LANE-016108,United Kingdom,P2,Rail,2025-04,12,High,1.28
LANE-009336,Italy,P12,Rail,2025-08,12,Low,0.85
LANE-006440,Brazil,P12,Rail,2026-04,11,Medium,1.11
LANE-011676,Canada,P6,Rail,2026-04,11,Low,0.7
LANE-014165,Czech Republic,P1,Air,2026-07,3,Low,3.9
LANE-012925,France,P9,Air,2025-11,3,Medium,2.72
LANE-006563,Japan,P1,Air,2025-07,3,High,3.12
LANE-014392,Czech Republic,P5,Truck,2025-04,4,Low,0.97
LANE-013430,Spain,P4,Ocean,2025-10,27,Low,0.49
LANE-003571,China,P12,Truck,2025-07,5,High,1.54
LANE-016496,United Kingdom,P7,Truck,2026-06,4,Medium,1.35
LANE-008572,Italy,P2,Truck,2026-02,4,Low,1.04
LANE-013627,Spain,P7,Truck,2025-09,3,Medium,0.88
LANE-004118,India,P7,Rail,2025-04,10,High,0.9
LANE-007328,Japan,P11,Truck,2025-02,6,Low,1.08
LANE-013464,Spain,P4,Air,2026-10,3,Low,3.37
LANE-003044,China,P5,Truck,2025-08,5,Low,0.91
LANE-004485,India,P12,Truck,2026-07,3,Medium,1.06
LANE-007921,South Korea,P6,Ocean,2025-01,34,Medium,0.8
LANE-009990,Turkey,P8,Ocean,2025-02,25,Medium,0.65
LANE-001122,Mexico,P4,Truck,2026-10,4,Low,1.39
LANE-004897,Poland,P5,Truck,2026-01,4,High,
LANE-009799,Turkey,P6,Truck,2025-09,6,Medium,1.11
LANE-005066,Poland,P7,Rail,2025-06,7,Low,1.07
LANE-001982,Germany,P3,Truck,2025-02,4,Medium,1.06
LANE-011358,Canada,P2,Ocean,2025-06,29,Medium,0.65
LANE-009423,Turkey,P1,Ocean,2025-07,25,Low,0.5
LANE-000408,United States,P6,Ocean,2025-12,30,Low,0.51
LANE-010846,Vietnam,P7,Rail,2026-10,18,Low,1.17
LANE-014354,Czech Republic,P4,Rail,2025-10,12,Medium,0.8
LANE-007900,South Korea,P6,Rail,2025-02,13,Low,0.78
LANE-003991,India,P5,Air,2025-09,2,Low,2.49
LANE-001861,Germany,P1,Rail,2026-01,12,Low,1.27
LANE-000909,Mexico,P1,Rail,2025-07,13,Medium,0.79
LANE-014293,Czech Republic,P3,Rail,2026-03,14,Medium,0.67
LANE-000201,United States,P4,Truck,2025-03,3,Low,1.6
LANE-000181,United States,P3,Air,2025-05,2,Low,3.28
LANE-011663,Canada,P6,Rail,2025-03,13,Low,1.17
LANE-003326,China,P8,Rail,2025-04,7,High,0.92
LANE-000659,United States,P9,Ocean,2026-09,32,Medium,0.67
LANE-005340,Poland,P11,Truck,2026-04,4,Low,1.27
LANE-010598,Vietnam,P4,Ocean,2026-04,34,Low,0.67
LANE-013188,Spain,P1,Ocean,2025-10,32,Low,0.48
LANE-014125,Czech Republic,P1,Ocean,2025-01,19,Low,0.82
LANE-008712,Italy,P3,Air,2026-10,2,High,
LANE-007760,South Korea,P4,Ocean,2026-04,26,Medium,0.6
LANE-012222,Canada,P12,Air,2025-12,2,Medium,2.37
LANE-009995,Turkey,P8,Ocean,2025-07,29,Medium,0.7
LANE-015812,Thailand,P10,Ocean,2026-04,33,Low,0.71
LANE-000859,United States,P12,Air,2025-01,4,Low,2.71
LANE-012538,France,P4,Air,2026-08,1,High,2.77
LANE-013543,Spain,P6,Truck,2026-01,4,Low,1.33
LANE-016039,United Kingdom,P1,Ocean,2025-01,24,Low,0.46
LANE-005484,Poland,P12,Air,2025-06,2,Low,3.62
LANE-012730,France,P7,Ocean,2026-02,21,Low,0.87
LANE-015506,Thailand,P7,Truck,2026-06,4,Low,1.28
LANE-014613,Czech Republic,P7,Air,2025-05,3,Low,3.66
LANE-014757,Czech Republic,P9,Rail,2026-05,12,Low,1.25
LANE-012825,France,P8,Ocean,2026-09,28,Low,0.52
LANE-016206,United Kingdom,P3,Ocean,2026-02,29,Low,0.57
LANE-014189,Czech Republic,P2,Truck,2026-09,6,Low,1.0
LANE-003215,China,P7,Truck,2025-03,5,Low,
LANE-015607,Thailand,P8,Rail,2025-09,11,Low,0.78
LANE-004046,India,P6,Rail,2026-08,11,Medium,0.8
LANE-000937,Mexico,P1,Ocean,2026-01,40,Medium,0.69
LANE-006522,Japan,P1,Rail,2025-10,12,Low,1.04
LANE-012718,France,P7,Ocean,2025-02,28,Low,0.82
LANE-001669,Mexico,P10,Air,2026-07,2,Low,3.29
LANE-016256,United Kingdom,P4,Truck,2026-08,4,Medium,1.23
LANE-011408,Canada,P3,Truck,2025-12,2,Low,1.31
LANE-011386,Canada,P2,Air,2025-12,2,Low,3.54
LANE-000614,United States,P9,Truck,2026-08,7,Low,1.39
LANE-015581,Thailand,P8,Truck,2025-05,5,Low,1.46
LANE-009138,Italy,P9,Rail,2025-08,9,High,0.91
LANE-014898,Czech Republic,P11,Truck,2025-04,5,Medium,1.18
LANE-014551,Czech Republic,P7,Truck,2025-09,6,Low,1.45
LANE-007608,South Korea,P2,Ocean,2026-06,25,Low,0.52
LANE-004686,Poland,P2,Ocean,2026-10,28,Low,0.46
LANE-010484,Vietnam,P3,Truck,2025-12,4,Medium,1.04
LANE-010809,Vietnam,P7,Truck,2025-07,5,Low,1.4
LANE-008354,South Korea,P11,Ocean,2026-04,28,Low,0.82
LANE-002805,China,P2,Rail,2025-11,15,Low,1.09
LANE-000709,United States,P10,Rail,2025-05,14,Low,1.16
LANE-000872,United States,P12,Air,2026-02,3,Low,2.57
LANE-007216,Japan,P9,Rail,2026-10,13,Low,
LANE-011553,Canada,P5,Truck,2025-03,3,High,1.37
LANE-000229,United States,P4,Rail,2025-09,7,Low,
LANE-014712,Czech Republic,P8,Air,2026-04,3,Medium,3.36
LANE-003837,India,P3,Ocean,2025-09,27,Low,0.86
LANE-007243,Japan,P10,Truck,2025-05,5,High,0.86
LANE-007075,Japan,P7,Air,2026-01,3,Low,3.65
LANE-001275,Mexico,P6,Truck,2026-09,5,Low,1.46
LANE-003851,India,P4,Truck,2025-01,4,Medium,0.92
LANE-012665,France,P6,Ocean,2026-03,28,Medium,0.55
LANE-005123,Poland,P7,Air,2026-07,3,Low,2.26
LANE-004960,Poland,P5,Air,2025-10,3,Low,3.43
LANE-010837,Vietnam,P7,Rail,2026-01,12,Low,0.72
LANE-008591,Italy,P2,Rail,2025-11,13,Low,0.97
LANE-004134,India,P7,Rail,2026-08,16,High,1.07
LANE-015755,Thailand,P10,Truck,2025-03,6,Low,1.05
LANE-007972,South Korea,P7,Truck,2025-08,5,Low,1.56
LANE-005570,Brazil,P1,Air,2025-04,3,Medium,2.78
LANE-000973,Mexico,P2,Rail,2025-05,12,Low,0.7
LANE-001593,Mexico,P10,Truck,2025-09,4,Low,1.21
LANE-000394,United States,P6,Rail,2026-08,11,Medium,0.92
LANE-007676,South Korea,P3,Rail,2026-08,12,Medium,
LANE-013241,Spain,P2,Rail,2026-07,12,Medium,0.86
LANE-013853,Spain,P9,Air,2026-03,3,Low,3.08
LANE-015907,Thailand,P12,Truck,2025-01,4,High,1.32
LANE-014256,Czech Republic,P2,Air,2026-10,3,High,2.49
LANE-012660,France,P6,Ocean,2025-10,28,Medium,
LANE-016382,United Kingdom,P5,Ocean,2026-02,33,Low,0.57
LANE-007003,Japan,P7,Truck,2025-07,5,Medium,0.92
LANE-000725,United States,P10,Rail,2026-09,12,Low,1.08
LANE-015828,Thailand,P11,Truck,2025-10,4,High,0.85
LANE-012885,France,P9,Rail,2026-03,14,Medium,1.16
LANE-000913,Mexico,P1,Rail,2025-11,13,Medium,1.23
LANE-011925,Canada,P9,Ocean,2025-01,26,High,0.79
LANE-005615,Brazil,P2,Rail,2025-05,13,Low,0.68
LANE-010338,Vietnam,P1,Truck,2026-08,5,Low,1.31
LANE-008748,Italy,P4,Rail,2026-02,10,Low,1.2
LANE-014606,Czech Republic,P7,Ocean,2026-08,35,Medium,0.69
LANE-013386,Spain,P4,Truck,2025-10,4,Low,1.23
LANE-004054,India,P6,Ocean,2025-06,28,Medium,0.52
LANE-006829,Japan,P5,Truck,2025-09,5,Low,1.41
LANE-014430,Czech Republic,P5,Rail,2026-08,9,Low,0.76
LANE-010866,Vietnam,P7,Ocean,2026-08,32,Low,0.73
LANE-013327,Spain,P3,Rail,2026-05,13,Low,0.79
LANE-014644,Czech Republic,P8,Truck,2026-02,5,Medium,1.57
LANE-010926,Vietnam,P8,Ocean,2026-02,34,Low,0.67
LANE-003152,China,P6,Rail,2025-06,13,Medium,0.83
LANE-010808,Vietnam,P7,Truck,2025-06,4,Low,0.93
LANE-008451,South Korea,P12,Air,2025-03,2,Medium,3.4
LANE-012291,France,P1,Ocean,2026-03,28,Medium,0.48
LANE-013713,Spain,P8,Rail,2025-07,13,Low,1.14
LANE-011096,Vietnam,P11,Truck,2025-08,6,Low,1.19
LANE-001233,Mexico,P5,Air,2025-01,2,High,3.11
LANE-008620,Italy,P2,Ocean,2026-06,31,Low,0.77
LANE-015826,Thailand,P11,Truck,2025-08,4,High,0.92
LANE-005140,Poland,P8,Truck,2026-02,5,High,1.45
LANE-006002,Brazil,P6,Air,2026-06,2,Low,3.43
LANE-014507,Czech Republic,P6,Rail,2025-09,12,Medium,1.0
LANE-015229,Thailand,P3,Ocean,2025-05,25,Low,0.62
LANE-014777,Czech Republic,P9,Ocean,2026-03,23,Medium,
LANE-016614,United Kingdom,P8,Ocean,2025-04,28,Medium,0.62
LANE-012872,France,P9,Rail,2025-02,11,Medium,1.17
LANE-007762,South Korea,P4,Ocean,2026-06,32,Medium,0.69
LANE-000737,United States,P10,Ocean,2025-11,34,Medium,0.56
LANE-014631,Czech Republic,P8,Truck,2025-01,5,Medium,1.29
LANE-015403,Thailand,P6,Truck,2025-03,4,Low,
LANE-011833,Canada,P8,Rail,2026-07,13,Low,0.7
LANE-014228,Czech Republic,P2,Ocean,2026-04,25,Low,0.45
LANE-010098,Turkey,P10,Truck,2026-10,4,Medium,0.97
LANE-002064,Germany,P4,Truck,2026-06,5,Low,1.37
LANE-010008,Turkey,P8,Ocean,2026-08,28,Medium,0.65
LANE-009222,Italy,P10,Ocean,2025-04,35,Low,0.76
LANE-005790,Brazil,P4,Rail,2025-04,12,Low,0.93
LANE-006686,Japan,P3,Rail,2026-08,15,Low,0.97
LANE-010913,Vietnam,P8,Ocean,2025-01,27,Low,0.58
LANE-014056,Spain,P12,Ocean,2026-08,32,Medium,0.87
LANE-004349,India,P10,Rail,2026-03,11,Low,1.02
LANE-000460,United States,P7,Truck,2026-08,3,High,1.01
LANE-002315,Germany,P8,Truck,2025-05,5,Medium,1.17
LANE-016671,United Kingdom,P9,Truck,2026-05,4,Medium,1.54
LANE-004445,India,P11,Ocean,2025-01,31,Low,0.75
LANE-014537,Czech Republic,P6,Ocean,2026-05,27,Medium,0.69
LANE-004240,India,P8,Ocean,2026-04,25,Low,0.57
LANE-014416,Czech Republic,P5,Rail,2025-06,10,Low,0.73
LANE-007376,Japan,P11,Ocean,2025-06,26,Low,0.81
LANE-016055,United Kingdom,P1,Ocean,2026-05,27,Low,0.77
LANE-003280,China,P7,Air,2025-02,2,Low,
LANE-014887,Czech Republic,P10,Air,2026-03,2,Low,2.86
LANE-009092,Italy,P8,Ocean,2025-06,24,Low,0.82
LANE-004754,Poland,P3,Ocean,2025-02,28,Medium,0.82
LANE-006384,Brazil,P11,Ocean,2025-04,35,High,0.82
LANE-003113,China,P5,Air,2025-11,2,Low,
LANE-005558,Brazil,P1,Ocean,2026-02,30,Medium,0.71
LANE-004228,India,P8,Ocean,2025-04,26,Low,0.56
LANE-008667,Italy,P3,Rail,2026-09,14,High,0.74
LANE-010890,Vietnam,P8,Truck,2026-10,5,Medium,1.1
LANE-016726,United Kingdom,P9,Air,2025-06,2,Medium,3.12
LANE-002148,Germany,P5,Rail,2026-02,6,Low,0.71
LANE-013078,France,P12,Truck,2025-10,5,Medium,0.91
LANE-003638,India,P1,Truck,2025-08,4,Medium,1.42
LANE-012415,France,P3,Rail,2025-07,11,High,0.96
LANE-001901,Germany,P1,Air,2025-09,3,High,4.16
LANE-012770,France,P8,Truck,2025-10,4,Medium,1.29
LANE-008787,Italy,P5,Truck,2025-09,4,Low,1.41
LANE-013036,France,P11,Rail,2025-12,13,Medium,1.08
LANE-012440,France,P3,Ocean,2025-10,32,Low,0.81
LANE-006035,Brazil,P7,Rail,2025-07,10,Low,1.19
LANE-007371,Japan,P11,Ocean,2025-01,25,Low,0.58
LANE-009303,Italy,P11,Ocean,2026-07,27,Low,0.81
LANE-002753,China,P1,Ocean,2025-03,28,Low,0.64
LANE-003462,China,P10,Rail,2025-08,11,Low,0.99
LANE-014841,Czech Republic,P10,Rail,2026-01,15,Low,1.27
LANE-008561,Italy,P2,Truck,2025-03,3,Low,1.14
LANE-008432,South Korea,P12,Ocean,2025-06,26,Low,0.67
LANE-009205,Italy,P10,Rail,2025-09,14,Medium,0.85
LANE-012501,France,P4,Rail,2025-05,10,Low,0.94
LANE-009470,Turkey,P2,Truck,2025-10,4,Medium,1.48
LANE-002799,China,P2,Rail,2025-05,14,Low,0.82
LANE-003356,China,P8,Air,2025-12,1,Low,4.11
LANE-011501,Canada,P4,Rail,2026-05,13,Medium,1.21
LANE-004550,India,P12,Air,2026-06,3,Medium,3.82
LANE-007432,Japan,P12,Rail,2026-06,12,Medium,0.77
LANE-016467,United Kingdom,P6,Ocean,2025-11,33,Low,0.67
LANE-004357,India,P10,Ocean,2025-01,34,Medium,0.79
LANE-006621,Japan,P2,Rail,2026-09,12,Medium,1.11
LANE-011085,Vietnam,P10,Air,2026-07,2,Low,3.33
LANE-014028,Spain,P12,Rail,2026-02,10,Low,0.92
LANE-011260,Canada,P1,Truck,2026-06,4,Low,0.86
LANE-000214,United States,P4,Truck,2026-04,5,Low,1.1
LANE-008554,Italy,P1,Air,2026-06,2,Low,3.68
LANE-007203,Japan,P9,Rail,2025-09,12,Low,0.84
LANE-012888,France,P9,Rail,2026-06,9,Medium,0.91
LANE-010353,Vietnam,P1,Rail,2026-01,15,Low,1.12
LANE-015589,Thailand,P8,Truck,2026-01,4,Low,1.43
LANE-008736,Italy,P4,Rail,2025-02,11,Low,0.79
LANE-009377,Turkey,P1,Truck,2025-05,4,Medium,1.06
LANE-011213,Vietnam,P12,Rail,2026-03,12,High,1.23
LANE-013173,Spain,P1,Rail,2026-05,13,Medium,0.87
LANE-005667,Brazil,P2,Air,2026-01,3,Low,3.11
LANE-016315,United Kingdom,P4,Air,2026-01,3,Low,3.43
LANE-007340,Japan,P11,Truck,2026-02,4,Low,1.21
LANE-015732,Thailand,P9,Air,2025-02,2,Low,2.64
LANE-006803,Japan,P4,Air,2025-05,2,Low,2.45
LANE-014071,Spain,P12,Air,2026-01,2,Medium,
LANE-012897,France,P9,Ocean,2025-05,30,Low,0.56
LANE-008980,Italy,P7,Rail,2025-04,12,High,
LANE-013506,Spain,P5,Rail,2026-08,12,Low,1.13
LANE-008413,South Korea,P12,Rail,2025-09,12,Low,0.74
LANE-012783,France,P8,Rail,2025-01,13,Medium,0.69
LANE-004197,India,P8,Truck,2026-05,5,Low,1.01
LANE-003482,China,P10,Ocean,2025-06,30,Low,0.82
LANE-007055,Japan,P7,Ocean,2026-03,25,High,0.81
LANE-001763,Mexico,P12,Truck,2025-03,5,High,1.32
LANE-014196,Czech Republic,P2,Rail,2025-06,18,Low,1.25
LANE-015402,Thailand,P6,Truck,2025-02,4,Low,1.18
LANE-015343,Thailand,P5,Truck,2025-09,6,Low,1.1
LANE-006777,Japan,P4,Ocean,2025-01,29,Low,0.78
LANE-015617,Thailand,P8,Rail,2026-07,12,Low,1.09
LANE-004108,India,P7,Truck,2026-04,4,Low,1.11
LANE-015642,Thailand,P8,Ocean,2026-10,20,Low,0.6
LANE-011354,Canada,P2,Ocean,2025-02,28,Medium,
LANE-001658,Mexico,P10,Air,2025-08,3,Low,2.63
LANE-009291,Italy,P11,Ocean,2025-07,28,Low,0.75
LANE-008098,South Korea,P8,Air,2025-02,2,Low,2.33
LANE-007230,Japan,P9,Ocean,2026-02,22,Low,0.6
LANE-005701,Brazil,P3,Rail,2025-03,12,High,0.98
LANE-003628,China,P12,Ocean,2026-08,21,Medium,0.46
LANE-002017,Germany,P3,Rail,2026-03,11,Low,0.84
LANE-012778,France,P8,Truck,2026-06,6,Medium,1.25
LANE-003221,China,P7,Truck,2025-09,5,Low,1.41
LANE-010793,Vietnam,P6,Air,2026-01,2,Low,3.37
LANE-000131,United States,P3,Truck,2026-09,5,Low,1.41
LANE-002110,Germany,P4,Ocean,2026-08,31,High,0.85
LANE-014051,Spain,P12,Ocean,2026-03,23,Medium,0.84
LANE-010675,Vietnam,P5,Ocean,2025-05,28,Medium,0.64
LANE-008921,Italy,P6,Ocean,2025-11,24,Low,
LANE-003344,China,P8,Rail,2026-10,7,High,0.93
LANE-009992,Turkey,P8,Ocean,2025-04,29,Medium,0.56
LANE-013880,Spain,P10,Truck,2026-08,4,High,0.86
LANE-007184,Japan,P9,Truck,2025-12,4,High,1.09
LANE-008713,Italy,P4,Truck,2025-01,4,Medium,1.6
LANE-016486,United Kingdom,P7,Truck,2025-08,2,Medium,1.24
LANE-000761,United States,P11,Truck,2026-01,1,Medium,1.19
LANE-016037,United Kingdom,P1,Rail,2026-09,11,High,0.77
LANE-016085,United Kingdom,P2,Truck,2025-03,6,Low,0.83
LANE-012628,France,P6,Truck,2026-10,5,Medium,1.23
LANE-000277,United States,P4,Air,2026-01,2,Low,2.45
LANE-009050,Italy,P8,Truck,2025-08,4,Low,0.94
LANE-015722,Thailand,P9,Ocean,2026-02,30,High,0.54
LANE-008153,South Korea,P9,Rail,2026-01,11,High,0.64
LANE-006539,Japan,P1,Ocean,2025-05,29,Low,0.68
LANE-002085,Germany,P4,Rail,2026-05,11,Low,0.96
LANE-012979,France,P10,Rail,2026-09,11,Medium,0.77
LANE-000091,United States,P2,Air,2025-03,1,Low,2.64
LANE-014811,Czech Republic,P10,Truck,2025-05,5,Low,1.06
LANE-003742,India,P2,Rail,2025-02,13,Low,0.84
LANE-011224,Vietnam,P12,Ocean,2025-04,32,Low,0.47
LANE-015444,Thailand,P6,Rail,2026-10,7,Low,1.0
LANE-010639,Vietnam,P5,Truck,2026-01,3,Low,1.59
LANE-014235,Czech Republic,P2,Air,2025-01,2,High,2.72
LANE-011944,Canada,P9,Ocean,2026-08,26,High,0.47
LANE-003927,India,P5,Truck,2025-11,5,Medium,1.6
LANE-000513,United States,P7,Air,2025-07,2,Medium,2.84
LANE-005306,Poland,P10,Rail,2025-04,9,Low,1.0
LANE-005768,Brazil,P4,Truck,2025-04,5,High,1.19
LANE-003952,India,P5,Rail,2026-02,11,Medium,
LANE-003360,China,P8,Air,2026-04,1,Low,3.43
LANE-009254,Italy,P11,Truck,2026-02,4,Low,0.92
LANE-005317,Poland,P10,Rail,2026-03,7,Low,1.21
LANE-006191,Brazil,P9,Rail,2025-09,10,Medium,1.17
LANE-006865,Japan,P5,Ocean,2025-01,31,Low,0.44
LANE-001914,Germany,P1,Air,2026-10,3,High,2.46
LANE-015042,Czech Republic,P12,Air,2026-04,3,Low,2.97
LANE-015391,Thailand,P5,Ocean,2026-01,21,Medium,
LANE-010666,Vietnam,P5,Rail,2026-06,14,Low,0.74
LANE-009742,Turkey,P5,Rail,2026-06,13,Medium,0.95
LANE-011855,Canada,P8,Ocean,2026-07,23,High,0.69
LANE-016310,United Kingdom,P4,Air,2025-08,2,Low,2.84
LANE-004499,India,P12,Rail,2025-11,12,Medium,0.95
LANE-002582,Germany,P11,Ocean,2025-08,32,Low,0.51
LANE-007389,Japan,P11,Ocean,2026-07,26,Low,0.46
LANE-014678,Czech Republic,P8,Ocean,2025-04,25,Medium,0.85
LANE-009882,Turkey,P7,Truck,2025-04,3,High,0.82
LANE-009030,Italy,P7,Air,2025-10,2,Medium,3.05
LANE-003940,India,P5,Rail,2025-02,11,Medium,1.24
LANE-015587,Thailand,P8,Truck,2025-11,5,Low,1.5
LANE-007066,Japan,P7,Air,2025-04,2,Low,2.94
LANE-010910,Vietnam,P8,Rail,2026-08,10,Low,1.15
LANE-012429,France,P3,Rail,2026-09,14,High,0.7
LANE-009658,Turkey,P4,Truck,2026-10,4,Low,
LANE-014935,Czech Republic,P11,Rail,2026-07,10,Low,0.9
LANE-002808,China,P2,Rail,2026-02,10,Low,0.85
LANE-003490,China,P10,Ocean,2026-02,22,Low,
LANE-013470,Spain,P5,Truck,2025-06,3,Low,
LANE-014216,Czech Republic,P2,Ocean,2025-04,21,Low,0.65
LANE-004293,India,P9,Air,2025-03,1,Medium,2.79
LANE-004101,India,P7,Truck,2025-09,4,Low,0.97
LANE-016847,United Kingdom,P11,Truck,2026-05,4,Medium,1.19
LANE-011636,Canada,P5,Air,2026-08,2,Low,3.38
LANE-009289,Italy,P11,Ocean,2025-05,34,Low,0.57
LANE-011372,Canada,P2,Ocean,2026-08,29,Medium,0.61
LANE-002177,Germany,P5,Air,2026-09,1,Low,3.39
LANE-005446,Poland,P12,Rail,2025-12,9,Low,1.07
LANE-011052,Vietnam,P10,Ocean,2025-08,21,Medium,0.7
LANE-001332,Mexico,P6,Air,2025-12,1,Low,
LANE-002268,Germany,P7,Rail,2025-02,14,Low,0.94
LANE-004440,India,P11,Rail,2026-06,11,Low,
LANE-005157,Poland,P8,Rail,2025-09,12,Low,1.26
LANE-010522,Vietnam,P3,Ocean,2025-06,31,Low,0.7
LANE-010853,Vietnam,P7,Ocean,2025-07,32,Low,0.68
LANE-001049,Mexico,P3,Truck,2026-03,5,Low,0.82
LANE-003817,India,P3,Rail,2025-11,14,Low,0.88
LANE-002278,Germany,P7,Rail,2025-12,10,Low,1.07
LANE-009902,Turkey,P7,Rail,2025-02,12,Low,1.2
LANE-007455,Japan,P12,Ocean,2026-07,28,Low,0.58
LANE-007348,Japan,P11,Truck,2026-10,3,Low,1.03
LANE-003085,China,P5,Ocean,2025-05,28,Medium,0.83
LANE-004153,India,P7,Ocean,2026-05,26,Low,0.86
LANE-016875,United Kingdom,P11,Ocean,2025-01,26,Low,0.75
LANE-012758,France,P7,Air,2026-08,3,High,3.35
LANE-016463,United Kingdom,P6,Ocean,2025-07,29,Low,0.55
LANE-009007,Italy,P7,Ocean,2025-09,25,Medium,0.63
LANE-005068,Poland,P7,Rail,2025-08,13,Low,0.76
LANE-012495,France,P4,Truck,2026-09,1,Low,1.26
LANE-015789,Thailand,P10,Rail,2026-03,12,High,0.67
LANE-008510,Italy,P1,Rail,2026-06,12,Low,1.06
LANE-001284,Mexico,P6,Rail,2025-08,14,Low,1.02
LANE-006335,Brazil,P10,Air,2026-09,2,Low,2.95
LANE-009397,Turkey,P1,Rail,2025-03,13,Medium,1.11
LANE-000686,United States,P10,Truck,2025-04,6,Low,1.21
LANE-001572,Mexico,P9,Air,2025-10,2,Medium,3.22
LANE-007988,South Korea,P7,Rail,2025-02,11,Low,0.92
LANE-012193,Canada,P12,Ocean,2025-05,24,Medium,0.8
LANE-014365,Czech Republic,P4,Rail,2026-09,11,Medium,1.09
LANE-010003,Turkey,P8,Ocean,2026-03,28,Medium,0.54
LANE-003495,China,P10,Ocean,2026-07,23,Low,0.64
LANE-007299,Japan,P10,Ocean,2026-05,29,Low,
LANE-015351,Thailand,P5,Truck,2026-05,6,Low,0.88
LANE-016414,United Kingdom,P6,Truck,2025-02,5,High,1.39
LANE-006310,Brazil,P10,Ocean,2026-06,29,Medium,0.64
LANE-011268,Canada,P1,Rail,2025-04,12,Medium,0.66
LANE-002126,Germany,P5,Truck,2026-02,2,Low,0.82
LANE-016878,United Kingdom,P11,Ocean,2025-04,31,Low,0.58
LANE-008640,Italy,P3,Truck,2026-04,4,Low,1.13
LANE-000675,United States,P9,Air,2026-03,2,Low,3.51
LANE-015860,Thailand,P11,Rail,2026-08,13,Low,0.89
LANE-015148,Thailand,P2,Rail,2025-12,14,Low,0.81
LANE-014203,Czech Republic,P2,Rail,2026-01,12,Low,1.13
LANE-008703,Italy,P3,Air,2026-01,2,High,2.1
LANE-006318,Brazil,P10,Air,2025-04,2,Low,3.7
LANE-000129,United States,P3,Truck,2026-07,4,Low,1.47
LANE-001409,Mexico,P8,Truck,2025-01,5,Low,1.42
LANE-006662,Japan,P3,Truck,2026-06,4,Low,1.54
LANE-004169,India,P7,Air,2025-11,3,Medium,2.2
LANE-016685,United Kingdom,P9,Rail,2025-09,9,High,1.02
LANE-009146,Italy,P9,Rail,2026-04,12,High,1.1
LANE-003703,India,P1,Air,2025-07,2,Low,2.24
LANE-002184,Germany,P6,Truck,2025-06,5,Low,1.55
LANE-009108,Italy,P8,Ocean,2026-10,21,Low,0.56
LANE-014636,Czech Republic,P8,Truck,2025-06,5,Medium,0.83
LANE-000188,United States,P3,Air,2025-12,3,Low,2.93
LANE-009917,Turkey,P7,Rail,2026-05,11,Low,0.77
LANE-009505,Turkey,P2,Ocean,2025-01,27,Medium,0.6
LANE-015056,Thailand,P1,Truck,2025-08,5,Medium,1.42
LANE-007847,South Korea,P5,Ocean,2026-03,29,Medium,0.78
LANE-014277,Czech Republic,P3,Truck,2026-09,5,Medium,0.89
LANE-003114,China,P5,Air,2025-12,2,Low,3.51
LANE-013954,Spain,P11,Rail,2025-06,9,High,1.02
LANE-006369,Brazil,P11,Rail,2025-11,11,Low,1.17
LANE-009411,Turkey,P1,Rail,2026-05,12,Medium,0.81
LANE-008843,Italy,P5,Ocean,2026-09,36,High,0.87
LANE-015296,Thailand,P4,Ocean,2025-06,29,Low,0.45
LANE-007625,South Korea,P2,Air,2026-01,3,Medium,3.47
LANE-011579,Canada,P5,Rail,2025-07,12,Low,
LANE-002928,China,P3,Air,2025-02,3,High,2.47
LANE-001530,Mexico,P9,Rail,2025-12,15,Low,0.74
LANE-002764,China,P1,Ocean,2026-02,25,Low,0.79
LANE-014839,Czech Republic,P10,Rail,2025-11,11,Low,0.84
LANE-012167,Canada,P12,Rail,2025-01,8,Low,0.95
LANE-013729,Spain,P8,Ocean,2025-01,29,Medium,0.53
LANE-000631,United States,P9,Rail,2026-03,12,Low,1.09
LANE-009214,Italy,P10,Rail,2026-06,15,Medium,
LANE-012449,France,P3,Ocean,2026-07,27,Low,0.54
LANE-007679,South Korea,P3,Ocean,2025-01,26,High,
LANE-016665,United Kingdom,P9,Truck,2025-11,3,Medium,1.51
LANE-011041,Vietnam,P10,Rail,2026-07,13,Medium,0.83
LANE-011142,Vietnam,P11,Ocean,2025-10,26,Low,0.53
LANE-009211,Italy,P10,Rail,2026-03,7,Medium,
LANE-006419,Brazil,P12,Truck,2026-05,6,Medium,1.54
LANE-009198,Italy,P10,Rail,2025-02,9,Medium,1.21
LANE-014414,Czech Republic,P5,Rail,2025-04,9,Low,1.21
LANE-001792,Mexico,P12,Rail,2025-10,12,High,0.79
LANE-000029,United States,P1,Rail,2025-07,7,Low,1.13
LANE-008016,South Korea,P7,Ocean,2025-08,27,Low,0.44
LANE-010503,Vietnam,P3,Rail,2025-09,12,Low,1.0
LANE-001799,Mexico,P12,Rail,2026-05,11,High,0.72
LANE-005541,Brazil,P1,Rail,2026-07,12,Medium,0.66
LANE-009153,Italy,P9,Ocean,2025-01,26,Low,0.82
LANE-000917,Mexico,P1,Rail,2026-03,13,Medium,0.99
LANE-001152,Mexico,P4,Ocean,2025-08,22,Low,0.68
LANE-005408,Poland,P11,Air,2026-06,2,High,3.37
LANE-001760,Mexico,P11,Air,2026-10,2,Low,2.76
LANE-016060,United Kingdom,P1,Ocean,2026-10,26,Low,0.59
LANE-007748,South Korea,P4,Ocean,2025-04,33,Medium,0.51
LANE-010245,Turkey,P11,Air,2026-03,2,High,3.23
LANE-001548,Mexico,P9,Ocean,2025-08,31,Low,0.86
LANE-005144,Poland,P8,Truck,2026-06,5,High,0.92
LANE-004411,India,P11,Truck,2025-11,3,High,1.02
LANE-012573,France,P5,Rail,2025-11,12,Medium,0.78
LANE-000905,Mexico,P1,Rail,2025-03,11,Medium,1.28
LANE-003063,China,P5,Rail,2025-05,11,Low,1.04
LANE-008181,South Korea,P9,Ocean,2026-07,29,Medium,0.86
LANE-003857,India,P4,Truck,2025-07,5,Medium,1.45
LANE-004570,Poland,P1,Truck,2026-04,4,Medium,1.12
LANE-015288,Thailand,P4,Rail,2026-08,12,Low,1.26
LANE-002603,Germany,P11,Air,2025-07,1,Low,2.73
LANE-005143,Poland,P8,Truck,2026-05,4,High,0.93
LANE-005181,Poland,P8,Ocean,2025-11,29,Low,0.86
LANE-004316,India,P10,Truck,2025-04,4,Medium,1.28
LANE-007539,South Korea,P1,Ocean,2026-03,33,Low,0.75
LANE-000414,United States,P6,Ocean,2026-06,26,Low,0.49
LANE-002023,Germany,P3,Rail,2026-09,14,Low,1.03
LANE-004233,India,P8,Ocean,2025-09,26,Low,0.68
LANE-011607,Canada,P5,Ocean,2026-01,19,Low,0.84
LANE-003557,China,P11,Ocean,2026-03,24,Low,0.71
LANE-004086,India,P6,Air,2026-04,2,High,3.84
LANE-003546,China,P11,Ocean,2025-04,20,Low,0.78
LANE-002504,Germany,P10,Rail,2026-06,10,Medium,0.77
LANE-005935,Brazil,P6,Truck,2026-05,5,Low,1.49
LANE-014010,Spain,P12,Truck,2026-06,4,High,1.12
LANE-009852,Turkey,P6,Ocean,2026-06,36,Low,0.87
LANE-007572,South Korea,P2,Rail,2025-04,9,Low,0.85
LANE-014149,Czech Republic,P1,Air,2025-03,2,Low,3.67
LANE-016302,United Kingdom,P4,Ocean,2026-10,24,Low,0.86
LANE-000715,United States,P10,Rail,2025-11,11,Low,1.17
LANE-002513,Germany,P10,Ocean,2025-05,31,Low,0.61
LANE-016693,United Kingdom,P9,Rail,2026-05,13,High,0.96
LANE-002679,Germany,P12,Ocean,2026-05,16,Low,0.44
LANE-005733,Brazil,P3,Ocean,2026-01,36,Medium,0.48
LANE-016294,United Kingdom,P4,Ocean,2026-02,26,Low,0.69
LANE-016042,United Kingdom,P1,Ocean,2025-04,29,Low,0.64
LANE-007793,South Korea,P5,Truck,2025-05,6,Low,1.24
LANE-007693,South Korea,P3,Ocean,2026-03,32,High,0.48
LANE-001345,Mexico,P7,Truck,2025-03,4,High,1.19
LANE-010040,Turkey,P9,Rail,2025-08,12,Medium,0.67
LANE-000519,United States,P7,Air,2026-01,3,Medium,
LANE-004889,Poland,P5,Truck,2025-05,4,High,1.45
LANE-002259,Germany,P7,Truck,2026-03,4,High,1.14
LANE-015498,Thailand,P7,Truck,2025-10,4,Low,1.58
LANE-008383,South Korea,P12,Truck,2025-01,4,Low,1.36
LANE-003407,China,P9,Rail,2026-07,11,Medium,0.65
LANE-013583,Spain,P6,Ocean,2025-09,33,Low,0.62
LANE-003941,India,P5,Rail,2025-03,12,Medium,0.95
LANE-006672,Japan,P3,Rail,2025-06,12,Low,0.93
LANE-012054,Canada,P10,Air,2026-08,1,Low,3.68
LANE-015994,Thailand,P12,Air,2026-10,3,Low,2.98
LANE-010004,Turkey,P8,Ocean,2026-04,31,Medium,0.52
LANE-001349,Mexico,P7,Truck,2025-07,4,High,0.95
LANE-006914,Japan,P6,Truck,2025-06,5,Low,0.98
LANE-013018,France,P11,Truck,2026-04,4,Medium,1.39
LANE-014815,Czech Republic,P10,Truck,2025-09,5,Low,1.45
LANE-002815,China,P2,Rail,2026-09,10,Low,1.18
LANE-013996,Spain,P12,Truck,2025-04,4,High,1.37
LANE-010176,Turkey,P11,Truck,2025-12,5,Low,1.34
LANE-007108,Japan,P8,Rail,2025-02,12,Low,1.0
LANE-009025,Italy,P7,Air,2025-05,2,Medium,2.8
LANE-013939,Spain,P11,Truck,2026-01,4,Low,1.33
LANE-007535,South Korea,P1,Ocean,2025-11,30,Low,0.5
LANE-015408,Thailand,P6,Truck,2025-08,4,Low,1.03
LANE-011630,Canada,P5,Air,2026-02,2,Low,3.25
LANE-007139,Japan,P8,Ocean,2025-11,28,Low,0.63
LANE-008135,South Korea,P9,Truck,2026-05,5,Medium,1.18
LANE-000850,United States,P12,Ocean,2026-02,23,Low,0.66
LANE-006409,Brazil,P12,Truck,2025-07,6,Medium,1.06
LANE-002267,Germany,P7,Rail,2025-01,15,Low,1.12
LANE-006144,Brazil,P8,Air,2025-06,2,High,2.63
LANE-001427,Mexico,P8,Truck,2026-07,4,Low,1.57
LANE-001896,Germany,P1,Air,2025-04,3,High,4.16
LANE-003058,China,P5,Truck,2026-10,5,Low,0.84
LANE-006198,Brazil,P9,Rail,2026-04,12,Medium,1.05
LANE-004781,Poland,P3,Air,2025-07,2,Low,2.1
LANE-014180,Czech Republic,P2,Truck,2025-12,4,Low,1.04
LANE-010889,Vietnam,P8,Truck,2026-09,4,Medium,0.91
LANE-006848,Japan,P5,Rail,2025-06,10,Low,1.02
LANE-015547,Thailand,P7,Ocean,2026-03,32,Low,0.6
LANE-006641,Japan,P2,Ocean,2026-07,23,Low,0.84
LANE-011706,Canada,P6,Air,2025-02,3,Low,3.34
LANE-006670,Japan,P3,Rail,2025-04,10,Low,1.02
LANE-006912,Japan,P6,Truck,2025-04,4,Low,1.11
LANE-004147,India,P7,Ocean,2025-11,22,Low,0.74
LANE-009571,Turkey,P3,Rail,2025-01,9,Low,1.11
LANE-000372,United States,P6,Truck,2026-08,4,Low,1.5
LANE-003481,China,P10,Ocean,2025-05,31,Low,0.68
LANE-010956,Vietnam,P9,Truck,2026-10,4,Medium,1.51
LANE-007227,Japan,P9,Ocean,2025-11,24,Low,0.7
LANE-011916,Canada,P9,Rail,2026-02,12,Medium,0.69
LANE-000033,United States,P1,Rail,2025-11,9,Low,1.08
LANE-014262,Czech Republic,P3,Truck,2025-06,4,Medium,1.13
LANE-013387,Spain,P4,Truck,2025-11,4,Low,1.15
LANE-006587,Japan,P2,Truck,2025-09,4,Medium,1.53
LANE-011184,Vietnam,P12,Truck,2025-08,5,Low,1.5
LANE-004390,India,P10,Air,2025-12,3,Medium,2.17
LANE-013479,Spain,P5,Truck,2026-03,4,Low,1.09
LANE-008355,South Korea,P11,Ocean,2026-05,25,Low,0.57
LANE-016591,United Kingdom,P8,Rail,2025-03,10,Medium,0.84
LANE-006329,Brazil,P10,Air,2026-03,2,Low,2.94
LANE-004400,India,P10,Air,2026-10,2,Medium,3.12
LANE-003461,China,P10,Rail,2025-07,10,Low,1.08
LANE-016877,United Kingdom,P11,Ocean,2025-03,29,Low,0.83
LANE-007302,Japan,P10,Ocean,2026-08,25,Low,0.5
LANE-007590,South Korea,P2,Rail,2026-10,8,Low,1.27
LANE-013965,Spain,P11,Rail,2026-05,12,High,0.9
LANE-006781,Japan,P4,Ocean,2025-05,30,Low,0.75
LANE-010832,Vietnam,P7,Rail,2025-08,10,Low,0.73
LANE-015786,Thailand,P10,Rail,2025-12,11,High,1.21
LANE-006680,Japan,P3,Rail,2026-02,9,Low,0.67
LANE-010864,Vietnam,P7,Ocean,2026-06,30,Low,0.87
LANE-007685,South Korea,P3,Ocean,2025-07,21,High,
LANE-008284,South Korea,P10,Air,2025-12,2,High,3.69
LANE-003049,China,P5,Truck,2026-01,6,Low,0.82
LANE-011701,Canada,P6,Ocean,2026-07,24,Low,0.54
LANE-013792,Spain,P9,Truck,2026-08,6,Low,1.09
LANE-000100,United States,P2,Air,2025-12,1,Low,3.68
LANE-001407,Mexico,P7,Ocean,2026-09,23,Low,0.54
LANE-009094,Italy,P8,Ocean,2025-08,29,Low,0.88
LANE-014331,Czech Republic,P4,Truck,2025-09,5,High,
LANE-010433,Vietnam,P2,Rail,2025-05,13,High,1.09
LANE-012047,Canada,P10,Air,2026-01,2,Low,3.95
LANE-015653,Thailand,P8,Air,2025-11,2,Low,2.75
LANE-016755,United Kingdom,P10,Truck,2026-01,4,Low,1.33
LANE-014601,Czech Republic,P7,Ocean,2026-03,32,Medium,0.68
LANE-005373,Poland,P11,Ocean,2025-05,28,Medium,0.63
LANE-004807,Poland,P4,Truck,2025-11,5,Medium,1.31
LANE-016154,United Kingdom,P3,Truck,2025-06,4,Low,1.56
LANE-002414,Germany,P9,Truck,2026-04,6,Medium,1.38
LANE-014744,Czech Republic,P9,Rail,2025-04,11,Low,1.27
LANE-014246,Czech Republic,P2,Air,2025-12,2,High,3.4
LANE-008083,South Korea,P8,Ocean,2025-09,30,Low,0.58
LANE-001718,Mexico,P11,Ocean,2025-02,32,High,0.55
LANE-008322,South Korea,P11,Rail,2025-06,11,Medium,1.0
LANE-010161,Turkey,P10,Air,2026-07,2,Low,3.33
LANE-009326,Italy,P12,Truck,2026-08,5,High,1.58
LANE-003025,China,P4,Air,2025-11,2,Medium,2.44
LANE-010788,Vietnam,P6,Air,2025-08,3,Low,3.3
LANE-001558,Mexico,P9,Ocean,2026-06,32,Low,0.46
LANE-007987,South Korea,P7,Rail,2025-01,12,Low,
LANE-001400,Mexico,P7,Ocean,2026-02,29,Low,0.77
LANE-006695,Japan,P3,Ocean,2025-07,25,Medium,0.88
LANE-005810,Brazil,P4,Ocean,2025-02,27,Medium,0.8
LANE-009506,Turkey,P2,Ocean,2025-02,31,Medium,0.61
LANE-004072,India,P6,Air,2025-02,2,High,2.75
LANE-005205,Poland,P8,Air,2026-01,2,Medium,3.52
LANE-015761,Thailand,P10,Truck,2025-09,5,Low,1.29
LANE-009460,Turkey,P1,Air,2026-10,3,High,3.75
LANE-012835,France,P8,Air,2025-09,2,Low,3.36
LANE-010334,Vietnam,P1,Truck,2026-04,5,Low,
LANE-015471,Thailand,P6,Air,2025-05,2,Low,2.68
LANE-003330,China,P8,Rail,2025-08,9,High,0.73
LANE-001067,Mexico,P3,Rail,2025-11,10,Low,1.25
LANE-005217,Poland,P9,Truck,2025-03,5,Low,1.59
LANE-001361,Mexico,P7,Truck,2026-07,5,High,1.08
LANE-010155,Turkey,P10,Air,2026-01,2,Low,2.39
LANE-013091,France,P12,Rail,2025-01,9,Low,0.66
LANE-013805,Spain,P9,Rail,2025-11,10,Low,0.98
LANE-015954,Thailand,P12,Ocean,2025-04,30,Medium,0.54
LANE-004368,India,P10,Ocean,2025-12,22,Medium,0.61
LANE-013106,France,P12,Rail,2026-04,11,Low,0.83
LANE-013045,France,P11,Rail,2026-09,12,Medium,0.69
LANE-006996,Japan,P6,Air,2026-10,2,Medium,2.37
LANE-008244,South Korea,P10,Rail,2026-04,8,Low,0.72
LANE-003474,China,P10,Rail,2026-08,14,Low,0.82
LANE-007795,South Korea,P5,Truck,2025-07,3,Low,1.0
LANE-003934,India,P5,Truck,2026-06,5,Medium,1.23
LANE-003646,India,P1,Truck,2026-04,3,Medium,1.36
LANE-012946,France,P10,Truck,2025-10,6,Medium,1.25
LANE-009581,Turkey,P3,Rail,2025-11,10,Low,0.73
LANE-008734,Italy,P4,Truck,2026-10,4,Medium,1.16
LANE-007074,Japan,P7,Air,2025-12,2,Low,3.27
LANE-008652,Italy,P3,Rail,2025-06,13,High,1.2
LANE-014384,Czech Republic,P4,Ocean,2026-06,29,High,
LANE-002782,China,P2,Truck,2025-10,3,Medium,1.13
LANE-012213,Canada,P12,Air,2025-03,3,Medium,3.03
LANE-005185,Poland,P8,Ocean,2026-03,33,Low,0.81
LANE-001547,Mexico,P9,Ocean,2025-07,32,Low,0.71
LANE-003547,China,P11,Ocean,2025-05,30,Low,0.83
LANE-006896,Japan,P5,Air,2025-10,2,High,2.36
LANE-010273,Turkey,P12,Truck,2026-09,5,Low,1.03
LANE-000146,United States,P3,Rail,2026-02,14,Medium,0.92
LANE-001113,Mexico,P4,Truck,2026-01,4,Low,1.16
LANE-010760,Vietnam,P6,Ocean,2025-02,24,Low,0.84
LANE-008144,South Korea,P9,Rail,2025-04,14,High,0.95
LANE-011817,Canada,P8,Rail,2025-03,10,Low,0.79
LANE-002221,Germany,P6,Rail,2026-09,12,Low,0.95
LANE-009164,Italy,P9,Ocean,2025-12,21,Low,0.79
LANE-001138,Mexico,P4,Rail,2026-04,10,Low,1.08
LANE-008122,South Korea,P9,Truck,2025-04,5,Medium,1.36
LANE-016853,United Kingdom,P11,Rail,2025-01,14,Medium,1.2
LANE-016744,United Kingdom,P10,Truck,2025-02,5,Low,1.06
LANE-008785,Italy,P5,Truck,2025-07,3,Low,0.86
LANE-004530,India,P12,Ocean,2026-08,28,Low,0.6
LANE-016115,United Kingdom,P2,Rail,2025-11,13,High,0.66
LANE-001005,Mexico,P2,Ocean,2026-03,25,Medium,0.61
LANE-004371,India,P10,Ocean,2026-03,28,Medium,0.69
LANE-006683,Japan,P3,Rail,2026-05,7,Low,0.73
LANE-007593,South Korea,P2,Ocean,2025-03,31,Low,0.68
LANE-013749,Spain,P8,Ocean,2026-09,28,Medium,0.54
LANE-002784,China,P2,Truck,2025-12,4,Medium,
LANE-015123,Thailand,P2,Truck,2025-09,5,Medium,0.95
LANE-005999,Brazil,P6,Air,2026-03,3,Low,2.38
LANE-009133,Italy,P9,Rail,2025-03,12,High,1.14
LANE-011346,Canada,P2,Rail,2026-04,11,Medium,0.94
LANE-016448,United Kingdom,P6,Rail,2026-02,12,Low,
LANE-008915,Italy,P6,Ocean,2025-05,31,Low,0.71
LANE-005527,Brazil,P1,Rail,2025-05,10,Medium,1.11
LANE-003610,China,P12,Ocean,2025-02,29,Medium,0.62
LANE-007549,South Korea,P2,Truck,2025-03,5,Low,1.05
LANE-002385,Germany,P8,Air,2025-09,2,Low,3.17
LANE-005077,Poland,P7,Rail,2026-05,14,Low,1.03
LANE-004922,Poland,P5,Rail,2026-04,12,Medium,1.18
LANE-014097,Czech Republic,P1,Truck,2026-05,2,Low,1.27
LANE-002206,Germany,P6,Rail,2025-06,12,Low,0.74
LANE-001295,Mexico,P6,Rail,2026-07,11,Low,0.65
LANE-009761,Turkey,P5,Ocean,2026-03,25,Low,0.78
LANE-012763,France,P8,Truck,2025-03,5,Medium,1.37
LANE-011229,Vietnam,P12,Ocean,2025-09,33,Low,0.86
LANE-000610,United States,P9,Truck,2026-04,3,Low,1.15
LANE-002350,Germany,P8,Rail,2026-06,14,Low,1.18
LANE-006078,Brazil,P8,Truck,2025-06,4,Medium,1.15
LANE-006690,Japan,P3,Ocean,2025-02,24,Medium,0.84
LANE-002383,Germany,P8,Air,2025-07,3,Low,3.94
LANE-000482,United States,P7,Rail,2026-08,8,Medium,1.17
LANE-015880,Thailand,P11,Ocean,2026-06,19,High,0.45
LANE-009063,Italy,P8,Truck,2026-09,5,Low,1.32
LANE-015447,Thailand,P6,Ocean,2025-03,23,High,0.58
LANE-015549,Thailand,P7,Ocean,2026-05,26,Low,0.46
LANE-013414,Spain,P4,Rail,2026-04,11,Low,1.07
LANE-016460,United Kingdom,P6,Ocean,2025-04,28,Low,0.8
LANE-016357,United Kingdom,P5,Rail,2025-11,11,Medium,0.88
LANE-014726,Czech Republic,P9,Truck,2025-08,5,Medium,1.25
LANE-000063,United States,P2,Truck,2026-07,1,Low,1.14
LANE-011891,Canada,P9,Truck,2025-11,5,Low,1.02
LANE-013577,Spain,P6,Ocean,2025-03,30,Low,0.68
LANE-002588,Germany,P11,Ocean,2026-02,25,Low,0.82
LANE-015571,Thailand,P7,Air,2026-05,3,Low,2.49
LANE-015460,Thailand,P6,Ocean,2026-04,21,High,
LANE-006580,Japan,P2,Truck,2025-02,4,Medium,1.56
LANE-012387,France,P3,Truck,2025-01,5,Medium,
LANE-007204,Japan,P9,Rail,2025-10,13,Low,
LANE-014120,Czech Republic,P1,Rail,2026-06,10,Low,1.05
LANE-015619,Thailand,P8,Rail,2026-09,7,Low,1.17
LANE-002305,Germany,P7,Ocean,2026-05,33,Medium,0.84
LANE-003423,China,P9,Ocean,2026-01,27,Low,0.73
LANE-006588,Japan,P2,Truck,2025-10,6,Medium,1.21
LANE-009444,Turkey,P1,Air,2025-06,3,High,3.53
LANE-010142,Turkey,P10,Ocean,2026-10,28,Medium,0.54
LANE-010829,Vietnam,P7,Rail,2025-05,13,Low,1.26
LANE-012352,France,P2,Rail,2025-10,10,Low,1.16
LANE-005224,Poland,P9,Truck,2025-10,5,Low,1.06
LANE-014888,Czech Republic,P10,Air,2026-04,2,Low,
LANE-014665,Czech Republic,P8,Rail,2026-01,8,Medium,1.24
LANE-015001,Czech Republic,P12,Rail,2026-07,10,Medium,0.77
LANE-008625,Italy,P3,Truck,2025-01,5,Low,1.31
LANE-008129,South Korea,P9,Truck,2025-11,5,Medium,1.46
LANE-001831,Germany,P1,Truck,2025-05,5,Low,1.04
LANE-008190,South Korea,P9,Air,2025-06,2,Low,2.67
LANE-002190,Germany,P6,Truck,2025-12,4,Low,1.49
LANE-014417,Czech Republic,P5,Rail,2025-07,16,Low,0.98
LANE-007375,Japan,P11,Ocean,2025-05,26,Low,0.58
LANE-016911,United Kingdom,P12,Truck,2026-03,4,High,0.86
LANE-014905,Czech Republic,P11,Truck,2025-11,4,Medium,0.8
LANE-001287,Mexico,P6,Rail,2025-11,10,Low,0.73
LANE-003341,China,P8,Rail,2026-07,7,High,1.22
LANE-012739,France,P7,Air,2025-01,2,High,3.07
LANE-015292,Thailand,P4,Ocean,2025-02,26,Low,0.78
LANE-011089,Vietnam,P11,Truck,2025-01,4,Low,0.88
LANE-004568,Poland,P1,Truck,2026-02,6,Medium,0.98
LANE-009368,Italy,P12,Ocean,2026-06,26,Low,0.64
LANE-001305,Mexico,P6,Ocean,2025-07,27,Low,
LANE-001061,Mexico,P3,Rail,2025-05,13,Low,1.24
LANE-004616,Poland,P1,Ocean,2026-06,34,Medium,0.59
LANE-010993,Vietnam,P9,Ocean,2026-03,32,Low,0.5
LANE-014962,Czech Republic,P12,Truck,2025-02,5,Low,1.57
LANE-002779,China,P2,Truck,2025-07,5,Medium,
LANE-000531,United States,P8,Truck,2025-03,5,High,0.97
LANE-000420,United States,P6,Air,2025-02,2,Low,2.6
LANE-013541,Spain,P6,Truck,2025-11,5,Low,1.08
LANE-015992,Thailand,P12,Air,2026-08,4,Low,3.84
LANE-004010,India,P6,Truck,2025-06,5,Low,1.36
LANE-005053,Poland,P7,Truck,2026-03,3,Low,1.43
LANE-008194,South Korea,P9,Air,2025-10,3,Low,2.31
LANE-009899,Turkey,P7,Truck,2026-09,5,High,0.95
LANE-014990,Czech Republic,P12,Rail,2025-08,13,Medium,0.94
LANE-008294,South Korea,P10,Air,2026-10,3,High,3.92
LANE-005591,Brazil,P2,Truck,2025-03,5,Low,0.96
LANE-014307,Czech Republic,P3,Ocean,2025-07,30,Medium,
LANE-013360,Spain,P3,Air,2025-06,3,High,2.13
LANE-004189,India,P8,Truck,2025-09,5,Low,0.95
LANE-016219,United Kingdom,P3,Air,2025-05,3,Low,2.74
LANE-006736,Japan,P4,Truck,2025-04,6,Low,1.58
LANE-003447,China,P10,Truck,2026-03,5,Medium,0.98
LANE-009487,Turkey,P2,Rail,2025-05,12,Medium,0.64
LANE-005914,Brazil,P5,Air,2026-06,2,Low,3.27
LANE-002525,Germany,P10,Ocean,2026-05,30,Low,0.68
LANE-014789,Czech Republic,P9,Air,2025-05,2,Medium,2.25
LANE-003753,India,P2,Rail,2026-01,11,Low,0.94
LANE-014634,Czech Republic,P8,Truck,2025-04,5,Medium,1.56
LANE-014393,Czech Republic,P5,Truck,2025-05,2,Low,
LANE-009124,Italy,P9,Truck,2026-04,4,Low,1.33
LANE-014140,Czech Republic,P1,Ocean,2026-04,24,Low,0.61
LANE-006663,Japan,P3,Truck,2026-07,4,Low,1.15
LANE-013197,Spain,P1,Ocean,2026-07,31,Low,0.64
LANE-013986,Spain,P11,Ocean,2026-04,27,Low,0.68
LANE-010589,Vietnam,P4,Ocean,2025-07,24,Low,0.63
LANE-009522,Turkey,P2,Ocean,2026-06,19,Medium,0.88
LANE-008171,South Korea,P9,Ocean,2025-09,25,Medium,0.46
LANE-009759,Turkey,P5,Ocean,2026-01,30,Low,0.64
LANE-005964,Brazil,P6,Ocean,2025-02,26,Low,0.5
LANE-007167,Japan,P8,Air,2026-05,3,High,3.61
LANE-015031,Czech Republic,P12,Air,2025-05,3,Low,4.07
LANE-007560,South Korea,P2,Truck,2026-02,6,Low,1.55
LANE-000876,United States,P12,Air,2026-06,3,Low,3.05
LANE-007904,South Korea,P6,Rail,2025-06,10,Low,1.24
LANE-004880,Poland,P4,Air,2026-06,4,Medium,3.23
LANE-016922,United Kingdom,P12,Rail,2025-04,13,Medium,1.15
LANE-007753,South Korea,P4,Ocean,2025-09,26,Medium,0.55
LANE-011762,Canada,P7,Rail,2026-02,13,Low,0.9
LANE-016174,United Kingdom,P3,Rail,2025-04,11,Low,0.73
LANE-012858,France,P9,Truck,2025-10,5,Low,1.46
LANE-014397,Czech Republic,P5,Truck,2025-09,4,Low,1.46
LANE-009267,Italy,P11,Rail,2025-05,12,Low,
LANE-016610,United Kingdom,P8,Rail,2026-10,14,Medium,0.83
LANE-009782,Turkey,P5,Air,2026-02,3,High,3.1
LANE-015945,Thailand,P12,Rail,2026-05,8,Medium,1.27
LANE-006326,Brazil,P10,Air,2025-12,3,Low,2.45
LANE-001671,Mexico,P10,Air,2026-09,3,Low,2.95
LANE-003291,China,P7,Air,2026-01,2,Low,3.13
LANE-014964,Czech Republic,P12,Truck,2025-04,3,Low,1.16
LANE-013556,Spain,P6,Rail,2025-04,9,Low,1.07
LANE-005195,Poland,P8,Air,2025-03,2,Medium,
LANE-009689,Turkey,P4,Ocean,2025-09,26,Medium,0.67
LANE-013708,Spain,P8,Rail,2025-02,12,Low,0.95
LANE-007070,Japan,P7,Air,2025-08,2,Low,2.66
LANE-007338,Japan,P11,Truck,2025-12,6,Low,1.27
LANE-009452,Turkey,P1,Air,2026-02,2,High,3.83
LANE-014872,Czech Republic,P10,Ocean,2026-10,26,Medium,0.47
LANE-012676,France,P7,Truck,2025-04,6,Medium,0.88
LANE-010411,Vietnam,P2,Truck,2025-05,4,Low,1.13
LANE-014932,Czech Republic,P11,Rail,2026-04,9,Low,1.19
LANE-012520,France,P4,Air,2025-02,1,High,3.12
LANE-002131,Germany,P5,Truck,2026-07,1,Low,1.37
LANE-012314,France,P1,Air,2026-04,2,Medium,
LANE-004919,Poland,P5,Rail,2026-01,8,Medium,1.03
LANE-002625,Germany,P12,Truck,2025-07,2,High,0.99
LANE-013322,Spain,P3,Rail,2025-12,11,Low,1.17
LANE-001999,Germany,P3,Truck,2026-07,5,Medium,0.99
LANE-003106,China,P5,Air,2025-04,3,Low,4.04
LANE-001972,Germany,P2,Ocean,2026-02,31,Low,0.45
LANE-002142,Germany,P5,Rail,2025-08,11,Low,0.85
LANE-012543,France,P5,Truck,2025-03,5,Medium,
LANE-007252,Japan,P10,Truck,2026-02,4,High,1.15
LANE-010049,Turkey,P9,Rail,2026-05,13,Medium,0.74
LANE-013213,Spain,P2,Truck,2026-01,6,Low,1.44
LANE-009978,Turkey,P8,Rail,2025-12,11,Low,1.13
LANE-003852,India,P4,Truck,2025-02,5,Medium,1.0
LANE-007540,South Korea,P1,Ocean,2026-04,23,Low,0.78
LANE-003247,China,P7,Rail,2026-01,12,Medium,0.68
LANE-012031,Canada,P10,Ocean,2026-07,34,Medium,0.46
LANE-001203,Mexico,P5,Rail,2026-03,11,Medium,1.27
LANE-014915,Czech Republic,P11,Truck,2026-09,5,Medium,0.93
LANE-009439,Turkey,P1,Air,2025-01,2,High,
LANE-005102,Poland,P7,Ocean,2026-08,31,Low,0.52
LANE-004546,India,P12,Air,2026-02,3,Medium,3.34
LANE-002025,Germany,P3,Ocean,2025-01,22,Medium,0.74
LANE-016792,United Kingdom,P10,Ocean,2025-06,26,Low,0.86
LANE-007168,Japan,P8,Air,2026-06,2,High,
LANE-007140,Japan,P8,Ocean,2025-12,31,Low,0.86
LANE-001602,Mexico,P10,Truck,2026-06,5,Low,1.27
LANE-016724,United Kingdom,P9,Air,2025-04,3,Medium,2.21
LANE-010347,Vietnam,P1,Rail,2025-07,13,Low,0.82
LANE-011366,Canada,P2,Ocean,2026-02,26,Medium,0.56
LANE-003430,China,P9,Ocean,2026-08,32,Low,0.76
LANE-000712,United States,P10,Rail,2025-08,12,Low,0.82
LANE-008870,Italy,P6,Truck,2025-04,4,Medium,1.32
LANE-014459,Czech Republic,P5,Air,2025-05,2,Low,3.12
LANE-003630,China,P12,Ocean,2026-10,28,Medium,0.84
LANE-013581,Spain,P6,Ocean,2025-07,30,Low,0.73
LANE-002420,Germany,P9,Truck,2026-10,6,Medium,1.52
LANE-001480,Mexico,P8,Air,2025-06,2,Low,3.23
LANE-010997,Vietnam,P9,Ocean,2026-07,29,Low,0.49
LANE-007592,South Korea,P2,Ocean,2025-02,23,Low,0.46
LANE-001721,Mexico,P11,Ocean,2025-05,23,High,0.7
LANE-005452,Poland,P12,Rail,2026-06,11,Low,0.95
LANE-000038,United States,P1,Rail,2026-04,6,Low,1.13
LANE-006114,Brazil,P8,Rail,2026-08,14,Low,0.83
LANE-009435,Turkey,P1,Ocean,2026-07,31,Low,0.59
LANE-003493,China,P10,Ocean,2026-05,26,Low,0.87
LANE-010318,Turkey,P12,Ocean,2026-10,29,Low,0.57
LANE-008519,Italy,P1,Ocean,2025-05,27,High,0.63
LANE-013848,Spain,P9,Air,2025-10,3,Low,3.57
LANE-012212,Canada,P12,Air,2025-02,2,Medium,3.03
LANE-014026,Spain,P12,Rail,2025-12,12,Low,0.98
LANE-014564,Czech Republic,P7,Truck,2026-10,5,Low,0.9
LANE-010253,Turkey,P12,Truck,2025-01,3,Low,1.38
LANE-012323,France,P2,Truck,2025-03,5,Medium,1.15
LANE-011979,Canada,P10,Truck,2025-11,5,Medium,0.89
LANE-015530,Thailand,P7,Rail,2026-08,8,Low,0.84
LANE-002038,Germany,P3,Ocean,2026-02,28,Medium,0.61
LANE-000780,United States,P11,Rail,2025-10,8,Low,1.2
LANE-007655,South Korea,P3,Truck,2026-09,4,Low,0.8
LANE-007295,Japan,P10,Ocean,2026-01,25,Low,0.77
LANE-005759,Brazil,P3,Air,2026-05,3,Medium,4.1
LANE-007298,Japan,P10,Ocean,2026-04,21,Low,0.53
LANE-013131,France,P12,Ocean,2026-07,29,High,0.73
LANE-008700,Italy,P3,Air,2025-10,3,High,3.87
LANE-011493,Canada,P4,Rail,2025-09,10,Medium,1.05
LANE-002961,China,P4,Truck,2026-01,4,Low,1.57
LANE-010900,Vietnam,P8,Rail,2025-10,11,Low,0.75
LANE-007191,Japan,P9,Truck,2026-07,5,High,0.95
LANE-006585,Japan,P2,Truck,2025-07,4,Medium,1.58
LANE-014838,Czech Republic,P10,Rail,2025-10,11,Low,0.74
LANE-001251,Mexico,P5,Air,2026-07,2,High,2.82
LANE-012084,Canada,P11,Rail,2025-06,14,Low,0.85
LANE-010764,Vietnam,P6,Ocean,2025-06,20,Low,0.87
LANE-009683,Turkey,P4,Ocean,2025-03,20,Medium,0.67
LANE-007955,South Korea,P6,Air,2026-01,3,Low,2.73
LANE-012954,France,P10,Truck,2026-06,6,Medium,1.4
LANE-008145,South Korea,P9,Rail,2025-05,10,High,0.99
LANE-016770,United Kingdom,P10,Rail,2025-06,8,Medium,0.72
LANE-008269,South Korea,P10,Ocean,2026-07,21,Low,0.65
LANE-008934,Italy,P6,Air,2025-02,3,Low,3.32
LANE-012725,France,P7,Ocean,2025-09,21,Low,
LANE-012059,Canada,P11,Truck,2025-03,4,Medium,1.47
LANE-002871,China,P3,Truck,2025-11,4,High,0.9
LANE-003765,India,P2,Ocean,2025-03,25,Low,0.46
LANE-004061,India,P6,Ocean,2026-01,34,Medium,0.47
LANE-003093,China,P5,Ocean,2026-01,24,Medium,0.53
LANE-015654,Thailand,P8,Air,2025-12,2,Low,2.39
LANE-001644,Mexico,P10,Ocean,2026-04,26,Low,0.88
LANE-010519,Vietnam,P3,Ocean,2025-03,20,Low,0.85
LANE-008745,Italy,P4,Rail,2025-11,13,Low,1.26
LANE-015146,Thailand,P2,Rail,2025-10,12,Low,0.9
LANE-000667,United States,P9,Air,2025-07,2,Low,3.94
LANE-015796,Thailand,P10,Rail,2026-10,12,High,0.69
LANE-014091,Czech Republic,P1,Truck,2025-11,4,Low,1.45
LANE-014443,Czech Republic,P5,Ocean,2025-11,30,High,0.63
LANE-002636,Germany,P12,Truck,2026-06,3,High,1.4
LANE-001171,Mexico,P5,Truck,2025-05,5,Low,
LANE-013000,France,P10,Ocean,2026-08,26,Low,0.64
LANE-005328,Poland,P11,Truck,2025-04,4,Low,0.85
LANE-003713,India,P1,Air,2026-05,3,Low,3.33
LANE-012670,France,P6,Ocean,2026-08,32,Medium,0.78
LANE-010174,Turkey,P11,Truck,2025-10,4,Low,1.44
LANE-010238,Turkey,P11,Air,2025-08,3,High,2.82
LANE-008749,Italy,P4,Rail,2026-03,12,Low,0.92
LANE-005979,Brazil,P6,Ocean,2026-05,19,Low,0.74
LANE-006846,Japan,P5,Rail,2025-04,9,Low,0.65
LANE-000355,United States,P6,Truck,2025-03,4,Low,0.97
LANE-010661,Vietnam,P5,Rail,2026-01,11,Low,0.84
LANE-012253,France,P1,Truck,2026-09,4,Medium,0.88
LANE-002978,China,P4,Rail,2025-08,15,Medium,0.87
LANE-006957,Japan,P6,Ocean,2025-05,31,Low,0.79
LANE-001145,Mexico,P4,Ocean,2025-01,27,Low,0.6
LANE-002895,China,P3,Rail,2026-01,10,Medium,
LANE-006216,Brazil,P9,Ocean,2025-12,23,Low,0.76
LANE-000373,United States,P6,Truck,2026-09,5,Low,1.22
LANE-013128,France,P12,Ocean,2026-04,23,High,
LANE-014525,Czech Republic,P6,Ocean,2025-05,29,Medium,0.53
LANE-001482,Mexico,P8,Air,2025-08,2,Low,3.8
LANE-012305,France,P1,Air,2025-07,2,Medium,3.13
LANE-015915,Thailand,P12,Truck,2025-09,5,High,1.25
LANE-006513,Japan,P1,Rail,2025-01,14,Low,1.19
LANE-007194,Japan,P9,Truck,2026-10,5,High,1.54
LANE-013292,Spain,P3,Truck,2025-04,5,Low,1.19
LANE-000508,United States,P7,Air,2025-02,2,Medium,
LANE-003188,China,P6,Ocean,2026-08,23,Medium,0.76
LANE-000874,United States,P12,Air,2026-04,3,Low,3.06
LANE-012060,Canada,P11,Truck,2025-04,5,Medium,0.93
LANE-016264,United Kingdom,P4,Rail,2025-06,11,Low,1.1
LANE-013139,Spain,P1,Truck,2025-05,4,High,1.52
LANE-013822,Spain,P9,Ocean,2025-06,20,Medium,0.72
LANE-008492,Italy,P1,Truck,2026-10,5,Medium,1.19
LANE-013796,Spain,P9,Rail,2025-02,10,Low,1.25
LANE-005696,Brazil,P3,Truck,2026-08,5,Low,1.18
LANE-002890,China,P3,Rail,2025-08,13,Medium,1.15
LANE-000241,United States,P4,Rail,2026-09,11,Low,1.25
LANE-013157,Spain,P1,Rail,2025-01,8,Medium,0.86
LANE-014760,Czech Republic,P9,Rail,2026-08,11,Low,0.74
LANE-009213,Italy,P10,Rail,2026-05,13,Medium,0.87
LANE-006954,Japan,P6,Ocean,2025-02,23,Low,0.84
LANE-006030,Brazil,P7,Rail,2025-02,8,Low,1.26
LANE-000958,Mexico,P2,Truck,2025-12,4,High,
LANE-008818,Italy,P5,Rail,2026-06,14,Low,0.8
LANE-015756,Thailand,P10,Truck,2025-04,5,Low,1.09
LANE-015857,Thailand,P11,Rail,2026-05,14,Low,0.83
LANE-007603,South Korea,P2,Ocean,2026-01,30,Low,0.69
LANE-003686,India,P1,Ocean,2025-12,29,Low,0.69
LANE-015695,Thailand,P9,Rail,2025-09,12,Low,0.84
LANE-012339,France,P2,Truck,2026-07,4,Medium,1.39
LANE-003026,China,P4,Air,2025-12,2,Medium,4.14
LANE-004675,Poland,P2,Ocean,2025-11,23,Low,0.87
LANE-008855,Italy,P5,Air,2025-11,3,Low,3.52
LANE-005153,Poland,P8,Rail,2025-05,11,Low,0.97
LANE-009067,Italy,P8,Rail,2025-03,12,Medium,1.26
LANE-006297,Brazil,P10,Ocean,2025-05,24,Medium,0.52
LANE-004891,Poland,P5,Truck,2025-07,3,High,1.58
LANE-002141,Germany,P5,Rail,2025-07,9,Low,
LANE-016566,United Kingdom,P7,Air,2026-10,2,Medium,2.15
LANE-002699,Germany,P12,Air,2026-03,2,Low,3.91
LANE-015432,Thailand,P6,Rail,2025-10,11,Low,0.83
LANE-007798,South Korea,P5,Truck,2025-10,5,Low,1.42
LANE-015868,Thailand,P11,Ocean,2025-06,36,High,0.86
LANE-001729,Mexico,P11,Ocean,2026-01,21,High,0.8
LANE-013930,Spain,P11,Truck,2025-04,4,Low,0.91
LANE-013992,Spain,P11,Ocean,2026-10,31,Low,0.49
LANE-010745,Vietnam,P6,Rail,2025-09,10,Medium,0.77
LANE-001969,Germany,P2,Ocean,2025-11,32,Low,0.79
LANE-001684,Mexico,P11,Truck,2025-12,4,Low,1.05
LANE-013840,Spain,P9,Air,2025-02,3,Low,3.64
LANE-002146,Germany,P5,Rail,2025-12,8,Low,0.81
LANE-013396,Spain,P4,Truck,2026-08,5,Low,1.06
LANE-012755,France,P7,Air,2026-05,3,High,2.89
LANE-001605,Mexico,P10,Truck,2026-09,4,Low,1.46
LANE-004206,India,P8,Rail,2025-04,11,Medium,1.03
LANE-010020,Turkey,P9,Truck,2025-10,5,High,1.19
LANE-005724,Brazil,P3,Ocean,2025-04,29,Medium,0.67
LANE-005263,Poland,P9,Ocean,2025-05,27,Medium,0.46
LANE-005924,Brazil,P6,Truck,2025-06,4,Low,1.05
LANE-000767,United States,P11,Truck,2026-07,1,Medium,1.05
LANE-007758,South Korea,P4,Ocean,2026-02,25,Medium,0.61
LANE-005094,Poland,P7,Ocean,2025-12,24,Low,0.5
LANE-012695,France,P7,Rail,2025-01,10,Low,1.22
LANE-011065,Vietnam,P10,Ocean,2026-09,25,Medium,0.72
LANE-004551,India,P12,Air,2026-07,2,Medium,3.82
LANE-002934,China,P3,Air,2025-08,1,High,4.15
LANE-015521,Thailand,P7,Rail,2025-11,11,Low,0.65
LANE-010470,Vietnam,P2,Ocean,2026-08,27,Low,0.84
LANE-004137,India,P7,Ocean,2025-01,26,Low,0.46
LANE-008287,South Korea,P10,Air,2026-03,3,High,2.27
LANE-010391,Vietnam,P1,Air,2025-07,3,Medium,2.86
LANE-001515,Mexico,P9,Truck,2026-07,5,Low,1.38
LANE-003472,China,P10,Rail,2026-06,13,Low,0.97
LANE-009895,Turkey,P7,Truck,2026-05,4,High,1.4
LANE-011937,Canada,P9,Ocean,2026-01,26,High,0.67
LANE-004443,India,P11,Rail,2026-09,16,Low,1.06
LANE-006058,Brazil,P7,Air,2025-08,1,High,2.1
LANE-010355,Vietnam,P1,Rail,2026-03,11,Low,1.05
LANE-010607,Vietnam,P4,Air,2025-03,3,Medium,2.53
LANE-011648,Canada,P6,Truck,2025-10,5,Low,1.13
LANE-008730,Italy,P4,Truck,2026-06,4,Medium,1.14
LANE-004246,India,P8,Ocean,2026-10,29,Low,0.55
LANE-010502,Vietnam,P3,Rail,2025-08,12,Low,0.73
LANE-006711,Japan,P3,Air,2025-01,3,Low,2.52
LANE-014747,Czech Republic,P9,Rail,2025-07,11,Low,0.91
LANE-013267,Spain,P2,Air,2025-01,3,Low,2.86
LANE-015062,Thailand,P1,Truck,2026-02,4,Medium,0.81
LANE-006948,Japan,P6,Rail,2026-06,9,Medium,0.99
LANE-010056,Turkey,P9,Ocean,2025-02,30,Low,0.86
LANE-015222,Thailand,P3,Rail,2026-08,8,Low,0.84
LANE-008683,Italy,P3,Ocean,2026-03,35,High,0.47
LANE-000159,United States,P3,Ocean,2025-05,27,Medium,0.68
LANE-001365,Mexico,P7,Rail,2025-01,14,High,0.75
LANE-007837,South Korea,P5,Ocean,2025-05,35,Medium,0.66
LANE-005276,Poland,P9,Ocean,2026-06,27,Medium,0.5
LANE-010731,Vietnam,P6,Truck,2026-05,5,Low,1.28
LANE-012493,France,P4,Truck,2026-07,1,Low,
LANE-000651,United States,P9,Ocean,2026-01,34,Medium,0.74
LANE-008203,South Korea,P9,Air,2026-07,3,Low,
LANE-001784,Mexico,P12,Rail,2025-02,8,High,1.01
LANE-008682,Italy,P3,Ocean,2026-02,28,High,0.79
LANE-016538,United Kingdom,P7,Ocean,2026-04,28,High,0.77
LANE-011583,Canada,P5,Rail,2025-11,12,Low,0.78
LANE-006376,Brazil,P11,Rail,2026-06,12,Low,0.85
LANE-013558,Spain,P6,Rail,2025-06,11,Low,1.02
LANE-013676,Spain,P7,Ocean,2026-02,24,High,0.69
LANE-012187,Canada,P12,Rail,2026-09,13,Low,0.74
LANE-009558,Turkey,P3,Truck,2025-10,5,Medium,1.05
LANE-013276,Spain,P2,Air,2025-10,2,Low,3.79
LANE-007453,Japan,P12,Ocean,2026-05,28,Low,0.71
LANE-011373,Canada,P2,Ocean,2026-09,25,Medium,0.83
LANE-009218,Italy,P10,Rail,2026-10,8,Medium,0.74
LANE-006931,Japan,P6,Rail,2025-01,11,Medium,0.8
LANE-009256,Italy,P11,Truck,2026-04,4,Low,1.08
LANE-005246,Poland,P9,Rail,2025-10,8,Low,1.26
LANE-011315,Canada,P2,Truck,2025-07,3,Low,1.43
LANE-005737,Brazil,P3,Ocean,2026-05,26,Medium,0.68
LANE-000448,United States,P7,Truck,2025-08,4,High,1.23
LANE-000722,United States,P10,Rail,2026-06,13,Low,0.71
LANE-007946,South Korea,P6,Air,2025-04,2,Low,2.99
LANE-002917,China,P3,Ocean,2026-01,30,Low,0.62
LANE-016008,United Kingdom,P1,Truck,2026-02,4,Low,1.52
LANE-011200,Vietnam,P12,Rail,2025-02,11,High,1.15
LANE-003992,India,P5,Air,2025-10,3,Low,3.8
LANE-014680,Czech Republic,P8,Ocean,2025-06,31,Medium,0.83
LANE-008061,South Korea,P8,Rail,2025-09,12,High,1.03
LANE-012971,France,P10,Rail,2026-01,9,Medium,0.71
LANE-003014,China,P4,Ocean,2026-10,24,Low,0.54
LANE-010531,Vietnam,P3,Ocean,2026-03,32,Low,0.64
LANE-004872,Poland,P4,Air,2025-10,3,Medium,4.11
LANE-011385,Canada,P2,Air,2025-11,2,Low,2.99
LANE-001924,Germany,P2,Truck,2025-10,5,Low,1.36
LANE-013103,France,P12,Rail,2026-01,11,Low,1.15
LANE-016377,United Kingdom,P5,Ocean,2025-09,29,Low,0.54
LANE-013714,Spain,P8,Rail,2025-08,15,Low,0.72
LANE-007860,South Korea,P5,Air,2025-06,2,Medium,3.54
LANE-003738,India,P2,Truck,2026-08,6,Low,0.98
LANE-003918,India,P5,Truck,2025-02,4,Medium,0.96
LANE-007505,South Korea,P1,Rail,2025-03,11,Medium,1.23
LANE-005325,Poland,P11,Truck,2025-01,3,Low,1.58
LANE-011632,Canada,P5,Air,2026-04,3,Low,3.79
LANE-012860,France,P9,Truck,2025-12,5,Low,0.98
LANE-010711,Vietnam,P5,Air,2026-07,3,Medium,2.46
LANE-008931,Italy,P6,Ocean,2026-09,15,Low,
LANE-000808,United States,P12,Truck,2026-04,4,Medium,1.08
LANE-014118,Czech Republic,P1,Rail,2026-04,9,Low,0.9
LANE-002399,Germany,P9,Truck,2025-01,5,Medium,1.11
LANE-006180,Brazil,P9,Truck,2026-08,5,Medium,0.94
LANE-009643,Turkey,P4,Truck,2025-07,4,Low,1.55
LANE-006229,Brazil,P9,Air,2025-03,3,Low,2.92
LANE-003662,India,P1,Rail,2025-10,14,Medium,0.85
LANE-008411,South Korea,P12,Rail,2025-07,10,Low,1.05
LANE-009412,Turkey,P1,Rail,2026-06,10,Medium,0.88
LANE-009353,Italy,P12,Ocean,2025-03,29,Low,0.69
LANE-015517,Thailand,P7,Rail,2025-07,9,Low,0.92
LANE-008268,South Korea,P10,Ocean,2026-06,29,Low,0.76
LANE-010358,Vietnam,P1,Rail,2026-06,12,Low,0.73
LANE-006314,Brazil,P10,Ocean,2026-10,27,Medium,0.83
LANE-014939,Czech Republic,P11,Ocean,2025-01,27,Medium,0.82
LANE-015901,Thailand,P11,Air,2026-05,3,Medium,3.49
LANE-003153,China,P6,Rail,2025-07,12,Medium,0.89
LANE-002632,Germany,P12,Truck,2026-02,5,High,1.31
LANE-005483,Poland,P12,Air,2025-05,3,Low,2.8
LANE-014673,Czech Republic,P8,Rail,2026-09,11,Medium,1.19
LANE-000078,United States,P2,Rail,2025-12,8,Low,
LANE-012707,France,P7,Rail,2026-01,12,Low,0.79
LANE-003701,India,P1,Air,2025-05,3,Low,3.39
LANE-008740,Italy,P4,Rail,2025-06,13,Low,0.66
LANE-002030,Germany,P3,Ocean,2025-06,18,Medium,0.62
LANE-011147,Vietnam,P11,Ocean,2026-03,24,Low,0.53
LANE-016542,United Kingdom,P7,Ocean,2026-08,32,High,0.69
LANE-013772,Spain,P8,Air,2026-10,3,Low,2.48
LANE-003367,China,P9,Truck,2025-01,5,Low,
LANE-012053,Canada,P10,Air,2026-07,2,Low,2.77
LANE-005863,Brazil,P5,Rail,2025-11,10,Medium,
LANE-007053,Japan,P7,Ocean,2026-01,21,High,0.49
LANE-016098,United Kingdom,P2,Truck,2026-04,4,Low,1.27
LANE-006199,Brazil,P9,Rail,2026-05,11,Medium,0.7
LANE-007670,South Korea,P3,Rail,2026-02,10,Medium,1.27
LANE-006177,Brazil,P9,Truck,2026-05,3,Medium,0.95
LANE-001411,Mexico,P8,Truck,2025-03,4,Low,
LANE-010642,Vietnam,P5,Truck,2026-04,4,Low,1.15
LANE-005495,Poland,P12,Air,2026-05,2,Low,3.27
LANE-007716,South Korea,P4,Truck,2026-04,2,Low,1.31
LANE-015615,Thailand,P8,Rail,2026-05,13,Low,0.81
LANE-009853,Turkey,P6,Ocean,2026-07,27,Low,0.61
LANE-001742,Mexico,P11,Air,2025-04,3,Low,3.76
LANE-004747,Poland,P3,Rail,2026-05,8,Medium,0.89
LANE-014453,Czech Republic,P5,Ocean,2026-09,27,High,
LANE-005786,Brazil,P4,Truck,2026-10,4,High,
LANE-002028,Germany,P3,Ocean,2025-04,18,Medium,0.69
LANE-005318,Poland,P10,Rail,2026-04,8,Low,1.21
LANE-015132,Thailand,P2,Truck,2026-06,5,Medium,0.9
LANE-008039,South Korea,P8,Truck,2025-09,3,High,0.97
LANE-016509,United Kingdom,P7,Rail,2025-09,12,Medium,0.78
LANE-011581,Canada,P5,Rail,2025-09,13,Low,0.79
LANE-000096,United States,P2,Air,2025-08,1,Low,2.68
LANE-015180,Thailand,P2,Ocean,2026-10,28,Medium,0.56
LANE-002409,Germany,P9,Truck,2025-11,5,Medium,
LANE-009208,Italy,P10,Rail,2025-12,11,Medium,0.9
LANE-012473,France,P3,Air,2026-09,2,Medium,3.5
LANE-007256,Japan,P10,Truck,2026-06,4,High,1.52
LANE-010835,Vietnam,P7,Rail,2025-11,12,Low,0.73
LANE-013163,Spain,P1,Rail,2025-07,11,Medium,1.22
LANE-011995,Canada,P10,Rail,2025-05,14,Low,0.96
LANE-004238,India,P8,Ocean,2026-02,27,Low,
LANE-012230,Canada,P12,Air,2026-08,3,Medium,3.17
LANE-001406,Mexico,P7,Ocean,2026-08,22,Low,0.71
LANE-016149,United Kingdom,P3,Truck,2025-01,4,Low,1.54
LANE-005983,Brazil,P6,Ocean,2026-09,27,Low,0.69
LANE-002714,China,P1,Truck,2025-08,3,Low,
LANE-008116,South Korea,P8,Air,2026-08,3,Low,3.95
LANE-015260,Thailand,P4,Truck,2026-02,6,Low,1.45
LANE-007756,South Korea,P4,Ocean,2025-12,29,Medium,0.83
LANE-000947,Mexico,P2,Truck,2025-01,4,High,1.29
LANE-007631,South Korea,P2,Air,2026-07,2,Medium,3.27
LANE-004016,India,P6,Truck,2025-12,5,Low,0.96
LANE-007578,South Korea,P2,Rail,2025-10,13,Low,0.8
LANE-000070,United States,P2,Rail,2025-04,11,Low,0.79
LANE-014584,Czech Republic,P7,Rail,2026-08,9,Low,1.27
LANE-009477,Turkey,P2,Truck,2026-05,4,Medium,1.6
LANE-010169,Turkey,P11,Truck,2025-05,4,Low,0.91
LANE-010046,Turkey,P9,Rail,2026-02,12,Medium,1.19
LANE-005746,Brazil,P3,Air,2025-04,3,Medium,3.84
LANE-012964,France,P10,Rail,2025-06,14,Medium,1.08
LANE-007902,South Korea,P6,Rail,2025-04,11,Low,0.71
LANE-002366,Germany,P8,Ocean,2025-12,27,Medium,0.6
LANE-016239,United Kingdom,P4,Truck,2025-03,4,Medium,1.34
LANE-008612,Italy,P2,Ocean,2025-10,22,Low,0.65
LANE-008272,South Korea,P10,Ocean,2026-10,29,Low,0.87
LANE-003082,China,P5,Ocean,2025-02,27,Medium,0.77
LANE-005950,Brazil,P6,Rail,2025-10,10,Medium,0.88
LANE-010217,Turkey,P11,Ocean,2025-09,18,Low,0.74
LANE-011609,Canada,P5,Ocean,2026-03,25,Low,0.76
LANE-011999,Canada,P10,Rail,2025-09,9,Low,0.74
LANE-008629,Italy,P3,Truck,2025-05,4,Low,1.39
LANE-006497,Japan,P1,Truck,2025-07,6,Low,1.23
LANE-016393,United Kingdom,P5,Air,2025-03,2,Low,4.15
LANE-012246,France,P1,Truck,2026-02,5,Medium,1.47
LANE-002288,Germany,P7,Rail,2026-10,10,Low,
LANE-000626,United States,P9,Rail,2025-10,8,Low,0.97
LANE-003097,China,P5,Ocean,2026-05,32,Medium,0.81
LANE-013070,France,P12,Truck,2025-02,4,Medium,1.24
LANE-014454,Czech Republic,P5,Ocean,2026-10,35,High,0.57
LANE-015835,Thailand,P11,Truck,2026-05,5,High,0.9
LANE-015199,Thailand,P3,Truck,2026-07,4,Low,0.96
LANE-011491,Canada,P4,Rail,2025-07,11,Medium,1.09
LANE-016502,United Kingdom,P7,Rail,2025-02,9,Medium,0.64
LANE-009532,Turkey,P2,Air,2025-06,2,Medium,3.13
LANE-007359,Japan,P11,Rail,2025-11,10,High,
LANE-013286,Spain,P2,Air,2026-08,2,Low,3.95
LANE-008119,South Korea,P9,Truck,2025-01,4,Medium,1.16
LANE-003585,China,P12,Truck,2026-09,5,High,1.31
LANE-010564,Vietnam,P4,Rail,2025-04,13,Low,1.01
LANE-013167,Spain,P1,Rail,2025-11,11,Medium,1.1
LANE-005419,Poland,P12,Truck,2025-07,3,Low,0.95
LANE-007027,Japan,P7,Rail,2025-09,9,Low,0.78
LANE-015869,Thailand,P11,Ocean,2025-07,21,High,0.69
LANE-000497,United States,P7,Ocean,2026-01,32,Medium,0.73
LANE-011000,Vietnam,P9,Ocean,2026-10,24,Low,0.87
LANE-006231,Brazil,P9,Air,2025-05,2,Low,4.03
LANE-002121,Germany,P5,Truck,2025-09,2,Low,1.26
LANE-008565,Italy,P2,Truck,2025-07,3,Low,0.99
LANE-010048,Turkey,P9,Rail,2026-04,10,Medium,0.69
LANE-007958,South Korea,P6,Air,2026-04,2,Low,2.16
LANE-011832,Canada,P8,Rail,2026-06,10,Low,0.98
LANE-010986,Vietnam,P9,Ocean,2025-08,23,Low,0.47
LANE-004468,India,P12,Truck,2025-02,5,Medium,
LANE-001079,Mexico,P3,Ocean,2025-01,27,Medium,0.76
LANE-008487,Italy,P1,Truck,2026-05,5,Medium,0.85
LANE-009888,Turkey,P7,Truck,2025-10,4,High,1.36
LANE-006218,Brazil,P9,Ocean,2026-02,31,Low,0.82
LANE-005874,Brazil,P5,Rail,2026-10,11,Medium,1.01
LANE-008065,South Korea,P8,Rail,2026-01,13,High,1.08
LANE-014750,Czech Republic,P9,Rail,2025-10,10,Low,0.83
LANE-004761,Poland,P3,Ocean,2025-09,30,Medium,0.67
LANE-015622,Thailand,P8,Ocean,2025-02,27,Low,0.79
LANE-004520,India,P12,Ocean,2025-10,29,Low,0.63
LANE-000104,United States,P2,Air,2026-04,1,Low,3.5
LANE-001195,Mexico,P5,Rail,2025-07,13,Medium,1.18
LANE-005731,Brazil,P3,Ocean,2025-11,21,Medium,0.52
LANE-007898,South Korea,P6,Truck,2026-10,5,High,0.86
LANE-011826,Canada,P8,Rail,2025-12,10,Low,0.67
LANE-012221,Canada,P12,Air,2025-11,3,Medium,4.13
LANE-016172,United Kingdom,P3,Rail,2025-02,13,Low,0.88
LANE-010013,Turkey,P9,Truck,2025-03,4,High,0.92
LANE-004963,Poland,P5,Air,2026-01,2,Low,3.24
LANE-013620,Spain,P7,Truck,2025-02,4,Medium,0.87
LANE-001917,Germany,P2,Truck,2025-03,4,Low,1.08
LANE-001672,Mexico,P10,Air,2026-10,3,Low,2.52
LANE-002859,China,P2,Air,2026-09,2,Low,3.69
LANE-001772,Mexico,P12,Truck,2025-12,5,High,1.51
LANE-004308,India,P9,Air,2026-06,1,Medium,2.37
LANE-008434,South Korea,P12,Ocean,2025-08,25,Low,0.62
LANE-003782,India,P2,Ocean,2026-08,33,Low,0.67
LANE-010936,Vietnam,P9,Truck,2025-02,3,Medium,1.35
LANE-004060,India,P6,Ocean,2025-12,25,Medium,0.77
LANE-016608,United Kingdom,P8,Rail,2026-08,13,Medium,0.95
LANE-003974,India,P5,Ocean,2026-02,21,High,0.71
LANE-002963,China,P4,Truck,2026-03,6,Low,0.82
LANE-004870,Poland,P4,Air,2025-08,3,Medium,2.98
LANE-002303,Germany,P7,Ocean,2026-03,37,Medium,0.73
LANE-006054,Brazil,P7,Air,2025-04,1,High,3.26
LANE-001839,Germany,P1,Truck,2026-01,5,Low,1.27
LANE-005293,Poland,P10,Truck,2026-01,1,Medium,
LANE-002088,Germany,P4,Rail,2026-08,9,Low,1.03
LANE-009062,Italy,P8,Truck,2026-08,4,Low,1.25
LANE-008702,Italy,P3,Air,2025-12,3,High,3.39
LANE-015646,Thailand,P8,Air,2025-04,2,Low,2.99
LANE-012496,France,P4,Truck,2026-10,1,Low,1.16
LANE-006979,Japan,P6,Air,2025-05,3,Medium,2.35
LANE-002981,China,P4,Rail,2025-11,13,Medium,0.91
LANE-004511,India,P12,Ocean,2025-01,30,Low,0.54
LANE-009875,Turkey,P6,Air,2026-07,3,Low,3.22
LANE-006038,Brazil,P7,Rail,2025-10,8,Low,1.02
LANE-016404,United Kingdom,P5,Air,2026-02,3,Low,
LANE-008728,Italy,P4,Truck,2026-04,4,Medium,0.9
LANE-009970,Turkey,P8,Rail,2025-04,12,Low,0.92
LANE-004557,Poland,P1,Truck,2025-03,5,Medium,1.12
LANE-015022,Czech Republic,P12,Ocean,2026-06,27,Low,0.71
LANE-006968,Japan,P6,Ocean,2026-04,21,Low,0.6
LANE-006370,Brazil,P11,Rail,2025-12,11,Low,1.19
LANE-015808,Thailand,P10,Ocean,2025-12,28,Low,0.54
LANE-013117,France,P12,Ocean,2025-05,29,High,0.71
LANE-003235,China,P7,Rail,2025-01,10,Medium,0.88
LANE-000663,United States,P9,Air,2025-03,3,Low,4.16
LANE-006439,Brazil,P12,Rail,2026-03,11,Medium,1.11
LANE-005655,Brazil,P2,Air,2025-01,2,Low,4.05
LANE-011991,Canada,P10,Rail,2025-01,13,Low,
LANE-011962,Canada,P9,Air,2026-04,3,Medium,2.9
LANE-006815,Japan,P4,Air,2026-05,3,Low,3.45
LANE-001826,Mexico,P12,Ocean,2026-10,31,High,0.73
LANE-013588,Spain,P6,Ocean,2026-02,26,Low,0.5
LANE-007933,South Korea,P6,Ocean,2026-01,27,Medium,0.46
LANE-010179,Turkey,P11,Truck,2026-03,5,Low,1.04
LANE-016461,United Kingdom,P6,Ocean,2025-05,24,Low,0.58
LANE-000134,United States,P3,Rail,2025-02,10,Medium,1.0
LANE-004632,Poland,P2,Truck,2025-12,3,Low,
LANE-013407,Spain,P4,Rail,2025-09,10,Low,0.98
LANE-013007,France,P11,Truck,2025-05,4,Medium,1.1
LANE-012507,France,P4,Rail,2025-11,7,Low,0.71
LANE-005870,Brazil,P5,Rail,2026-06,12,Medium,1.22
LANE-002482,Germany,P10,Truck,2026-06,3,Medium,1.07
LANE-011007,Vietnam,P10,Truck,2025-07,4,Medium,1.47
LANE-006331,Brazil,P10,Air,2026-05,3,Low,2.15
LANE-014237,Czech Republic,P2,Air,2025-03,3,High,3.52
LANE-011259,Canada,P1,Truck,2026-05,4,Low,1.12
LANE-005776,Brazil,P4,Truck,2025-12,4,High,1.46
LANE-004248,India,P9,Truck,2025-02,2,Low,1.04
LANE-002076,Germany,P4,Rail,2025-08,7,Low,1.04
LANE-010281,Turkey,P12,Rail,2025-07,11,Low,0.98
LANE-013975,Spain,P11,Ocean,2025-05,27,Low,0.53
LANE-016762,United Kingdom,P10,Truck,2026-08,5,Low,1.13
LANE-011881,Canada,P9,Truck,2025-01,5,Low,0.81
LANE-000354,United States,P6,Truck,2025-02,4,Low,1.26
LANE-004173,India,P7,Air,2026-03,3,Medium,2.24
LANE-012732,France,P7,Ocean,2026-04,20,Low,
LANE-009406,Turkey,P1,Rail,2025-12,11,Medium,0.98
LANE-004128,India,P7,Rail,2026-02,10,High,1.12
LANE-014796,Czech Republic,P9,Air,2025-12,2,Medium,2.86
LANE-006104,Brazil,P8,Rail,2025-10,13,Low,0.91
LANE-008601,Italy,P2,Rail,2026-09,13,Low,1.11
LANE-010779,Vietnam,P6,Ocean,2026-09,23,Low,0.53
LANE-013257,Spain,P2,Ocean,2026-01,25,Medium,0.57
LANE-016626,United Kingdom,P8,Ocean,2026-04,35,Medium,0.49
LANE-012077,Canada,P11,Truck,2026-09,6,Medium,1.36
LANE-016800,United Kingdom,P10,Ocean,2026-02,26,Low,0.47
LANE-006656,Japan,P3,Truck,2025-12,4,Low,1.58
LANE-013947,Spain,P11,Truck,2026-09,5,Low,0.85
LANE-013701,Spain,P8,Truck,2026-05,4,Medium,0.84
LANE-008840,Italy,P5,Ocean,2026-06,24,High,0.7
LANE-008304,South Korea,P11,Truck,2025-10,4,Low,1.45
LANE-000742,United States,P10,Ocean,2026-04,30,Medium,0.47
LANE-015598,Thailand,P8,Truck,2026-10,4,Low,1.06
LANE-005449,Poland,P12,Rail,2026-03,12,Low,1.26
LANE-009075,Italy,P8,Rail,2025-11,12,Medium,0.96
LANE-010227,Turkey,P11,Ocean,2026-07,33,Low,0.79
LANE-001968,Germany,P2,Ocean,2025-10,28,Low,0.76
LANE-006804,Japan,P4,Air,2025-06,3,Low,4.1
LANE-007346,Japan,P11,Truck,2026-08,6,Low,1.15
LANE-002275,Germany,P7,Rail,2025-09,10,Low,0.64
LANE-004363,India,P10,Ocean,2025-07,33,Medium,0.86
LANE-014870,Czech Republic,P10,Ocean,2026-08,22,Medium,0.8
LANE-009215,Italy,P10,Rail,2026-07,15,Medium,1.14
LANE-012677,France,P7,Truck,2025-05,4,Medium,1.31
LANE-007248,Japan,P10,Truck,2025-10,5,High,1.46
LANE-005315,Poland,P10,Rail,2026-01,9,Low,0.74
LANE-014474,Czech Republic,P5,Air,2026-08,2,Low,4.14
LANE-009958,Turkey,P8,Truck,2026-02,5,Low,0.95
LANE-006976,Japan,P6,Air,2025-02,2,Medium,3.7
LANE-002430,Germany,P9,Rail,2025-10,14,Low,1.11
LANE-005194,Poland,P8,Air,2025-02,3,Medium,2.72
LANE-005134,Poland,P8,Truck,2025-08,4,High,1.2
LANE-010388,Vietnam,P1,Air,2025-04,2,Medium,3.2
LANE-016084,United Kingdom,P2,Truck,2025-02,5,Low,1.05
LANE-015073,Thailand,P1,Rail,2025-03,12,Low,
LANE-004258,India,P9,Truck,2025-12,1,Low,1.3
LANE-011445,Canada,P3,Air,2025-05,1,Low,3.68
LANE-015103,Thailand,P1,Ocean,2025-11,26,High,0.57
LANE-002668,Germany,P12,Ocean,2025-06,21,Low,0.66
LANE-005884,Brazil,P5,Ocean,2025-10,29,Low,0.63
LANE-009837,Turkey,P6,Ocean,2025-03,28,Low,0.6
LANE-012152,Canada,P12,Truck,2025-08,5,High,0.95
LANE-012996,France,P10,Ocean,2026-04,24,Low,0.74
LANE-008978,Italy,P7,Rail,2025-02,11,High,1.17
LANE-009920,Turkey,P7,Rail,2026-08,9,Low,1.2
LANE-002396,Germany,P8,Air,2026-08,2,Low,3.19
LANE-001923,Germany,P2,Truck,2025-09,5,Low,1.54
LANE-010821,Vietnam,P7,Truck,2026-07,4,Low,1.25
LANE-002172,Germany,P5,Air,2026-04,1,Low,2.64
LANE-013367,Spain,P3,Air,2026-01,2,High,2.59
LANE-007467,Japan,P12,Air,2025-09,2,Medium,2.44
LANE-005346,Poland,P11,Truck,2026-10,5,Low,1.38
LANE-013621,Spain,P7,Truck,2025-03,3,Medium,0.98
LANE-013063,France,P11,Ocean,2026-05,30,Medium,0.61
LANE-010560,Vietnam,P4,Truck,2026-10,5,Medium,1.16
LANE-003230,China,P7,Truck,2026-06,6,Low,1.25
LANE-001036,Mexico,P3,Truck,2025-02,5,Low,1.19
LANE-013016,France,P11,Truck,2026-02,5,Medium,1.02
LANE-015333,Thailand,P4,Air,2026-09,2,Low,2.8
LANE-015974,Thailand,P12,Air,2025-02,2,Low,3.01
LANE-002336,Germany,P8,Rail,2025-04,12,Low,1.13
LANE-011711,Canada,P6,Air,2025-07,2,Low,2.27
LANE-012223,Canada,P12,Air,2026-01,2,Medium,3.61
LANE-007129,Japan,P8,Ocean,2025-01,26,Low,0.83
LANE-003143,China,P6,Truck,2026-07,5,Low,1.31
LANE-010200,Turkey,P11,Rail,2026-02,12,Low,1.01
LANE-010818,Vietnam,P7,Truck,2026-04,4,Low,0.89
LANE-003315,China,P8,Truck,2026-03,2,Low,1.39
LANE-000956,Mexico,P2,Truck,2025-10,4,High,0.85
LANE-007529,South Korea,P1,Ocean,2025-05,20,Low,0.79
LANE-013790,Spain,P9,Truck,2026-06,4,Low,1.54
LANE-010820,Vietnam,P7,Truck,2026-06,5,Low,1.18
LANE-002029,Germany,P3,Ocean,2025-05,31,Medium,0.68
LANE-005705,Brazil,P3,Rail,2025-07,13,High,1.11
LANE-014340,Czech Republic,P4,Truck,2026-06,5,High,1.39
LANE-004826,Poland,P4,Rail,2025-08,14,Low,1.03
LANE-008107,South Korea,P8,Air,2025-11,3,Low,3.88
LANE-003527,China,P11,Rail,2025-07,13,Medium,1.23
LANE-004933,Poland,P5,Ocean,2025-05,32,Low,0.73
LANE-011508,Canada,P4,Ocean,2025-02,28,Low,0.62
LANE-016051,United Kingdom,P1,Ocean,2026-01,19,Low,0.78
LANE-012634,France,P6,Rail,2025-06,13,Low,1.21
LANE-010381,Vietnam,P1,Ocean,2026-07,33,Low,0.55
LANE-009298,Italy,P11,Ocean,2026-02,26,Low,0.69
LANE-014483,Czech Republic,P6,Truck,2025-07,5,Low,1.55
LANE-012141,Canada,P11,Air,2026-07,2,Low,3.42
LANE-005221,Poland,P9,Truck,2025-07,5,Low,1.28
LANE-011079,Vietnam,P10,Air,2026-01,3,Low,3.71
LANE-001790,Mexico,P12,Rail,2025-08,13,High,1.12
LANE-009269,Italy,P11,Rail,2025-07,13,Low,0.87
LANE-006413,Brazil,P12,Truck,2025-11,5,Medium,1.55
LANE-000928,Mexico,P1,Ocean,2025-04,29,Medium,0.6
LANE-002301,Germany,P7,Ocean,2026-01,25,Medium,0.65
LANE-008221,South Korea,P10,Truck,2026-03,4,Medium,0.98
LANE-014268,Czech Republic,P3,Truck,2025-12,5,Medium,1.08
LANE-005152,Poland,P8,Rail,2025-04,9,Low,1.22
LANE-016645,United Kingdom,P8,Air,2026-01,3,Low,3.59
LANE-003799,India,P3,Truck,2026-03,4,Low,1.56
LANE-014787,Czech Republic,P9,Air,2025-03,2,Medium,3.53
LANE-000393,United States,P6,Rail,2026-07,12,Medium,1.07
LANE-015492,Thailand,P7,Truck,2025-04,5,Low,1.52
LANE-007776,South Korea,P4,Air,2025-10,2,Low,3.85
LANE-011853,Canada,P8,Ocean,2026-05,33,High,0.6
LANE-002328,Germany,P8,Truck,2026-06,3,Medium,1.2
LANE-001882,Germany,P1,Ocean,2025-12,33,Low,0.5
LANE-009922,Turkey,P7,Rail,2026-10,10,Low,0.68
LANE-000486,United States,P7,Ocean,2025-02,18,Medium,0.61
LANE-014080,Spain,P12,Air,2026-10,2,Medium,4.01
LANE-001046,Mexico,P3,Truck,2025-12,5,Low,1.53
LANE-004590,Poland,P1,Rail,2026-02,10,High,1.15
LANE-001303,Mexico,P6,Ocean,2025-05,28,Low,0.47
LANE-005954,Brazil,P6,Rail,2026-02,14,Medium,0.83
LANE-008766,Italy,P4,Ocean,2025-10,27,Low,0.81
LANE-008696,Italy,P3,Air,2025-06,2,High,2.81
LANE-001363,Mexico,P7,Truck,2026-09,5,High,1.52
LANE-010730,Vietnam,P6,Truck,2026-04,5,Low,1.49
LANE-001955,Germany,P2,Rail,2026-07,12,Low,0.65
LANE-006175,Brazil,P9,Truck,2026-03,5,Medium,1.41
LANE-006263,Brazil,P10,Truck,2026-03,4,Low,0.81
LANE-009441,Turkey,P1,Air,2025-03,3,High,3.78
LANE-002628,Germany,P12,Truck,2025-10,4,High,1.37
LANE-004809,Poland,P4,Truck,2026-01,3,Medium,1.21
LANE-010322,Vietnam,P1,Truck,2025-04,5,Low,1.08
LANE-002715,China,P1,Truck,2025-09,5,Low,1.4
LANE-000116,United States,P3,Truck,2025-06,3,Low,1.36
LANE-007211,Japan,P9,Rail,2026-05,10,Low,0.89
LANE-016091,United Kingdom,P2,Truck,2025-09,4,Low,0.97
LANE-001815,Mexico,P12,Ocean,2025-11,28,High,0.61
LANE-002260,Germany,P7,Truck,2026-04,4,High,1.13
LANE-014402,Czech Republic,P5,Truck,2026-02,5,Low,
LANE-010102,Turkey,P10,Rail,2025-04,12,Medium,0.71
LANE-013876,Spain,P10,Truck,2026-04,5,High,0.97
LANE-015275,Thailand,P4,Rail,2025-07,12,Low,1.12
LANE-000604,United States,P9,Truck,2025-10,4,Low,1.59
LANE-014320,Czech Republic,P3,Ocean,2026-08,21,Medium,0.65
LANE-001757,Mexico,P11,Air,2026-07,2,Low,3.45
LANE-015393,Thailand,P5,Ocean,2026-03,32,Medium,0.52
LANE-011049,Vietnam,P10,Ocean,2025-05,37,Medium,0.65
LANE-015441,Thailand,P6,Rail,2026-07,11,Low,1.11
LANE-011160,Vietnam,P11,Air,2025-06,3,Medium,2.9
LANE-004230,India,P8,Ocean,2025-06,26,Low,0.45
LANE-008038,South Korea,P8,Truck,2025-08,4,High,0.94
LANE-000580,United States,P8,Ocean,2025-08,24,Medium,0.71
LANE-002970,China,P4,Truck,2026-10,5,Low,0.93
LANE-013717,Spain,P8,Rail,2025-11,12,Low,0.9
LANE-012499,France,P4,Rail,2025-03,8,Low,0.98
LANE-006515,Japan,P1,Rail,2025-03,11,Low,0.73
LANE-008022,South Korea,P7,Ocean,2026-02,31,Low,0.5
LANE-015917,Thailand,P12,Truck,2025-11,5,High,1.1
LANE-016575,United Kingdom,P8,Truck,2025-09,5,Medium,
LANE-007766,South Korea,P4,Ocean,2026-10,34,Medium,0.51
LANE-010897,Vietnam,P8,Rail,2025-07,10,Low,1.24
LANE-015655,Thailand,P8,Air,2026-01,3,Low,2.56
LANE-005757,Brazil,P3,Air,2026-03,3,Medium,3.47
LANE-009669,Turkey,P4,Rail,2025-11,11,Low,0.87
LANE-000378,United States,P6,Rail,2025-04,12,Medium,0.79
LANE-003385,China,P9,Truck,2026-07,4,Low,0.82
LANE-012164,Canada,P12,Truck,2026-08,5,High,0.97
LANE-004668,Poland,P2,Ocean,2025-04,33,Low,0.52
LANE-004221,India,P8,Rail,2026-07,15,Medium,0.67
LANE-001713,Mexico,P11,Rail,2026-07,11,Medium,0.81
LANE-010756,Vietnam,P6,Rail,2026-08,9,Medium,0.69
LANE-008175,South Korea,P9,Ocean,2026-01,27,Medium,0.45
LANE-006514,Japan,P1,Rail,2025-02,11,Low,0.84
LANE-010583,Vietnam,P4,Ocean,2025-01,26,Low,0.54
LANE-007311,Japan,P10,Air,2025-07,3,Medium,2.55
LANE-008303,South Korea,P11,Truck,2025-09,6,Low,1.2
LANE-008234,South Korea,P10,Rail,2025-06,12,Low,1.22
LANE-008277,South Korea,P10,Air,2025-05,3,High,3.28
LANE-012056,Canada,P10,Air,2026-10,3,Low,2.85
LANE-014229,Czech Republic,P2,Ocean,2026-05,33,Low,0.62
LANE-003593,China,P12,Rail,2025-07,12,Medium,1.03
LANE-006855,Japan,P5,Rail,2026-01,10,Low,1.03
LANE-002022,Germany,P3,Rail,2026-08,11,Low,0.87
LANE-016067,United Kingdom,P1,Air,2025-07,2,Low,2.51
LANE-013315,Spain,P3,Rail,2025-05,11,Low,0.96
LANE-011137,Vietnam,P11,Ocean,2025-05,28,Low,0.48
LANE-015052,Thailand,P1,Truck,2025-04,5,Medium,
LANE-002765,China,P1,Ocean,2026-03,21,Low,0.57
LANE-001814,Mexico,P12,Ocean,2025-10,30,High,0.61
LANE-002721,China,P1,Truck,2026-03,4,Low,0.93
LANE-001227,Mexico,P5,Ocean,2026-05,35,Low,0.68
LANE-005048,Poland,P7,Truck,2025-10,4,Low,1.1
LANE-013924,Spain,P10,Ocean,2026-08,23,Low,0.48
LANE-001415,Mexico,P8,Truck,2025-07,5,Low,1.38
LANE-002299,Germany,P7,Ocean,2025-11,25,Medium,0.73
LANE-015588,Thailand,P8,Truck,2025-12,4,Low,0.86
LANE-004469,India,P12,Truck,2025-03,6,Medium,1.29
LANE-008278,South Korea,P10,Air,2025-06,2,High,3.66
LANE-000094,United States,P2,Air,2025-06,1,Low,2.66
LANE-003695,India,P1,Ocean,2026-09,24,Low,0.67
LANE-001625,Mexico,P10,Rail,2026-07,14,Medium,1.19
LANE-001860,Germany,P1,Rail,2025-12,12,Low,0.81
LANE-003031,China,P4,Air,2026-05,3,Medium,3.21
LANE-007374,Japan,P11,Ocean,2025-04,35,Low,0.59
LANE-016426,United Kingdom,P6,Truck,2026-02,5,High,1.44
LANE-005113,Poland,P7,Air,2025-09,2,Low,2.66
LANE-005919,Brazil,P6,Truck,2025-01,4,Low,1.18
LANE-011275,Canada,P1,Rail,2025-11,12,Medium,1.25
LANE-010769,Vietnam,P6,Ocean,2025-11,34,Low,0.57
LANE-012083,Canada,P11,Rail,2025-05,8,Low,1.01
LANE-008517,Italy,P1,Ocean,2025-03,24,High,0.81
LANE-003363,China,P8,Air,2026-07,1,Low,2.15
LANE-013026,France,P11,Rail,2025-02,14,Medium,0.91
LANE-010150,Turkey,P10,Air,2025-08,2,Low,3.58
LANE-004786,Poland,P3,Air,2025-12,2,Low,2.7
LANE-011973,Canada,P10,Truck,2025-05,6,Medium,1.58
LANE-009306,Italy,P11,Ocean,2026-10,30,Low,0.86
LANE-012641,France,P6,Rail,2026-01,10,Low,1.12
LANE-001207,Mexico,P5,Rail,2026-07,13,Medium,1.24
LANE-009169,Italy,P9,Ocean,2026-05,32,Low,0.77
LANE-007351,Japan,P11,Rail,2025-03,12,High,0.68
LANE-007064,Japan,P7,Air,2025-02,3,Low,3.31
LANE-002080,Germany,P4,Rail,2025-12,10,Low,1.03
LANE-015817,Thailand,P10,Ocean,2026-09,27,Low,0.85
LANE-013177,Spain,P1,Rail,2026-09,15,Medium,0.82
LANE-003997,India,P5,Air,2026-03,2,Low,3.4
LANE-010441,Vietnam,P2,Rail,2026-01,12,High,1.1
LANE-000689,United States,P10,Truck,2025-07,4,Low,1.21
LANE-013945,Spain,P11,Truck,2026-07,5,Low,1.26
LANE-016899,United Kingdom,P12,Truck,2025-03,4,High,0.9
LANE-007939,South Korea,P6,Ocean,2026-07,28,Medium,0.8
LANE-009227,Italy,P10,Ocean,2025-09,24,Low,0.63
LANE-001396,Mexico,P7,Ocean,2025-10,31,Low,0.72
LANE-008676,Italy,P3,Ocean,2025-08,23,High,0.57
LANE-001219,Mexico,P5,Ocean,2025-09,25,Low,0.58
LANE-004635,Poland,P2,Truck,2026-03,5,Low,1.4
LANE-009456,Turkey,P1,Air,2026-06,3,High,3.37
LANE-016627,United Kingdom,P8,Ocean,2026-05,29,Medium,0.49
LANE-012240,France,P1,Truck,2025-08,5,Medium,1.4
LANE-000677,United States,P9,Air,2026-05,4,Low,3.63
LANE-015411,Thailand,P6,Truck,2025-11,5,Low,1.27
LANE-008639,Italy,P3,Truck,2026-03,5,Low,1.03
LANE-010378,Vietnam,P1,Ocean,2026-04,22,Low,0.87
LANE-007775,South Korea,P4,Air,2025-09,3,Low,3.86
LANE-009589,Turkey,P3,Rail,2026-07,12,Low,0.89
LANE-003408,China,P9,Rail,2026-08,12,Medium,1.22
LANE-003519,China,P11,Truck,2026-09,4,Medium,0.89
LANE-007332,Japan,P11,Truck,2025-06,4,Low,1.03
LANE-005447,Poland,P12,Rail,2026-01,12,Low,1.1
LANE-002706,Germany,P12,Air,2026-10,2,Low,3.2
LANE-012953,France,P10,Truck,2026-05,5,Medium,0.98
LANE-007620,South Korea,P2,Air,2025-08,3,Medium,3.33
LANE-003792,India,P3,Truck,2025-08,4,Low,1.22
LANE-004314,India,P10,Truck,2025-02,4,Medium,1.4
LANE-009494,Turkey,P2,Rail,2025-12,12,Medium,0.79
LANE-004671,Poland,P2,Ocean,2025-07,32,Low,0.59
LANE-004595,Poland,P1,Rail,2026-07,10,High,1.21
LANE-014561,Czech Republic,P7,Truck,2026-07,5,Low,0.9
LANE-001740,Mexico,P11,Air,2025-02,3,Low,2.89
LANE-009044,Italy,P8,Truck,2025-02,5,Low,
LANE-005512,Brazil,P1,Truck,2025-12,5,Low,1.49
LANE-010034,Turkey,P9,Rail,2025-02,11,Medium,1.18
LANE-003955,India,P5,Rail,2026-05,13,Medium,0.77
LANE-016567,United Kingdom,P8,Truck,2025-01,3,Medium,1.26
LANE-002630,Germany,P12,Truck,2025-12,5,High,1.42
LANE-004492,India,P12,Rail,2025-04,12,Medium,0.9
LANE-005771,Brazil,P4,Truck,2025-07,5,High,0.87
LANE-003229,China,P7,Truck,2026-05,5,Low,1.07
LANE-002901,China,P3,Rail,2026-07,13,Medium,1.23
LANE-001828,Germany,P1,Truck,2025-02,4,Low,0.99
LANE-014260,Czech Republic,P3,Truck,2025-04,5,Medium,1.47
LANE-014710,Czech Republic,P8,Air,2026-02,2,Medium,3.82
LANE-009919,Turkey,P7,Rail,2026-07,13,Low,0.97
LANE-006708,Japan,P3,Ocean,2026-08,35,Medium,0.45
LANE-004244,India,P8,Ocean,2026-08,28,Low,0.46
LANE-004835,Poland,P4,Rail,2026-05,12,Low,1.08
LANE-006724,Japan,P3,Air,2026-02,3,Low,4.13
LANE-008344,South Korea,P11,Ocean,2025-06,28,Low,0.5
LANE-010160,Turkey,P10,Air,2026-06,3,Low,2.71
LANE-011329,Canada,P2,Truck,2026-09,6,Low,0.88
LANE-015269,Thailand,P4,Rail,2025-01,12,Low,0.87
LANE-000430,United States,P6,Air,2025-12,3,Low,3.69
LANE-008470,South Korea,P12,Air,2026-10,2,Medium,3.99
LANE-008555,Italy,P1,Air,2026-07,3,Low,3.38
LANE-001750,Mexico,P11,Air,2025-12,2,Low,2.86
LANE-008697,Italy,P3,Air,2025-07,2,High,2.78
LANE-008529,Italy,P1,Ocean,2026-03,28,High,0.76
LANE-016675,United Kingdom,P9,Truck,2026-09,4,Medium,1.6
LANE-006160,Brazil,P8,Air,2026-10,3,High,4.04
LANE-003105,China,P5,Air,2025-03,3,Low,2.9
LANE-000864,United States,P12,Air,2025-06,2,Low,2.94
LANE-016519,United Kingdom,P7,Rail,2026-07,14,Medium,1.26
LANE-012880,France,P9,Rail,2025-10,10,Medium,1.0
LANE-004930,Poland,P5,Ocean,2025-02,20,Low,0.45
LANE-007418,Japan,P12,Rail,2025-04,13,Medium,1.08
LANE-013438,Spain,P4,Ocean,2026-06,26,Low,0.84
LANE-014999,Czech Republic,P12,Rail,2026-05,12,Medium,1.02
LANE-001099,Mexico,P3,Ocean,2026-09,26,Medium,0.85
LANE-006854,Japan,P5,Rail,2025-12,8,Low,1.25
LANE-015881,Thailand,P11,Ocean,2026-07,27,High,0.51
LANE-012555,France,P5,Truck,2026-03,3,Medium,0.91
LANE-011484,Canada,P4,Truck,2026-10,5,Low,0.86
LANE-015953,Thailand,P12,Ocean,2025-03,26,Medium,0.46
LANE-002468,Germany,P10,Truck,2025-04,5,Medium,1.16
LANE-012583,France,P5,Rail,2026-09,12,Medium,1.14
LANE-002761,China,P1,Ocean,2025-11,30,Low,0.73
LANE-003872,India,P4,Truck,2026-10,4,Medium,1.37
LANE-007523,South Korea,P1,Rail,2026-09,9,Medium,1.04
LANE-013056,France,P11,Ocean,2025-10,30,Medium,0.67
LANE-016759,United Kingdom,P10,Truck,2026-05,4,Low,1.35
LANE-008763,Italy,P4,Ocean,2025-07,27,Low,0.74
LANE-004174,India,P7,Air,2026-04,2,Medium,2.61
LANE-001047,Mexico,P3,Truck,2026-01,4,Low,1.4
LANE-001833,Germany,P1,Truck,2025-07,6,Low,0.86
LANE-016796,United Kingdom,P10,Ocean,2025-10,27,Low,0.63
LANE-003037,China,P5,Truck,2025-01,5,Low,1.56
LANE-004940,Poland,P5,Ocean,2025-12,33,Low,0.73
LANE-007319,Japan,P10,Air,2026-03,2,Medium,4.07
LANE-011131,Vietnam,P11,Rail,2026-09,12,Low,1.19
LANE-003239,China,P7,Rail,2025-05,8,Medium,0.79
LANE-010290,Turkey,P12,Rail,2026-04,8,Low,1.28
LANE-005832,Brazil,P5,Truck,2025-02,4,Low,1.6
LANE-005450,Poland,P12,Rail,2026-04,13,Low,1.17
LANE-004626,Poland,P2,Truck,2025-06,5,Low,1.06
LANE-002458,Germany,P9,Ocean,2026-04,21,Low,0.74
LANE-009624,Turkey,P3,Air,2025-10,3,Low,2.15
LANE-005987,Brazil,P6,Air,2025-03,3,Low,2.82
LANE-009295,Italy,P11,Ocean,2025-11,32,Low,0.66
LANE-006157,Brazil,P8,Air,2026-07,2,High,3.94
LANE-000401,United States,P6,Ocean,2025-05,34,Low,0.53
LANE-000037,United States,P1,Rail,2026-03,7,Low,0.8
LANE-014982,Czech Republic,P12,Truck,2026-10,5,Low,1.15
LANE-006428,Brazil,P12,Rail,2025-04,12,Medium,1.2
LANE-008874,Italy,P6,Truck,2025-08,4,Medium,1.14
LANE-005111,Poland,P7,Air,2025-07,2,Low,3.92
LANE-014191,Czech Republic,P2,Rail,2025-01,11,Low,1.19
LANE-001056,Mexico,P3,Truck,2026-10,6,Low,1.57
LANE-014264,Czech Republic,P3,Truck,2025-08,4,Medium,0.91
LANE-010052,Turkey,P9,Rail,2026-08,14,Medium,1.27
LANE-009378,Turkey,P1,Truck,2025-06,4,Medium,1.15
LANE-013866,Spain,P10,Truck,2025-06,5,High,1.19
LANE-008666,Italy,P3,Rail,2026-08,12,High,1.23
LANE-011266,Canada,P1,Rail,2025-02,12,Medium,1.01
LANE-005992,Brazil,P6,Air,2025-08,3,Low,3.38
LANE-007711,South Korea,P4,Truck,2025-11,4,Low,0.93
LANE-015813,Thailand,P10,Ocean,2026-05,31,Low,0.76
LANE-001487,Mexico,P8,Air,2026-01,3,Low,2.64
LANE-006007,Brazil,P7,Truck,2025-01,1,Low,
LANE-013088,France,P12,Truck,2026-08,3,Medium,0.94
LANE-001331,Mexico,P6,Air,2025-11,3,Low,2.78
LANE-004976,Poland,P6,Truck,2025-04,3,Low,1.27
LANE-007342,Japan,P11,Truck,2026-04,5,Low,0.83
LANE-006776,Japan,P4,Rail,2026-10,10,Low,1.13
LANE-003789,India,P3,Truck,2025-05,4,Low,0.9
LANE-013601,Spain,P6,Air,2025-05,3,Medium,3.79
LANE-000577,United States,P8,Ocean,2025-05,25,Medium,0.57
LANE-015661,Thailand,P8,Air,2026-07,3,Low,2.15
LANE-007296,Japan,P10,Ocean,2026-02,26,Low,0.46
LANE-006971,Japan,P6,Ocean,2026-07,26,Low,0.85
LANE-014193,Czech Republic,P2,Rail,2025-03,12,Low,1.06
LANE-006645,Japan,P3,Truck,2025-01,4,Low,1.46
LANE-002550,Germany,P11,Truck,2026-08,5,High,0.98
LANE-007020,Japan,P7,Rail,2025-02,8,Low,1.04
LANE-005074,Poland,P7,Rail,2026-02,10,Low,0.99
LANE-010507,Vietnam,P3,Rail,2026-01,12,Low,0.94
LANE-011735,Canada,P7,Truck,2025-09,4,Low,1.0
LANE-001024,Mexico,P2,Air,2025-12,3,Low,3.35
LANE-011538,Canada,P4,Air,2025-10,1,Low,3.54
LANE-016983,United Kingdom,P12,Air,2026-09,2,Low,3.28
LANE-013864,Spain,P10,Truck,2025-04,4,High,
LANE-005980,Brazil,P6,Ocean,2026-06,29,Low,0.66
LANE-001765,Mexico,P12,Truck,2025-05,5,High,1.45
LANE-013029,France,P11,Rail,2025-05,12,Medium,1.23
LANE-004075,India,P6,Air,2025-05,3,High,3.6
LANE-016251,United Kingdom,P4,Truck,2026-03,5,Medium,1.02
LANE-014861,Czech Republic,P10,Ocean,2025-11,33,Medium,0.48
LANE-006625,Japan,P2,Ocean,2025-03,30,Low,0.73
LANE-002380,Germany,P8,Air,2025-04,3,Low,3.09
LANE-004911,Poland,P5,Rail,2025-05,11,Medium,
LANE-000989,Mexico,P2,Rail,2026-09,12,Low,0.91
LANE-004462,India,P11,Ocean,2026-06,21,Low,0.8
LANE-015632,Thailand,P8,Ocean,2025-12,31,Low,0.5
LANE-000404,United States,P6,Ocean,2025-08,24,Low,0.67
LANE-006324,Brazil,P10,Air,2025-10,3,Low,2.87
LANE-012206,Canada,P12,Ocean,2026-06,32,Medium,0.71
LANE-001176,Mexico,P5,Truck,2025-10,4,Low,1.6
LANE-009934,Turkey,P7,Ocean,2025-12,26,Low,0.86
LANE-009012,Italy,P7,Ocean,2026-02,22,Medium,0.44
LANE-006154,Brazil,P8,Air,2026-04,2,High,
LANE-006371,Brazil,P11,Rail,2026-01,9,Low,1.04
LANE-015548,Thailand,P7,Ocean,2026-04,34,Low,0.66
LANE-014419,Czech Republic,P5,Rail,2025-09,14,Low,0.72
LANE-002115,Germany,P5,Truck,2025-03,1,Low,1.15
LANE-004015,India,P6,Truck,2025-11,4,Low,
LANE-015879,Thailand,P11,Ocean,2026-05,23,High,0.63
LANE-001818,Mexico,P12,Ocean,2026-02,28,High,0.54
LANE-000344,United States,P5,Ocean,2026-02,30,Low,0.73
LANE-014396,Czech Republic,P5,Truck,2025-08,5,Low,1.51
LANE-013504,Spain,P5,Rail,2026-06,13,Low,0.7
LANE-010189,Turkey,P11,Rail,2025-03,12,Low,0.9
LANE-013151,Spain,P1,Truck,2026-05,5,High,
LANE-002296,Germany,P7,Ocean,2025-08,26,Medium,0.57
LANE-008660,Italy,P3,Rail,2026-02,7,High,0.78
LANE-000171,United States,P3,Ocean,2026-05,30,Medium,0.61
LANE-000552,United States,P8,Rail,2025-02,14,Low,0.94
LANE-009088,Italy,P8,Ocean,2025-02,33,Low,0.85
LANE-002378,Germany,P8,Air,2025-02,2,Low,3.73
LANE-013932,Spain,P11,Truck,2025-06,4,Low,0.88
LANE-011009,Vietnam,P10,Truck,2025-09,5,Medium,1.34
LANE-004110,India,P7,Truck,2026-06,5,Low,1.58
LANE-012937,France,P10,Truck,2025-01,4,Medium,0.96
LANE-007862,South Korea,P5,Air,2025-08,4,Medium,2.83
LANE-014639,Czech Republic,P8,Truck,2025-09,5,Medium,1.4
LANE-007550,South Korea,P2,Truck,2025-04,5,Low,1.33
LANE-008649,Italy,P3,Rail,2025-03,14,High,0.73
LANE-016498,United Kingdom,P7,Truck,2026-08,5,Medium,
LANE-008341,South Korea,P11,Ocean,2025-03,23,Low,0.67
LANE-008124,South Korea,P9,Truck,2025-06,5,Medium,0.83
LANE-013047,France,P11,Ocean,2025-01,30,Medium,0.68
LANE-009993,Turkey,P8,Ocean,2025-05,15,Medium,0.49
LANE-001074,Mexico,P3,Rail,2026-06,10,Low,1.15
LANE-004687,Poland,P2,Air,2025-01,2,Low,2.94
LANE-007092,Japan,P8,Truck,2025-08,5,High,1.33
LANE-010045,Turkey,P9,Rail,2026-01,14,Medium,0.69
LANE-013501,Spain,P5,Rail,2026-03,9,Low,0.65
LANE-002488,Germany,P10,Rail,2025-02,12,Medium,0.7
LANE-015832,Thailand,P11,Truck,2026-02,5,High,1.08
LANE-009299,Italy,P11,Ocean,2026-03,25,Low,0.67
LANE-016636,United Kingdom,P8,Air,2025-04,2,Low,2.57
LANE-016505,United Kingdom,P7,Rail,2025-05,11,Medium,0.91
LANE-008635,Italy,P3,Truck,2025-11,4,Low,1.04
LANE-015142,Thailand,P2,Rail,2025-06,14,Low,0.81
LANE-013491,Spain,P5,Rail,2025-05,12,Low,0.9
LANE-000784,United States,P11,Rail,2026-02,8,Low,0.86
LANE-008250,South Korea,P10,Rail,2026-10,18,Low,1.07
LANE-013277,Spain,P2,Air,2025-11,3,Low,
LANE-007103,Japan,P8,Truck,2026-07,5,High,0.87
LANE-013568,Spain,P6,Rail,2026-04,7,Low,0.8
LANE-016159,United Kingdom,P3,Truck,2025-11,5,Low,1.14
LANE-014358,Czech Republic,P4,Rail,2026-02,12,Medium,1.18
LANE-013608,Spain,P6,Air,2025-12,2,Medium,2.75
LANE-011252,Canada,P1,Truck,2025-10,5,Low,1.34
LANE-014848,Czech Republic,P10,Rail,2026-08,13,Low,0.84
LANE-012277,France,P1,Ocean,2025-01,27,Medium,0.52
LANE-008990,Italy,P7,Rail,2026-02,12,High,1.21
LANE-004795,Poland,P3,Air,2026-09,2,Low,2.88
LANE-006582,Japan,P2,Truck,2025-04,6,Medium,0.89
LANE-003199,China,P6,Air,2025-09,3,Medium,3.38
LANE-000591,United States,P8,Ocean,2026-07,32,Medium,0.61
LANE-003217,China,P7,Truck,2025-05,4,Low,1.37
LANE-005378,Poland,P11,Ocean,2025-10,25,Medium,0.84
LANE-011627,Canada,P5,Air,2025-11,2,Low,3.58
LANE-003761,India,P2,Rail,2026-09,15,Low,0.75
LANE-012030,Canada,P10,Ocean,2026-06,34,Medium,0.7
LANE-003428,China,P9,Ocean,2026-06,25,Low,0.51
LANE-015610,Thailand,P8,Rail,2025-12,11,Low,1.01
LANE-010306,Turkey,P12,Ocean,2025-10,29,Low,0.68
LANE-001667,Mexico,P10,Air,2026-05,3,Low,2.7
LANE-016142,United Kingdom,P2,Ocean,2026-04,31,Low,0.52
LANE-007751,South Korea,P4,Ocean,2025-07,21,Medium,0.52
LANE-005763,Brazil,P3,Air,2026-09,3,Medium,2.98
LANE-001907,Germany,P1,Air,2026-03,2,High,2.95
LANE-012661,France,P6,Ocean,2025-11,30,Medium,0.8
LANE-013561,Spain,P6,Rail,2025-09,12,Low,0.79
LANE-011314,Canada,P2,Truck,2025-06,5,Low,1.1
LANE-002993,China,P4,Ocean,2025-01,29,Low,0.78
LANE-003135,China,P6,Truck,2025-11,5,Low,1.58
LANE-013205,Spain,P2,Truck,2025-05,4,Low,1.45
LANE-010483,Vietnam,P3,Truck,2025-11,5,Medium,
LANE-006540,Japan,P1,Ocean,2025-06,28,Low,0.51
LANE-015664,Thailand,P8,Air,2026-10,2,Low,3.96
LANE-004406,India,P11,Truck,2025-06,4,High,1.56
LANE-014001,Spain,P12,Truck,2025-09,6,High,1.31
LANE-015689,Thailand,P9,Rail,2025-03,10,Low,1.25
LANE-009126,Italy,P9,Truck,2026-06,4,Low,0.88
LANE-003603,China,P12,Rail,2026-05,13,Medium,0.79
LANE-011384,Canada,P2,Air,2025-10,2,Low,2.49
LANE-008786,Italy,P5,Truck,2025-08,4,Low,1.35
LANE-005057,Poland,P7,Truck,2026-07,4,Low,1.0
LANE-002157,Germany,P5,Air,2025-01,1,Low,3.54
LANE-012064,Canada,P11,Truck,2025-08,4,Medium,1.11
LANE-001136,Mexico,P4,Rail,2026-02,12,Low,1.06
LANE-013346,Spain,P3,Ocean,2026-02,32,Low,0.76
LANE-004969,Poland,P5,Air,2026-07,3,Low,3.89
LANE-000475,United States,P7,Rail,2026-01,13,Medium,1.12
LANE-013402,Spain,P4,Rail,2025-04,9,Low,1.17
LANE-016694,United Kingdom,P9,Rail,2026-06,11,High,0.82
LANE-013819,Spain,P9,Ocean,2025-03,29,Medium,0.5
LANE-011653,Canada,P6,Truck,2026-03,5,Low,0.92
LANE-010495,Vietnam,P3,Rail,2025-01,14,Low,1.07
LANE-016725,United Kingdom,P9,Air,2025-05,2,Medium,4.14
LANE-013038,France,P11,Rail,2026-02,13,Medium,1.19
LANE-015167,Thailand,P2,Ocean,2025-09,28,Medium,0.74
LANE-001805,Mexico,P12,Ocean,2025-01,28,High,0.84
LANE-014511,Czech Republic,P6,Rail,2026-01,13,Medium,1.09
LANE-015349,Thailand,P5,Truck,2026-03,4,Low,1.49
LANE-010125,Turkey,P10,Ocean,2025-05,31,Medium,0.51
LANE-007274,Japan,P10,Rail,2026-02,12,Medium,0.64
LANE-005795,Brazil,P4,Rail,2025-09,13,Low,1.06
LANE-016283,United Kingdom,P4,Ocean,2025-03,26,Low,0.54
LANE-004488,India,P12,Truck,2026-10,5,Medium,1.55
LANE-009750,Turkey,P5,Ocean,2025-04,23,Low,0.79
LANE-011378,Canada,P2,Air,2025-04,2,Low,3.64
LANE-001456,Mexico,P8,Ocean,2025-04,22,Low,
LANE-009809,Turkey,P6,Truck,2026-07,6,Medium,0.92
LANE-012451,France,P3,Ocean,2026-09,28,Low,0.57
LANE-014484,Czech Republic,P6,Truck,2025-08,5,Low,1.16
LANE-012337,France,P2,Truck,2026-05,5,Medium,0.99
LANE-003623,China,P12,Ocean,2026-03,27,Medium,0.45
LANE-014088,Czech Republic,P1,Truck,2025-08,4,Low,1.04
LANE-007853,South Korea,P5,Ocean,2026-09,24,Medium,0.51
LANE-004345,India,P10,Rail,2025-11,11,Low,0.72
LANE-005855,Brazil,P5,Rail,2025-03,13,Medium,0.96
LANE-002463,Germany,P9,Ocean,2026-09,20,Low,0.48
LANE-007433,Japan,P12,Rail,2026-07,13,Medium,
LANE-015317,Thailand,P4,Air,2025-05,3,Low,3.09
LANE-000012,United States,P1,Truck,2025-12,1,Low,
LANE-013172,Spain,P1,Rail,2026-04,14,Medium,0.78
LANE-006068,Brazil,P7,Air,2026-06,1,High,2.77
LANE-006377,Brazil,P11,Rail,2026-07,10,Low,0.64
LANE-016747,United Kingdom,P10,Truck,2025-05,5,Low,1.32
LANE-003688,India,P1,Ocean,2026-02,26,Low,0.68
LANE-000380,United States,P6,Rail,2025-06,11,Medium,0.91
LANE-004952,Poland,P5,Air,2025-02,2,Low,2.1
LANE-014055,Spain,P12,Ocean,2026-07,24,Medium,0.86
LANE-009401,Turkey,P1,Rail,2025-07,11,Medium,0.83
LANE-001025,Mexico,P2,Air,2026-01,2,Low,2.82
LANE-012826,France,P8,Ocean,2026-10,27,Low,0.82
LANE-003201,China,P6,Air,2025-11,3,Medium,2.16
LANE-013323,Spain,P3,Rail,2026-01,9,Low,0.82
LANE-002732,China,P1,Rail,2025-04,11,Medium,1.1
LANE-014542,Czech Republic,P6,Ocean,2026-10,28,Medium,0.7
LANE-000177,United States,P3,Air,2025-01,4,Low,3.82
LANE-002517,Germany,P10,Ocean,2025-09,33,Low,0.76
LANE-016074,United Kingdom,P1,Air,2026-02,2,Low,2.84
LANE-008750,Italy,P4,Rail,2026-04,10,Low,1.0
LANE-008898,Italy,P6,Rail,2025-10,8,Low,0.65
LANE-010960,Vietnam,P9,Rail,2025-04,13,Medium,0.8
LANE-009936,Turkey,P7,Ocean,2026-02,30,Low,0.76
LANE-004207,India,P8,Rail,2025-05,13,Medium,1.1
LANE-000861,United States,P12,Air,2025-03,3,Low,2.08
LANE-014581,Czech Republic,P7,Rail,2026-05,10,Low,0.9
LANE-012405,France,P3,Truck,2026-07,3,Medium,0.85
LANE-013995,Spain,P12,Truck,2025-03,5,High,1.03
LANE-010790,Vietnam,P6,Air,2025-10,3,Low,2.94
LANE-005566,Brazil,P1,Ocean,2026-10,36,Medium,0.76
LANE-005578,Brazil,P1,Air,2025-12,3,Medium,3.73
LANE-004824,Poland,P4,Rail,2025-06,10,Low,1.11
LANE-006355,Brazil,P11,Truck,2026-07,4,Medium,1.06
LANE-008402,South Korea,P12,Truck,2026-08,5,Low,1.25
LANE-001320,Mexico,P6,Ocean,2026-10,21,Low,0.45
LANE-013297,Spain,P3,Truck,2025-09,5,Low,1.25
LANE-003625,China,P12,Ocean,2026-05,32,Medium,0.83
LANE-000368,United States,P6,Truck,2026-04,5,Low,1.08
LANE-005765,Brazil,P4,Truck,2025-01,4,High,1.31
LANE-010563,Vietnam,P4,Rail,2025-03,13,Low,1.15
LANE-007709,South Korea,P4,Truck,2025-09,4,Low,1.29
LANE-006631,Japan,P2,Ocean,2025-09,26,Low,0.59
LANE-008378,South Korea,P11,Air,2026-06,3,Medium,2.74
LANE-007353,Japan,P11,Rail,2025-05,7,High,0.92
LANE-016662,United Kingdom,P9,Truck,2025-08,4,Medium,1.46
LANE-006964,Japan,P6,Ocean,2025-12,29,Low,0.69
LANE-010462,Vietnam,P2,Ocean,2025-12,30,Low,
LANE-010138,Turkey,P10,Ocean,2026-06,42,Medium,0.46
LANE-015140,Thailand,P2,Rail,2025-04,13,Low,1.06
LANE-008727,Italy,P4,Truck,2026-03,4,Medium,1.01
LANE-004535,India,P12,Air,2025-03,2,Medium,3.09
LANE-013808,Spain,P9,Rail,2026-02,14,Low,0.85
LANE-007830,South Korea,P5,Rail,2026-08,12,Low,0.74
LANE-003705,India,P1,Air,2025-09,3,Low,3.66
LANE-012840,France,P8,Air,2026-02,2,Low,3.85
LANE-000636,United States,P9,Rail,2026-08,12,Low,0.86
LANE-011657,Canada,P6,Truck,2026-07,4,Low,1.2
LANE-010995,Vietnam,P9,Ocean,2026-05,29,Low,0.85
LANE-002691,Germany,P12,Air,2025-07,2,Low,2.72
LANE-016445,United Kingdom,P6,Rail,2025-11,11,Low,0.75
LANE-009330,Italy,P12,Rail,2025-02,12,Low,1.16
LANE-001517,Mexico,P9,Truck,2026-09,4,Low,1.15
LANE-005024,Poland,P6,Ocean,2025-08,30,High,0.44
LANE-008538,Italy,P1,Air,2025-02,2,Low,3.71
LANE-014029,Spain,P12,Rail,2026-03,11,Low,0.82
LANE-007431,Japan,P12,Rail,2026-05,11,Medium,1.2
LANE-010206,Turkey,P11,Rail,2026-08,10,Low,0.64
LANE-009070,Italy,P8,Rail,2025-06,15,Medium,1.18
LANE-007989,South Korea,P7,Rail,2025-03,11,Low,1.27
LANE-006398,Brazil,P11,Ocean,2026-06,26,High,0.68
LANE-013656,Spain,P7,Rail,2026-04,11,Low,1.25
LANE-006673,Japan,P3,Rail,2025-07,14,Low,0.68
LANE-004262,India,P9,Truck,2026-04,2,Low,1.28
LANE-000218,United States,P4,Truck,2026-08,4,Low,1.59
LANE-010696,Vietnam,P5,Air,2025-04,2,Medium,3.57
LANE-008300,South Korea,P11,Truck,2025-06,4,Low,1.19
LANE-003283,China,P7,Air,2025-05,3,Low,2.35
LANE-015480,Thailand,P6,Air,2026-02,3,Low,3.37
LANE-007591,South Korea,P2,Ocean,2025-01,31,Low,0.55
LANE-015801,Thailand,P10,Ocean,2025-05,19,Low,0.66
LANE-002102,Germany,P4,Ocean,2025-12,25,High,0.81
LANE-013295,Spain,P3,Truck,2025-07,5,Low,1.0
LANE-007906,South Korea,P6,Rail,2025-08,15,Low,1.06
LANE-012836,France,P8,Air,2025-10,3,Low,3.59
LANE-016482,United Kingdom,P7,Truck,2025-04,3,Medium,1.48
LANE-013462,Spain,P4,Air,2026-08,3,Low,2.13
LANE-002117,Germany,P5,Truck,2025-05,1,Low,0.99
LANE-000435,United States,P6,Air,2026-05,2,Low,3.81
LANE-001377,Mexico,P7,Rail,2026-01,15,High,1.13
LANE-003505,China,P11,Truck,2025-07,5,Medium,1.06
LANE-004522,India,P12,Ocean,2025-12,30,Low,0.6
LANE-009223,Italy,P10,Ocean,2025-05,29,Low,0.81
LANE-007245,Japan,P10,Truck,2025-07,5,High,1.46
LANE-012371,France,P2,Ocean,2025-07,36,Medium,0.48
LANE-002213,Germany,P6,Rail,2026-01,14,Low,1.24
LANE-013467,Spain,P5,Truck,2025-03,4,Low,1.49
LANE-013030,France,P11,Rail,2025-06,12,Medium,0.93
LANE-006129,Brazil,P8,Ocean,2026-01,28,Low,0.86
LANE-004212,India,P8,Rail,2025-10,11,Medium,1.06
LANE-003517,China,P11,Truck,2026-07,5,Medium,1.49
LANE-004684,Poland,P2,Ocean,2026-08,23,Low,0.87
LANE-011970,Canada,P10,Truck,2025-02,5,Medium,1.57
LANE-014346,Czech Republic,P4,Rail,2025-02,12,Medium,1.24
LANE-001045,Mexico,P3,Truck,2025-11,3,Low,1.3
LANE-009631,Turkey,P3,Air,2026-05,3,Low,2.84
LANE-011637,Canada,P5,Air,2026-09,2,Low,3.29
LANE-014925,Czech Republic,P11,Rail,2025-09,13,Low,1.03
LANE-001241,Mexico,P5,Air,2025-09,3,High,2.75
LANE-012165,Canada,P12,Truck,2026-09,6,High,1.38
LANE-003672,India,P1,Rail,2026-08,14,Medium,1.13
LANE-015955,Thailand,P12,Ocean,2025-05,30,Medium,0.75
LANE-015207,Thailand,P3,Rail,2025-05,10,Low,0.74
LANE-015561,Thailand,P7,Air,2025-07,2,Low,3.09
LANE-013603,Spain,P6,Air,2025-07,3,Medium,3.42
LANE-009984,Turkey,P8,Rail,2026-06,14,Low,0.94
LANE-013759,Spain,P8,Air,2025-09,3,Low,3.74
LANE-002790,China,P2,Truck,2026-06,4,Medium,0.84
LANE-000578,United States,P8,Ocean,2025-06,30,Medium,0.5
LANE-013739,Spain,P8,Ocean,2025-11,30,Medium,0.69
LANE-012653,France,P6,Ocean,2025-03,28,Medium,0.81
LANE-010655,Vietnam,P5,Rail,2025-07,11,Low,1.17
LANE-001918,Germany,P2,Truck,2025-04,3,Low,
LANE-007583,South Korea,P2,Rail,2026-03,14,Low,0.74
LANE-015193,Thailand,P3,Truck,2026-01,4,Low,1.51
LANE-002251,Germany,P7,Truck,2025-07,5,High,1.5
LANE-000775,United States,P11,Rail,2025-05,7,Low,1.06
LANE-010702,Vietnam,P5,Air,2025-10,3,Medium,3.67
LANE-013978,Spain,P11,Ocean,2025-08,26,Low,0.67
LANE-015867,Thailand,P11,Ocean,2025-05,26,High,0.76
LANE-003340,China,P8,Rail,2026-06,8,High,1.09
LANE-004057,India,P6,Ocean,2025-09,28,Medium,0.57
LANE-014756,Czech Republic,P9,Rail,2026-04,11,Low,1.22
LANE-007887,South Korea,P6,Truck,2025-11,6,High,1.38
LANE-002067,Germany,P4,Truck,2026-09,3,Low,1.11
LANE-006130,Brazil,P8,Ocean,2026-02,32,Low,0.65
LANE-016436,United Kingdom,P6,Rail,2025-02,8,Low,0.75
LANE-013892,Spain,P10,Rail,2025-10,9,Low,1.28
LANE-016651,United Kingdom,P8,Air,2026-07,3,Low,2.77
LANE-013406,Spain,P4,Rail,2025-08,12,Low,1.21
LANE-015929,Thailand,P12,Rail,2025-01,8,Medium,1.11
LANE-000943,Mexico,P1,Ocean,2026-07,24,Medium,0.51
LANE-007918,South Korea,P6,Rail,2026-08,12,Low,1.16
LANE-010741,Vietnam,P6,Rail,2025-05,11,Medium,1.06
LANE-015014,Czech Republic,P12,Ocean,2025-10,23,Low,0.58
LANE-016815,United Kingdom,P10,Air,2025-07,3,Low,2.4
LANE-013010,France,P11,Truck,2025-08,5,Medium,1.4
LANE-000240,United States,P4,Rail,2026-08,10,Low,0.97
LANE-003762,India,P2,Rail,2026-10,14,Low,1.13
LANE-016020,United Kingdom,P1,Rail,2025-04,11,High,1.07
LANE-005945,Brazil,P6,Rail,2025-05,9,Medium,0.65
LANE-008500,Italy,P1,Rail,2025-08,13,Low,1.24
LANE-010624,Vietnam,P4,Air,2026-08,2,Medium,2.49
LANE-003139,China,P6,Truck,2026-03,5,Low,1.33
LANE-002745,China,P1,Rail,2026-05,12,Medium,1.11
LANE-015456,Thailand,P6,Ocean,2025-12,24,High,0.6
LANE-015703,Thailand,P9,Rail,2026-05,12,Low,1.15
LANE-013763,Spain,P8,Air,2026-01,3,Low,2.77
LANE-013229,Spain,P2,Rail,2025-07,10,Medium,0.84
LANE-006262,Brazil,P10,Truck,2026-02,4,Low,1.03
LANE-004136,India,P7,Rail,2026-10,9,High,1.21
LANE-000022,United States,P1,Truck,2026-10,2,Low,1.12
LANE-011831,Canada,P8,Rail,2026-05,10,Low,0.87
LANE-010633,Vietnam,P5,Truck,2025-07,4,Low,
LANE-012601,France,P5,Ocean,2026-05,26,Low,0.58
LANE-003973,India,P5,Ocean,2026-01,25,High,0.52
LANE-009333,Italy,P12,Rail,2025-05,11,Low,1.18
LANE-006773,Japan,P4,Rail,2026-07,9,Low,1.24
LANE-002111,Germany,P4,Ocean,2026-09,21,High,0.54
LANE-013795,Spain,P9,Rail,2025-01,13,Low,0.67
LANE-006018,Brazil,P7,Truck,2025-12,2,Low,1.21
LANE-016485,United Kingdom,P7,Truck,2025-07,6,Medium,1.57
LANE-006871,Japan,P5,Ocean,2025-07,24,Low,0.57
LANE-003678,India,P1,Ocean,2025-04,33,Low,0.57
LANE-000254,United States,P4,Ocean,2025-12,33,Low,0.75
LANE-004981,Poland,P6,Truck,2025-09,3,Low,1.25
LANE-001346,Mexico,P7,Truck,2025-04,5,High,0.84
LANE-006918,Japan,P6,Truck,2025-10,3,Low,0.9
LANE-008400,South Korea,P12,Truck,2026-06,4,Low,1.02
LANE-000634,United States,P9,Rail,2026-06,8,Low,0.94
LANE-010999,Vietnam,P9,Ocean,2026-09,23,Low,0.79
LANE-007200,Japan,P9,Rail,2025-06,12,Low,1.02
LANE-005545,Brazil,P1,Ocean,2025-01,30,Medium,0.59
LANE-010165,Turkey,P11,Truck,2025-01,5,Low,0.92
LANE-009159,Italy,P9,Ocean,2025-07,21,Low,0.46
LANE-013046,France,P11,Rail,2026-10,9,Medium,0.81
LANE-015730,Thailand,P9,Ocean,2026-10,23,High,0.85
LANE-015176,Thailand,P2,Ocean,2026-06,32,Medium,0.7
LANE-009724,Turkey,P5,Truck,2026-10,4,High,1.08
LANE-007543,South Korea,P1,Ocean,2026-07,22,Low,0.84
LANE-009321,Italy,P12,Truck,2026-03,5,High,0.9
LANE-007229,Japan,P9,Ocean,2026-01,28,Low,0.76
LANE-008560,Italy,P2,Truck,2025-02,4,Low,1.51
LANE-010183,Turkey,P11,Truck,2026-07,4,Low,1.29
LANE-011564,Canada,P5,Truck,2026-02,4,High,1.08
LANE-015524,Thailand,P7,Rail,2026-02,8,Low,0.71
LANE-015795,Thailand,P10,Rail,2026-09,12,High,0.76
LANE-009266,Italy,P11,Rail,2025-04,13,Low,0.99
LANE-013937,Spain,P11,Truck,2025-11,6,Low,1.47
LANE-016043,United Kingdom,P1,Ocean,2025-05,28,Low,0.75
LANE-013765,Spain,P8,Air,2026-03,3,Low,2.23
LANE-010413,Vietnam,P2,Truck,2025-07,5,Low,1.51
LANE-001657,Mexico,P10,Air,2025-07,3,Low,3.39
LANE-009630,Turkey,P3,Air,2026-04,3,Low,2.79
LANE-000635,United States,P9,Rail,2026-07,14,Low,0.99
LANE-002054,Germany,P4,Truck,2025-08,6,Low,0.8
LANE-006769,Japan,P4,Rail,2026-03,9,Low,0.87
LANE-013877,Spain,P10,Truck,2026-05,6,High,0.97
LANE-010638,Vietnam,P5,Truck,2025-12,4,Low,1.56
LANE-013941,Spain,P11,Truck,2026-03,4,Low,1.2
LANE-012422,France,P3,Rail,2026-02,16,High,0.73
LANE-003253,China,P7,Rail,2026-07,12,Medium,1.27
LANE-002427,Germany,P9,Rail,2025-07,10,Low,0.9
LANE-003368,China,P9,Truck,2025-02,5,Low,1.09
LANE-000402,United States,P6,Ocean,2025-06,35,Low,0.64
LANE-000670,United States,P9,Air,2025-10,3,Low,2.74
LANE-004885,Poland,P5,Truck,2025-01,4,High,1.14
LANE-004301,India,P9,Air,2025-11,1,Medium,2.45
LANE-000179,United States,P3,Air,2025-03,1,Low,2.34
LANE-008195,South Korea,P9,Air,2025-11,2,Low,2.15
LANE-012190,Canada,P12,Ocean,2025-02,23,Medium,0.78
LANE-007335,Japan,P11,Truck,2025-09,5,Low,1.27
LANE-006210,Brazil,P9,Ocean,2025-06,30,Low,0.46
LANE-014910,Czech Republic,P11,Truck,2026-04,5,Medium,1.0
LANE-004750,Poland,P3,Rail,2026-08,11,Medium,1.11
LANE-015750,Thailand,P9,Air,2026-08,3,Low,3.18
LANE-016139,United Kingdom,P2,Ocean,2026-01,25,Low,0.49
LANE-007127,Japan,P8,Rail,2026-09,9,Low,1.21
LANE-001297,Mexico,P6,Rail,2026-09,10,Low,0.82
LANE-010654,Vietnam,P5,Rail,2025-06,11,Low,1.07
LANE-002689,Germany,P12,Air,2025-05,3,Low,3.22
LANE-001090,Mexico,P3,Ocean,2025-12,16,Medium,0.77
LANE-000786,United States,P11,Rail,2026-04,8,Low,0.65
LANE-003347,China,P8,Air,2025-03,1,Low,2.15
LANE-015603,Thailand,P8,Rail,2025-05,11,Low,1.09
LANE-010786,Vietnam,P6,Air,2025-06,4,Low,
LANE-015470,Thailand,P6,Air,2025-04,2,Low,3.77
LANE-015287,Thailand,P4,Rail,2026-07,13,Low,1.13
LANE-008812,Italy,P5,Rail,2025-12,11,Low,1.24
LANE-005930,Brazil,P6,Truck,2025-12,5,Low,1.46
LANE-007990,South Korea,P7,Rail,2025-04,12,Low,0.82
LANE-009120,Italy,P9,Truck,2025-12,6,Low,
LANE-010197,Turkey,P11,Rail,2025-11,11,Low,1.03
LANE-006704,Japan,P3,Ocean,2026-04,29,Medium,0.85
LANE-012015,Canada,P10,Ocean,2025-03,27,Medium,
LANE-012544,France,P5,Truck,2025-04,5,Medium,1.04
LANE-005292,Poland,P10,Truck,2025-12,1,Medium,1.09
LANE-006356,Brazil,P11,Truck,2026-08,5,Medium,1.29
LANE-001348,Mexico,P7,Truck,2025-06,4,High,1.2
LANE-008350,South Korea,P11,Ocean,2025-12,31,Low,0.48
LANE-003680,India,P1,Ocean,2025-06,24,Low,0.44
LANE-003102,China,P5,Ocean,2026-10,27,Medium,0.7
LANE-014966,Czech Republic,P12,Truck,2025-06,4,Low,1.39
LANE-004887,Poland,P5,Truck,2025-03,4,High,1.32
LANE-010059,Turkey,P9,Ocean,2025-05,28,Low,0.47
LANE-008807,Italy,P5,Rail,2025-07,9,Low,1.12
LANE-002686,Germany,P12,Air,2025-02,2,Low,3.66
LANE-006290,Brazil,P10,Rail,2026-08,15,Low,
LANE-002255,Germany,P7,Truck,2025-11,4,High,1.31
LANE-007144,Japan,P8,Ocean,2026-04,26,Low,0.45
LANE-009375,Turkey,P1,Truck,2025-03,5,Medium,0.92
LANE-001433,Mexico,P8,Rail,2025-03,13,Low,1.01
LANE-000792,United States,P11,Rail,2026-10,8,Low,0.9
LANE-012700,France,P7,Rail,2025-06,12,Low,1.06
LANE-002338,Germany,P8,Rail,2025-06,10,Low,0.74
LANE-002510,Germany,P10,Ocean,2025-02,33,Low,0.77
LANE-004320,India,P10,Truck,2025-08,6,Medium,1.46
LANE-004150,India,P7,Ocean,2026-02,29,Low,0.47
LANE-004514,India,P12,Ocean,2025-04,25,Low,0.44
LANE-015184,Thailand,P3,Truck,2025-04,4,Low,1.27
LANE-013375,Spain,P3,Air,2026-09,3,High,4.03
LANE-003320,China,P8,Truck,2026-08,1,Low,1.56
LANE-013683,Spain,P7,Ocean,2026-09,25,High,0.7
LANE-003663,India,P1,Rail,2025-11,10,Medium,0.71
LANE-000753,United States,P11,Truck,2025-05,1,Medium,1.16
LANE-010977,Vietnam,P9,Rail,2026-09,11,Medium,1.05
LANE-000649,United States,P9,Ocean,2025-11,28,Medium,0.76
LANE-004152,India,P7,Ocean,2026-04,30,Low,0.56
LANE-007337,Japan,P11,Truck,2025-11,5,Low,1.22
LANE-005466,Poland,P12,Ocean,2025-10,28,Low,0.68
LANE-002195,Germany,P6,Truck,2026-05,5,Low,1.2
LANE-011566,Canada,P5,Truck,2026-04,4,High,1.29
LANE-009132,Italy,P9,Rail,2025-02,11,High,0.97
LANE-009072,Italy,P8,Rail,2025-08,12,Medium,1.19
LANE-011471,Canada,P4,Truck,2025-09,4,Low,0.87
LANE-016196,United Kingdom,P3,Ocean,2025-04,28,Low,0.46
LANE-000807,United States,P12,Truck,2026-03,4,Medium,1.21
LANE-005825,Brazil,P4,Ocean,2026-05,22,Medium,0.86
LANE-010452,Vietnam,P2,Ocean,2025-02,25,Low,0.82
LANE-011730,Canada,P7,Truck,2025-04,5,Low,0.97
LANE-006441,Brazil,P12,Rail,2026-05,13,Medium,0.96
LANE-001951,Germany,P2,Rail,2026-03,11,Low,0.88
LANE-008394,South Korea,P12,Truck,2025-12,3,Low,1.51
LANE-006838,Japan,P5,Truck,2026-06,5,Low,0.82
LANE-013700,Spain,P8,Truck,2026-04,5,Medium,1.14
LANE-009596,Turkey,P3,Ocean,2025-04,30,Low,0.68
LANE-008626,Italy,P3,Truck,2025-02,5,Low,1.11
LANE-000187,United States,P3,Air,2025-11,3,Low,2.08
LANE-009171,Italy,P9,Ocean,2026-07,26,Low,0.86
LANE-016842,United Kingdom,P11,Truck,2025-12,4,Medium,1.38
LANE-003273,China,P7,Ocean,2026-05,30,Low,0.82
LANE-015952,Thailand,P12,Ocean,2025-02,28,Medium,0.64
LANE-007669,South Korea,P3,Rail,2026-01,10,Medium,1.08
LANE-012115,Canada,P11,Ocean,2026-03,29,Low,0.68
LANE-016228,United Kingdom,P3,Air,2026-02,2,Low,3.6
LANE-005391,Poland,P11,Air,2025-01,2,High,3.44
LANE-002082,Germany,P4,Rail,2026-02,8,Low,1.21
LANE-007497,South Korea,P1,Truck,2026-05,3,Medium,1.16
LANE-004148,India,P7,Ocean,2025-12,27,Low,0.65
LANE-016017,United Kingdom,P1,Rail,2025-01,11,High,1.25
LANE-008893,Italy,P6,Rail,2025-05,11,Low,
LANE-004024,India,P6,Truck,2026-08,5,Low,1.21
LANE-006567,Japan,P1,Air,2025-11,3,High,3.64
LANE-013302,Spain,P3,Truck,2026-02,4,Low,1.09
LANE-012959,France,P10,Rail,2025-01,11,Medium,0.86
LANE-001041,Mexico,P3,Truck,2025-07,6,Low,1.33
LANE-016746,United Kingdom,P10,Truck,2025-04,4,Low,1.3
LANE-006212,Brazil,P9,Ocean,2025-08,34,Low,0.84
LANE-006519,Japan,P1,Rail,2025-07,12,Low,0.68
LANE-014087,Czech Republic,P1,Truck,2025-07,5,Low,1.48
LANE-001953,Germany,P2,Rail,2026-05,11,Low,0.64
LANE-012491,France,P4,Truck,2026-05,2,Low,1.07
LANE-011256,Canada,P1,Truck,2026-02,3,Low,1.35
LANE-008200,South Korea,P9,Air,2026-04,3,Low,3.76
LANE-014373,Czech Republic,P4,Ocean,2025-07,28,High,0.46
LANE-001811,Mexico,P12,Ocean,2025-07,26,High,0.55
LANE-013326,Spain,P3,Rail,2026-04,12,Low,1.07
LANE-012648,France,P6,Rail,2026-08,14,Low,1.16
LANE-009084,Italy,P8,Rail,2026-08,12,Medium,0.67
LANE-008957,Italy,P7,Truck,2025-03,5,High,1.52
LANE-010107,Turkey,P10,Rail,2025-09,15,Medium,1.2
LANE-016409,United Kingdom,P5,Air,2026-07,2,Low,
LANE-002560,Germany,P11,Rail,2025-08,14,High,0.81
LANE-013379,Spain,P4,Truck,2025-03,5,Low,1.54
LANE-012868,France,P9,Truck,2026-08,4,Low,1.05
LANE-015678,Thailand,P9,Truck,2026-02,4,Low,1.41
LANE-005364,Poland,P11,Rail,2026-06,12,High,1.14
LANE-013882,Spain,P10,Truck,2026-10,5,High,0.95
LANE-003947,India,P5,Rail,2025-09,11,Medium,0.87
LANE-000544,United States,P8,Truck,2026-04,6,High,1.06
LANE-016265,United Kingdom,P4,Rail,2025-07,11,Low,0.86
LANE-014552,Czech Republic,P7,Truck,2025-10,6,Low,0.96
LANE-012003,Canada,P10,Rail,2026-01,11,Low,0.99
LANE-014464,Czech Republic,P5,Air,2025-10,3,Low,2.32
LANE-008865,Italy,P5,Air,2026-09,2,Low,2.3
LANE-010305,Turkey,P12,Ocean,2025-09,31,Low,
LANE-000733,United States,P10,Ocean,2025-07,31,Medium,
LANE-002078,Germany,P4,Rail,2025-10,14,Low,0.87
LANE-001707,Mexico,P11,Rail,2026-01,13,Medium,0.9
LANE-016248,United Kingdom,P4,Truck,2025-12,5,Medium,1.49
LANE-016204,United Kingdom,P3,Ocean,2025-12,23,Low,0.51
LANE-008491,Italy,P1,Truck,2026-09,3,Medium,1.26
LANE-008924,Italy,P6,Ocean,2026-02,27,Low,0.67
LANE-010222,Turkey,P11,Ocean,2026-02,31,Low,0.61
LANE-014742,Czech Republic,P9,Rail,2025-02,7,Low,0.87
LANE-011932,Canada,P9,Ocean,2025-08,28,High,0.78
LANE-011930,Canada,P9,Ocean,2025-06,29,High,0.47
LANE-011739,Canada,P7,Truck,2026-01,4,Low,0.85
LANE-015692,Thailand,P9,Rail,2025-06,14,Low,1.06
LANE-003070,China,P5,Rail,2025-12,9,Low,
LANE-015040,Czech Republic,P12,Air,2026-02,2,Low,2.36
LANE-008224,South Korea,P10,Truck,2026-06,4,Medium,1.18
LANE-016437,United Kingdom,P6,Rail,2025-03,10,Low,0.92
LANE-014569,Czech Republic,P7,Rail,2025-05,14,Low,1.16
LANE-003868,India,P4,Truck,2026-06,5,Medium,1.06
LANE-001858,Germany,P1,Rail,2025-10,13,Low,0.78
LANE-010133,Turkey,P10,Ocean,2026-01,29,Medium,0.78
LANE-005798,Brazil,P4,Rail,2025-12,13,Low,0.85
LANE-000060,United States,P2,Truck,2026-04,1,Low,0.85
LANE-011375,Canada,P2,Air,2025-01,3,Low,3.08
LANE-001690,Mexico,P11,Truck,2026-06,4,Low,1.17
LANE-003053,China,P5,Truck,2026-05,5,Low,1.14
LANE-007569,South Korea,P2,Rail,2025-01,11,Low,1.15
LANE-009485,Turkey,P2,Rail,2025-03,11,Medium,0.72
LANE-002044,Germany,P3,Ocean,2026-08,30,Medium,0.51
LANE-005155,Poland,P8,Rail,2025-07,13,Low,0.97
LANE-012508,France,P4,Rail,2025-12,9,Low,1.17
LANE-007157,Japan,P8,Air,2025-07,2,High,2.56
LANE-006541,Japan,P1,Ocean,2025-07,25,Low,0.75
LANE-011199,Vietnam,P12,Rail,2025-01,12,High,1.05
LANE-016072,United Kingdom,P1,Air,2025-12,3,Low,2.69
LANE-011488,Canada,P4,Rail,2025-04,10,Medium,
LANE-011396,Canada,P2,Air,2026-10,2,Low,2.67
LANE-010010,Turkey,P8,Ocean,2026-10,27,Medium,0.81
LANE-004580,Poland,P1,Rail,2025-04,11,High,0.93
LANE-004033,India,P6,Rail,2025-07,13,Medium,1.12
LANE-000360,United States,P6,Truck,2025-08,5,Low,1.14
LANE-003413,China,P9,Ocean,2025-03,29,Low,0.6
LANE-014863,Czech Republic,P10,Ocean,2026-01,25,Medium,0.5
LANE-003158,China,P6,Rail,2025-12,12,Medium,0.74
LANE-014395,Czech Republic,P5,Truck,2025-07,5,Low,0.99
LANE-004321,India,P10,Truck,2025-09,4,Medium,1.02
LANE-007896,South Korea,P6,Truck,2026-08,4,High,1.55
LANE-013446,Spain,P4,Air,2025-04,2,Low,4.01
LANE-005162,Poland,P8,Rail,2026-02,14,Low,0.84
LANE-004175,India,P7,Air,2026-05,2,Medium,
LANE-014288,Czech Republic,P3,Rail,2025-10,14,Medium,1.02
LANE-009168,Italy,P9,Ocean,2026-04,22,Low,0.55
LANE-006182,Brazil,P9,Truck,2026-10,4,Medium,1.35
LANE-001033,Mexico,P2,Air,2026-09,3,Low,2.71
LANE-005200,Poland,P8,Air,2025-08,3,Medium,3.94
LANE-000081,United States,P2,Rail,2026-03,11,Low,0.92
LANE-003667,India,P1,Rail,2026-03,11,Medium,1.16
LANE-008237,South Korea,P10,Rail,2025-09,14,Low,0.86
LANE-014156,Czech Republic,P1,Air,2025-10,3,Low,3.81
LANE-004430,India,P11,Rail,2025-08,9,Low,1.17
LANE-010341,Vietnam,P1,Rail,2025-01,11,Low,1.27
LANE-014632,Czech Republic,P8,Truck,2025-02,4,Medium,1.35
LANE-000265,United States,P4,Air,2025-01,2,Low,3.36
LANE-012280,France,P1,Ocean,2025-04,26,Medium,0.74
LANE-002354,Germany,P8,Rail,2026-10,10,Low,0.88
LANE-007292,Japan,P10,Ocean,2025-10,28,Low,0.88
LANE-012927,France,P9,Air,2026-01,2,Medium,2.13
LANE-016513,United Kingdom,P7,Rail,2026-01,13,Medium,1.05
LANE-010953,Vietnam,P9,Truck,2026-07,5,Medium,1.48
LANE-000073,United States,P2,Rail,2025-07,9,Low,0.97
LANE-009531,Turkey,P2,Air,2025-05,1,Medium,3.75
LANE-002289,Germany,P7,Ocean,2025-01,27,Medium,0.54
LANE-016314,United Kingdom,P4,Air,2025-12,2,Low,4.04
LANE-001464,Mexico,P8,Ocean,2025-12,27,Low,0.81
LANE-011982,Canada,P10,Truck,2026-02,5,Medium,
LANE-008668,Italy,P3,Rail,2026-10,12,High,1.18
LANE-000306,United States,P5,Truck,2026-08,5,High,1.52
LANE-016680,United Kingdom,P9,Rail,2025-04,13,High,0.66
LANE-004731,Poland,P3,Rail,2025-01,11,Medium,0.99
LANE-010421,Vietnam,P2,Truck,2026-03,4,Low,1.41
LANE-004695,Poland,P2,Air,2025-09,3,Low,2.29
LANE-009784,Turkey,P5,Air,2026-04,3,High,3.95
LANE-007001,Japan,P7,Truck,2025-05,5,Medium,1.44
LANE-005351,Poland,P11,Rail,2025-05,8,High,1.09
LANE-012067,Canada,P11,Truck,2025-11,5,Medium,1.28
LANE-011156,Vietnam,P11,Air,2025-02,3,Medium,
LANE-006973,Japan,P6,Ocean,2026-09,18,Low,0.8
LANE-012791,France,P8,Rail,2025-09,10,Medium,0.77
LANE-004823,Poland,P4,Rail,2025-05,13,Low,0.69
LANE-001094,Mexico,P3,Ocean,2026-04,26,Medium,0.67
LANE-009376,Turkey,P1,Truck,2025-04,5,Medium,0.9
LANE-010715,Vietnam,P6,Truck,2025-01,5,Low,1.01
LANE-002011,Germany,P3,Rail,2025-09,10,Low,1.15
LANE-003412,China,P9,Ocean,2025-02,24,Low,0.76
LANE-009790,Turkey,P5,Air,2026-10,3,High,2.34
LANE-011680,Canada,P6,Rail,2026-08,12,Low,
LANE-009492,Turkey,P2,Rail,2025-10,13,Medium,1.2
LANE-007745,South Korea,P4,Ocean,2025-01,31,Medium,0.64
LANE-003963,India,P5,Ocean,2025-03,25,High,0.82
LANE-014121,Czech Republic,P1,Rail,2026-07,13,Low,1.23
LANE-009835,Turkey,P6,Ocean,2025-01,27,Low,0.69
LANE-006805,Japan,P4,Air,2025-07,2,Low,3.33
LANE-009396,Turkey,P1,Rail,2025-02,10,Medium,0.79
LANE-006859,Japan,P5,Rail,2026-05,10,Low,
LANE-015650,Thailand,P8,Air,2025-08,2,Low,2.12
LANE-001076,Mexico,P3,Rail,2026-08,12,Low,1.07
LANE-011435,Canada,P3,Rail,2026-05,9,Low,
LANE-013745,Spain,P8,Ocean,2026-05,25,Medium,
LANE-009102,Italy,P8,Ocean,2026-04,16,Low,0.62
LANE-013680,Spain,P7,Ocean,2026-06,31,High,0.45
LANE-005187,Poland,P8,Ocean,2026-05,32,Low,0.62
LANE-016807,United Kingdom,P10,Ocean,2026-09,31,Low,0.8
LANE-014874,Czech Republic,P10,Air,2025-02,2,Low,2.96
LANE-008927,Italy,P6,Ocean,2026-05,31,Low,0.48
LANE-016316,United Kingdom,P4,Air,2026-02,3,Low,4.11
LANE-005071,Poland,P7,Rail,2025-11,12,Low,1.24
LANE-001850,Germany,P1,Rail,2025-02,10,Low,0.99
LANE-003586,China,P12,Truck,2026-10,4,High,1.11
LANE-004416,India,P11,Truck,2026-04,5,High,
LANE-006473,Brazil,P12,Air,2025-05,3,Low,3.45
LANE-009974,Turkey,P8,Rail,2025-08,13,Low,0.88
LANE-001574,Mexico,P9,Air,2025-12,3,Medium,2.42
LANE-003222,China,P7,Truck,2025-10,3,Low,0.99
LANE-009586,Turkey,P3,Rail,2026-04,11,Low,1.05
LANE-013590,Spain,P6,Ocean,2026-04,26,Low,0.74
LANE-011109,Vietnam,P11,Truck,2026-09,4,Low,1.57
LANE-014328,Czech Republic,P4,Truck,2025-06,4,High,0.89
LANE-013105,France,P12,Rail,2026-03,11,Low,1.18
LANE-013373,Spain,P3,Air,2026-07,2,High,3.36
LANE-005576,Brazil,P1,Air,2025-10,2,Medium,2.41
LANE-013824,Spain,P9,Ocean,2025-08,23,Medium,0.56
LANE-012130,Canada,P11,Air,2025-08,2,Low,3.08
LANE-013312,Spain,P3,Rail,2025-02,15,Low,1.07
LANE-008485,Italy,P1,Truck,2026-03,4,Medium,1.39
LANE-007381,Japan,P11,Ocean,2025-11,28,Low,0.49
LANE-007886,South Korea,P6,Truck,2025-10,4,High,1.0
LANE-015525,Thailand,P7,Rail,2026-03,11,Low,1.15
LANE-013874,Spain,P10,Truck,2026-02,6,High,1.26
LANE-014432,Czech Republic,P5,Rail,2026-10,7,Low,0.9
LANE-008993,Italy,P7,Rail,2026-05,13,High,1.03
LANE-005748,Brazil,P3,Air,2025-06,2,Medium,3.0
LANE-005434,Poland,P12,Truck,2026-10,4,Low,1.35
LANE-012393,France,P3,Truck,2025-07,4,Medium,1.54
LANE-001592,Mexico,P10,Truck,2025-08,4,Low,1.33
LANE-004884,Poland,P4,Air,2026-10,2,Medium,2.49
LANE-013854,Spain,P9,Air,2026-04,3,Low,3.88
LANE-002590,Germany,P11,Ocean,2026-04,33,Low,0.76
LANE-016311,United Kingdom,P4,Air,2025-09,3,Low,2.77
LANE-012023,Canada,P10,Ocean,2025-11,32,Medium,0.66
LANE-011307,Canada,P1,Ocean,2026-09,27,Low,0.66
LANE-007943,South Korea,P6,Air,2025-01,3,Low,3.6
LANE-013736,Spain,P8,Ocean,2025-08,31,Medium,0.51
LANE-015033,Czech Republic,P12,Air,2025-07,3,Low,3.0
LANE-014641,Czech Republic,P8,Truck,2025-11,5,Medium,1.58
LANE-005947,Brazil,P6,Rail,2025-07,12,Medium,1.0
LANE-003416,China,P9,Ocean,2025-06,34,Low,0.69
LANE-008981,Italy,P7,Rail,2025-05,15,High,0.68
LANE-012723,France,P7,Ocean,2025-07,34,Low,
LANE-003692,India,P1,Ocean,2026-06,21,Low,0.75
LANE-011792,Canada,P7,Ocean,2026-10,21,Low,0.46
LANE-009884,Turkey,P7,Truck,2025-06,4,High,1.0
LANE-008074,South Korea,P8,Rail,2026-10,11,High,0.91
LANE-003664,India,P1,Rail,2025-12,11,Medium,1.2
LANE-016473,United Kingdom,P6,Ocean,2026-05,28,Low,0.87
LANE-000058,United States,P2,Truck,2026-02,2,Low,1.01
LANE-009861,Turkey,P6,Air,2025-05,3,Low,2.89
LANE-012126,Canada,P11,Air,2025-04,3,Low,2.46
LANE-012301,France,P1,Air,2025-03,3,Medium,2.13
LANE-007929,South Korea,P6,Ocean,2025-09,33,Medium,0.74
LANE-015065,Thailand,P1,Truck,2026-05,4,Medium,1.42
LANE-009572,Turkey,P3,Rail,2025-02,12,Low,0.76
LANE-014585,Czech Republic,P7,Rail,2026-09,14,Low,1.02
LANE-006916,Japan,P6,Truck,2025-08,5,Low,0.99
LANE-005445,Poland,P12,Rail,2025-11,11,Low,0.96
LANE-015544,Thailand,P7,Ocean,2025-12,35,Low,0.55
LANE-015726,Thailand,P9,Ocean,2026-06,26,High,0.74
LANE-010541,Vietnam,P4,Truck,2025-03,4,Medium,1.36
LANE-008602,Italy,P2,Rail,2026-10,12,Low,1.23
LANE-001659,Mexico,P10,Air,2025-09,3,Low,3.06
LANE-010027,Turkey,P9,Truck,2026-05,4,High,0.8
LANE-004083,India,P6,Air,2026-01,3,High,2.72
LANE-015044,Czech Republic,P12,Air,2026-06,2,Low,2.85
LANE-005967,Brazil,P6,Ocean,2025-05,20,Low,0.79
LANE-010797,Vietnam,P6,Air,2026-05,3,Low,2.41
LANE-008715,Italy,P4,Truck,2025-03,5,Medium,1.53
LANE-001266,Mexico,P6,Truck,2025-12,5,Low,1.25
LANE-015168,Thailand,P2,Ocean,2025-10,26,Medium,0.88
LANE-014622,Czech Republic,P7,Air,2026-02,2,Low,2.29
LANE-016531,United Kingdom,P7,Ocean,2025-09,26,High,0.61
LANE-001071,Mexico,P3,Rail,2026-03,12,Low,0.65
LANE-011452,Canada,P3,Air,2025-12,1,Low,2.72
LANE-003654,India,P1,Rail,2025-02,10,Medium,1.01
LANE-012272,France,P1,Rail,2026-06,9,Low,1.01
LANE-001977,Germany,P2,Ocean,2026-07,22,Low,0.78
LANE-008801,Italy,P5,Rail,2025-01,12,Low,1.25
LANE-010733,Vietnam,P6,Truck,2026-07,6,Low,1.18
LANE-013725,Spain,P8,Rail,2026-07,10,Low,1.24
LANE-014514,Czech Republic,P6,Rail,2026-04,12,Medium,1.26
LANE-015975,Thailand,P12,Air,2025-03,2,Low,4.06
LANE-003137,China,P6,Truck,2026-01,5,Low,1.29
LANE-011095,Vietnam,P11,Truck,2025-07,4,Low,1.56
LANE-005917,Brazil,P5,Air,2026-09,2,Low,2.08
LANE-003853,India,P4,Truck,2025-03,5,Medium,1.54
LANE-006111,Brazil,P8,Rail,2026-05,13,Low,0.97
LANE-011404,Canada,P3,Truck,2025-08,1,Low,1.55
LANE-008721,Italy,P4,Truck,2025-09,6,Medium,1.4
LANE-010548,Vietnam,P4,Truck,2025-10,5,Medium,1.14
LANE-010374,Vietnam,P1,Ocean,2025-12,26,Low,0.87
LANE-016541,United Kingdom,P7,Ocean,2026-07,26,High,0.75
LANE-000518,United States,P7,Air,2025-12,3,Medium,3.85
LANE-001840,Germany,P1,Truck,2026-02,5,Low,
LANE-005485,Poland,P12,Air,2025-07,3,Low,3.5
LANE-014335,Czech Republic,P4,Truck,2026-01,4,High,0.88
LANE-002604,Germany,P11,Air,2025-08,3,Low,3.03
LANE-011046,Vietnam,P10,Ocean,2025-02,20,Medium,0.44
LANE-004606,Poland,P1,Ocean,2025-08,19,Medium,0.47
LANE-002037,Germany,P3,Ocean,2026-01,26,Medium,0.76
LANE-001560,Mexico,P9,Ocean,2026-08,33,Low,0.79
LANE-005630,Brazil,P2,Rail,2026-08,10,Low,0.95
LANE-010554,Vietnam,P4,Truck,2026-04,5,Medium,1.59
LANE-007051,Japan,P7,Ocean,2025-11,18,High,0.57
LANE-003524,China,P11,Rail,2025-04,8,Medium,1.25
LANE-008377,South Korea,P11,Air,2026-05,3,Medium,3.06
LANE-006008,Brazil,P7,Truck,2025-02,2,Low,0.91
LANE-010447,Vietnam,P2,Rail,2026-07,12,High,1.28
LANE-001038,Mexico,P3,Truck,2025-04,4,Low,1.47
LANE-005742,Brazil,P3,Ocean,2026-10,32,Medium,0.56
LANE-000854,United States,P12,Ocean,2026-06,24,Low,0.63
LANE-001614,Mexico,P10,Rail,2025-08,16,Medium,0.79
LANE-013599,Spain,P6,Air,2025-03,3,Medium,2.65
LANE-005769,Brazil,P4,Truck,2025-05,4,High,1.48
LANE-014702,Czech Republic,P8,Air,2025-06,2,Medium,3.56
LANE-001844,Germany,P1,Truck,2026-06,5,Low,0.8
LANE-003351,China,P8,Air,2025-07,1,Low,3.02
LANE-004737,Poland,P3,Rail,2025-07,14,Medium,1.19
LANE-013702,Spain,P8,Truck,2026-06,4,Medium,1.55
LANE-010976,Vietnam,P9,Rail,2026-08,11,Medium,1.14
LANE-007489,South Korea,P1,Truck,2025-09,4,Medium,1.58
LANE-001697,Mexico,P11,Rail,2025-03,9,Medium,1.24
LANE-003236,China,P7,Rail,2025-02,12,Medium,
LANE-012037,Canada,P10,Air,2025-03,2,Low,3.91
LANE-015630,Thailand,P8,Ocean,2025-10,27,Low,
LANE-011681,Canada,P6,Rail,2026-09,9,Low,1.02
LANE-001562,Mexico,P9,Ocean,2026-10,33,Low,0.44
LANE-000147,United States,P3,Rail,2026-03,10,Medium,1.12
LANE-003876,India,P4,Rail,2025-04,13,Low,1.16
LANE-002717,China,P1,Truck,2025-11,5,Low,1.13
LANE-002605,Germany,P11,Air,2025-09,3,Low,2.45
LANE-014882,Czech Republic,P10,Air,2025-10,3,Low,2.38
LANE-011430,Canada,P3,Rail,2025-12,10,Low,0.84
LANE-003731,India,P2,Truck,2026-01,4,Low,
LANE-010282,Turkey,P12,Rail,2025-08,14,Low,0.72
LANE-008011,South Korea,P7,Ocean,2025-03,30,Low,0.59
LANE-007005,Japan,P7,Truck,2025-09,4,Medium,1.05
LANE-007382,Japan,P11,Ocean,2025-12,22,Low,0.47
LANE-000213,United States,P4,Truck,2026-03,6,Low,0.87
LANE-015152,Thailand,P2,Rail,2026-04,10,Low,1.05
LANE-008342,South Korea,P11,Ocean,2025-04,31,Low,0.61
LANE-007935,South Korea,P6,Ocean,2026-03,27,Medium,0.48
LANE-006301,Brazil,P10,Ocean,2025-09,27,Medium,0.55
LANE-005203,Poland,P8,Air,2025-11,3,Medium,2.3
LANE-007864,South Korea,P5,Air,2025-10,2,Medium,3.47
LANE-014154,Czech Republic,P1,Air,2025-08,2,Low,3.65
LANE-012928,France,P9,Air,2026-02,2,Medium,2.61
LANE-015675,Thailand,P9,Truck,2025-11,3,Low,0.98
LANE-014535,Czech Republic,P6,Ocean,2026-03,22,Medium,0.87
LANE-016014,United Kingdom,P1,Truck,2026-08,4,Low,1.42
LANE-011854,Canada,P8,Ocean,2026-06,19,High,0.45
LANE-006509,Japan,P1,Truck,2026-07,4,Low,1.52
LANE-014638,Czech Republic,P8,Truck,2025-08,5,Medium,0.82
LANE-010906,Vietnam,P8,Rail,2026-04,10,Low,1.01
LANE-012933,France,P9,Air,2026-07,3,Medium,3.86
LANE-008875,Italy,P6,Truck,2025-09,5,Medium,1.1
LANE-006507,Japan,P1,Truck,2026-05,4,Low,1.23
LANE-005703,Brazil,P3,Rail,2025-05,12,High,1.03
LANE-010873,Vietnam,P8,Truck,2025-05,5,Medium,1.43
LANE-010216,Turkey,P11,Ocean,2025-08,24,Low,0.81
LANE-016439,United Kingdom,P6,Rail,2025-05,13,Low,0.82
LANE-005211,Poland,P8,Air,2026-07,4,Medium,2.84
LANE-006618,Japan,P2,Rail,2026-06,8,Medium,1.08
LANE-015322,Thailand,P4,Air,2025-10,3,Low,
LANE-015798,Thailand,P10,Ocean,2025-02,28,Low,0.66
LANE-002759,China,P1,Ocean,2025-09,28,Low,0.65
LANE-003605,China,P12,Rail,2026-07,11,Medium,1.04
LANE-013734,Spain,P8,Ocean,2025-06,30,Medium,0.63
LANE-010209,Turkey,P11,Ocean,2025-01,31,Low,0.77
LANE-006340,Brazil,P11,Truck,2025-04,5,Medium,0.9
LANE-012020,Canada,P10,Ocean,2025-08,28,Medium,0.86
LANE-002265,Germany,P7,Truck,2026-09,5,High,0.85
LANE-014014,Spain,P12,Truck,2026-10,4,High,1.4
LANE-012293,France,P1,Ocean,2026-05,24,Medium,0.47
LANE-000165,United States,P3,Ocean,2025-11,22,Medium,0.66
LANE-001394,Mexico,P7,Ocean,2025-08,21,Low,
LANE-001538,Mexico,P9,Rail,2026-08,9,Low,1.02
LANE-008352,South Korea,P11,Ocean,2026-02,27,Low,0.52
LANE-001569,Mexico,P9,Air,2025-07,2,Medium,2.3
LANE-011467,Canada,P4,Truck,2025-05,5,Low,1.12
LANE-004102,India,P7,Truck,2025-10,6,Low,0.87
LANE-001638,Mexico,P10,Ocean,2025-10,27,Low,0.78
LANE-014855,Czech Republic,P10,Ocean,2025-05,31,Medium,0.51
LANE-004611,Poland,P1,Ocean,2026-01,20,Medium,0.57
LANE-002811,China,P2,Rail,2026-05,12,Low,0.73
LANE-013365,Spain,P3,Air,2025-11,3,High,2.76
LANE-009348,Italy,P12,Rail,2026-08,10,Low,0.74
LANE-009950,Turkey,P8,Truck,2025-06,4,Low,0.95
LANE-007454,Japan,P12,Ocean,2026-06,23,Low,0.56
LANE-006387,Brazil,P11,Ocean,2025-07,28,High,0.67
LANE-006943,Japan,P6,Rail,2026-01,14,Medium,0.74
LANE-014593,Czech Republic,P7,Ocean,2025-07,26,Medium,0.68
LANE-013275,Spain,P2,Air,2025-09,3,Low,2.6
LANE-012194,Canada,P12,Ocean,2025-06,21,Medium,0.61
LANE-000120,United States,P3,Truck,2025-10,5,Low,1.0
LANE-004193,India,P8,Truck,2026-01,4,Low,1.39
LANE-014769,Czech Republic,P9,Ocean,2025-07,26,Medium,0.87
LANE-013748,Spain,P8,Ocean,2026-08,37,Medium,0.79
LANE-002702,Germany,P12,Air,2026-06,2,Low,2.98
LANE-005043,Poland,P7,Truck,2025-05,4,Low,1.44
LANE-004925,Poland,P5,Rail,2026-07,9,Medium,1.16
LANE-005298,Poland,P10,Truck,2026-06,1,Medium,1.58
LANE-003791,India,P3,Truck,2025-07,4,Low,1.25
LANE-007777,South Korea,P4,Air,2025-11,4,Low,3.72
LANE-000559,United States,P8,Rail,2025-09,12,Low,1.21
LANE-013358,Spain,P3,Air,2025-04,2,High,
LANE-013161,Spain,P1,Rail,2025-05,11,Medium,1.0
LANE-009976,Turkey,P8,Rail,2025-10,13,Low,0.77
LANE-011226,Vietnam,P12,Ocean,2025-06,26,Low,0.64
LANE-016735,United Kingdom,P9,Air,2026-03,1,Medium,2.84
LANE-000190,United States,P3,Air,2026-02,3,Low,
LANE-015289,Thailand,P4,Rail,2026-09,12,Low,1.28
LANE-007783,South Korea,P4,Air,2026-05,3,Low,3.06
LANE-014994,Czech Republic,P12,Rail,2025-12,12,Medium,0.75
LANE-003445,China,P10,Truck,2026-01,5,Medium,1.51
LANE-008732,Italy,P4,Truck,2026-08,4,Medium,1.24
LANE-004269,India,P9,Rail,2025-01,9,Medium,0.93
LANE-007710,South Korea,P4,Truck,2025-10,5,Low,1.39
LANE-012815,France,P8,Ocean,2025-11,27,Low,0.77
LANE-015978,Thailand,P12,Air,2025-06,2,Low,3.38
LANE-007811,South Korea,P5,Rail,2025-01,17,Low,0.9
LANE-002090,Germany,P4,Rail,2026-10,11,Low,1.0
LANE-013682,Spain,P7,Ocean,2026-08,19,High,0.46
LANE-013837,Spain,P9,Ocean,2026-09,27,Medium,0.68
LANE-012920,France,P9,Air,2025-06,3,Medium,3.04
LANE-013195,Spain,P1,Ocean,2026-05,29,Low,0.85
LANE-003699,India,P1,Air,2025-03,4,Low,3.37
LANE-013618,Spain,P6,Air,2026-10,2,Medium,3.84
LANE-003004,China,P4,Ocean,2025-12,25,Low,0.66
LANE-005255,Poland,P9,Rail,2026-07,14,Low,1.14
LANE-001058,Mexico,P3,Rail,2025-02,15,Low,0.99
LANE-016422,United Kingdom,P6,Truck,2025-10,6,High,1.27
LANE-001225,Mexico,P5,Ocean,2026-03,30,Low,0.77
LANE-004989,Poland,P6,Truck,2026-05,5,Low,0.98
LANE-015137,Thailand,P2,Rail,2025-01,14,Low,0.9
LANE-003469,China,P10,Rail,2026-03,9,Low,1.04
LANE-012457,France,P3,Air,2025-05,2,Medium,3.3
LANE-010000,Turkey,P8,Ocean,2025-12,27,Medium,0.82
LANE-011569,Canada,P5,Truck,2026-07,4,High,1.49
LANE-007881,South Korea,P6,Truck,2025-05,5,High,1.37
LANE-000657,United States,P9,Ocean,2026-07,31,Medium,0.58
LANE-005497,Poland,P12,Air,2026-07,3,Low,2.77
LANE-003475,China,P10,Rail,2026-09,11,Low,0.83
LANE-000763,United States,P11,Truck,2026-03,2,Medium,0.9
LANE-004138,India,P7,Ocean,2025-02,26,Low,0.65
LANE-013869,Spain,P10,Truck,2025-09,4,High,0.81
LANE-007461,Japan,P12,Air,2025-03,2,Medium,2.28
LANE-016041,United Kingdom,P1,Ocean,2025-03,34,Low,0.48
LANE-015304,Thailand,P4,Ocean,2026-02,29,Low,0.53
LANE-008792,Italy,P5,Truck,2026-02,3,Low,1.17
LANE-007350,Japan,P11,Rail,2025-02,11,High,1.08
LANE-008803,Italy,P5,Rail,2025-03,11,Low,0.77
LANE-007099,Japan,P8,Truck,2026-03,6,High,0.83
LANE-010345,Vietnam,P1,Rail,2025-05,12,Low,0.99
LANE-005819,Brazil,P4,Ocean,2025-11,30,Medium,0.81
LANE-015024,Czech Republic,P12,Ocean,2026-08,31,Low,0.47
LANE-011996,Canada,P10,Rail,2025-06,11,Low,0.97
LANE-014044,Spain,P12,Ocean,2025-08,25,Medium,0.46
LANE-013232,Spain,P2,Rail,2025-10,13,Medium,1.13
LANE-004533,India,P12,Air,2025-01,2,Medium,4.12
LANE-013726,Spain,P8,Rail,2026-08,12,Low,
LANE-010073,Turkey,P9,Ocean,2026-07,22,Low,0.84
LANE-011288,Canada,P1,Ocean,2025-02,29,Low,0.81
LANE-001447,Mexico,P8,Rail,2026-05,12,Low,0.83
LANE-002797,China,P2,Rail,2025-03,11,Low,0.96
LANE-013424,Spain,P4,Ocean,2025-04,29,Low,0.77
LANE-009997,Turkey,P8,Ocean,2025-09,28,Medium,0.86
LANE-015417,Thailand,P6,Truck,2026-05,6,Low,0.92
LANE-016199,United Kingdom,P3,Ocean,2025-07,32,Low,0.6
LANE-007355,Japan,P11,Rail,2025-07,9,High,0.87
LANE-000543,United States,P8,Truck,2026-03,5,High,1.41
LANE-000421,United States,P6,Air,2025-03,3,Low,3.39
LANE-005970,Brazil,P6,Ocean,2025-08,35,Low,0.67
LANE-014661,Czech Republic,P8,Rail,2025-09,14,Medium,0.68
LANE-011588,Canada,P5,Rail,2026-04,13,Low,0.91
LANE-015010,Czech Republic,P12,Ocean,2025-06,30,Low,0.57
LANE-012523,France,P4,Air,2025-05,1,High,4.0
LANE-014687,Czech Republic,P8,Ocean,2026-01,27,Medium,0.48
LANE-004389,India,P10,Air,2025-11,2,Medium,3.94
LANE-015536,Thailand,P7,Ocean,2025-04,34,Low,0.56
LANE-011293,Canada,P1,Ocean,2025-07,31,Low,0.76
LANE-005372,Poland,P11,Ocean,2025-04,30,Medium,0.6
LANE-008699,Italy,P3,Air,2025-09,1,High,3.88
LANE-009996,Turkey,P8,Ocean,2025-08,27,Medium,0.68
LANE-005365,Poland,P11,Rail,2026-07,10,High,1.09
LANE-013457,Spain,P4,Air,2026-03,2,Low,3.13
LANE-014035,Spain,P12,Rail,2026-09,10,Low,1.0
LANE-002629,Germany,P12,Truck,2025-11,6,High,1.58
LANE-015931,Thailand,P12,Rail,2025-03,11,Medium,0.94
LANE-001483,Mexico,P8,Air,2025-09,3,Low,2.44
LANE-013994,Spain,P12,Truck,2025-02,5,High,1.06
LANE-012687,France,P7,Truck,2026-03,5,Medium,1.04
LANE-014164,Czech Republic,P1,Air,2026-06,2,Low,2.9
LANE-016731,United Kingdom,P9,Air,2025-11,2,Medium,3.64
LANE-008944,Italy,P6,Air,2025-12,2,Low,4.0
LANE-010454,Vietnam,P2,Ocean,2025-04,24,Low,0.51
LANE-013230,Spain,P2,Rail,2025-08,13,Medium,1.04
LANE-002541,Germany,P11,Truck,2025-11,5,High,1.07
LANE-011399,Canada,P3,Truck,2025-03,1,Low,1.44
LANE-002216,Germany,P6,Rail,2026-04,15,Low,1.12
LANE-005629,Brazil,P2,Rail,2026-07,7,Low,
LANE-011292,Canada,P1,Ocean,2025-06,21,Low,0.57
LANE-016779,United Kingdom,P10,Rail,2026-03,13,Medium,1.06
LANE-006615,Japan,P2,Rail,2026-03,13,Medium,1.24
LANE-001875,Germany,P1,Ocean,2025-05,28,Low,0.6
LANE-010505,Vietnam,P3,Rail,2025-11,11,Low,
LANE-010371,Vietnam,P1,Ocean,2025-09,28,Low,0.71
LANE-002271,Germany,P7,Rail,2025-05,8,Low,0.81
LANE-003914,India,P4,Ocean,2026-08,20,Low,0.82
LANE-015272,Thailand,P4,Rail,2025-04,12,Low,0.77
LANE-010652,Vietnam,P5,Rail,2025-04,13,Low,0.82
LANE-006082,Brazil,P8,Truck,2025-10,4,Medium,1.42
LANE-014192,Czech Republic,P2,Rail,2025-02,10,Low,1.16
LANE-015898,Thailand,P11,Air,2026-02,3,Medium,2.75
LANE-016399,United Kingdom,P5,Air,2025-09,3,Low,2.8
LANE-007121,Japan,P8,Rail,2026-03,12,Low,0.95
LANE-002947,China,P3,Air,2026-09,3,High,3.35
LANE-001717,Mexico,P11,Ocean,2025-01,31,High,0.78
LANE-008968,Italy,P7,Truck,2026-02,6,High,1.07
LANE-009337,Italy,P12,Rail,2025-09,13,Low,0.91
LANE-011225,Vietnam,P12,Ocean,2025-05,28,Low,0.8
LANE-002041,Germany,P3,Ocean,2026-05,30,Medium,0.54
LANE-003227,China,P7,Truck,2026-03,4,Low,1.2
LANE-001500,Mexico,P9,Truck,2025-04,4,Low,1.33
LANE-011019,Vietnam,P10,Truck,2026-07,6,Medium,1.57
LANE-005462,Poland,P12,Ocean,2025-06,28,Low,0.82
LANE-003984,India,P5,Air,2025-02,2,Low,3.45
LANE-009663,Turkey,P4,Rail,2025-05,10,Low,1.25
LANE-013873,Spain,P10,Truck,2026-01,6,High,1.57
LANE-000980,Mexico,P2,Rail,2025-12,11,Low,
LANE-012389,France,P3,Truck,2025-03,5,Medium,1.5
LANE-004927,Poland,P5,Rail,2026-09,12,Medium,0.87
LANE-010477,Vietnam,P3,Truck,2025-05,4,Medium,1.55
LANE-014231,Czech Republic,P2,Ocean,2026-07,24,Low,0.46
LANE-013431,Spain,P4,Ocean,2025-11,31,Low,0.48
LANE-003005,China,P4,Ocean,2026-01,36,Low,0.66
LANE-001052,Mexico,P3,Truck,2026-06,4,Low,1.18
LANE-007778,South Korea,P4,Air,2025-12,2,Low,4.09
LANE-000945,Mexico,P1,Ocean,2026-09,30,Medium,0.47
LANE-016551,United Kingdom,P7,Air,2025-07,3,Medium,3.6
LANE-000474,United States,P7,Rail,2025-12,12,Medium,0.88
LANE-014635,Czech Republic,P8,Truck,2025-05,3,Medium,1.22
LANE-001387,Mexico,P7,Ocean,2025-01,27,Low,0.53
LANE-010267,Turkey,P12,Truck,2026-03,5,Low,1.33
LANE-007447,Japan,P12,Ocean,2025-11,16,Low,0.76
LANE-009085,Italy,P8,Rail,2026-09,11,Medium,0.71
LANE-002878,China,P3,Truck,2026-06,5,High,1.26
LANE-000734,United States,P10,Ocean,2025-08,20,Medium,0.49
LANE-006248,Brazil,P9,Air,2026-10,3,Low,3.73
LANE-008192,South Korea,P9,Air,2025-08,2,Low,
LANE-002921,China,P3,Ocean,2026-05,29,Low,0.75
LANE-000282,United States,P4,Air,2026-06,3,Low,3.22
LANE-008137,South Korea,P9,Truck,2026-07,4,Medium,1.06
LANE-007579,South Korea,P2,Rail,2025-11,9,Low,0.92
LANE-004633,Poland,P2,Truck,2026-01,5,Low,1.38
LANE-010965,Vietnam,P9,Rail,2025-09,12,Medium,0.9
LANE-004425,India,P11,Rail,2025-03,16,Low,0.83
LANE-004178,India,P7,Air,2026-08,2,Medium,2.29
LANE-013413,Spain,P4,Rail,2026-03,10,Low,1.07
LANE-013262,Spain,P2,Ocean,2026-06,21,Medium,0.68
LANE-004292,India,P9,Air,2025-02,1,Medium,2.1
LANE-003880,India,P4,Rail,2025-08,9,Low,0.83
LANE-002313,Germany,P8,Truck,2025-03,5,Medium,0.85
LANE-005677,Brazil,P3,Truck,2025-01,4,Low,1.07
LANE-002559,Germany,P11,Rail,2025-07,10,High,0.66
LANE-008036,South Korea,P8,Truck,2025-06,4,High,1.03
LANE-002425,Germany,P9,Rail,2025-05,9,Low,0.72
LANE-015220,Thailand,P3,Rail,2026-06,13,Low,0.91
LANE-007468,Japan,P12,Air,2025-10,3,Medium,3.02
LANE-012691,France,P7,Truck,2026-07,5,Medium,1.54
LANE-013374,Spain,P3,Air,2026-08,2,High,3.74
LANE-013449,Spain,P4,Air,2025-07,3,Low,3.14
LANE-001601,Mexico,P10,Truck,2026-05,4,Low,0.9
LANE-005128,Poland,P8,Truck,2025-02,6,High,1.43
LANE-009023,Italy,P7,Air,2025-03,3,Medium,2.54
LANE-012741,France,P7,Air,2025-03,3,High,3.05
LANE-008583,Italy,P2,Rail,2025-03,10,Low,1.28
LANE-011443,Canada,P3,Air,2025-03,1,Low,4.07
LANE-010248,Turkey,P11,Air,2026-06,3,High,3.38
LANE-011562,Canada,P5,Truck,2025-12,4,High,0.82
LANE-012335,France,P2,Truck,2026-03,4,Medium,1.23
LANE-003278,China,P7,Ocean,2026-10,26,Low,0.63
LANE-011098,Vietnam,P11,Truck,2025-10,3,Low,0.94
LANE-001711,Mexico,P11,Rail,2026-05,13,Medium,
LANE-015039,Czech Republic,P12,Air,2026-01,2,Low,3.42
LANE-013807,Spain,P9,Rail,2026-01,9,Low,0.76
LANE-006064,Brazil,P7,Air,2026-02,1,High,3.39
LANE-015297,Thailand,P4,Ocean,2025-07,31,Low,0.46
LANE-005374,Poland,P11,Ocean,2025-06,33,Medium,0.67
LANE-007123,Japan,P8,Rail,2026-05,7,Low,1.09
LANE-004029,India,P6,Rail,2025-03,11,Medium,1.03
LANE-016687,United Kingdom,P9,Rail,2025-11,13,High,1.09
LANE-006518,Japan,P1,Rail,2025-06,9,Low,0.96
LANE-006445,Brazil,P12,Rail,2026-09,9,Medium,1.04
LANE-005965,Brazil,P6,Ocean,2025-03,33,Low,0.54
LANE-014567,Czech Republic,P7,Rail,2025-03,12,Low,1.06
LANE-005099,Poland,P7,Ocean,2026-05,27,Low,0.56
LANE-001367,Mexico,P7,Rail,2025-03,12,High,0.93
LANE-000551,United States,P8,Rail,2025-01,13,Low,1.25
LANE-016681,United Kingdom,P9,Rail,2025-05,11,High,1.18
LANE-016258,United Kingdom,P4,Truck,2026-10,5,Medium,1.44
LANE-015621,Thailand,P8,Ocean,2025-01,28,Low,0.66
LANE-010690,Vietnam,P5,Ocean,2026-08,28,Medium,0.46
LANE-016683,United Kingdom,P9,Rail,2025-07,12,High,
LANE-016046,United Kingdom,P1,Ocean,2025-08,31,Low,0.58
LANE-002829,China,P2,Ocean,2026-01,32,Low,0.76
LANE-015307,Thailand,P4,Ocean,2026-05,19,Low,0.75
LANE-014823,Czech Republic,P10,Truck,2026-05,6,Low,1.02
LANE-010280,Turkey,P12,Rail,2025-06,11,Low,1.03
LANE-013321,Spain,P3,Rail,2025-11,11,Low,0.72
LANE-012766,France,P8,Truck,2025-06,4,Medium,1.23
LANE-002186,Germany,P6,Truck,2025-08,5,Low,0.83
LANE-004374,India,P10,Ocean,2026-06,24,Medium,
LANE-013746,Spain,P8,Ocean,2026-06,25,Medium,0.44
LANE-012669,France,P6,Ocean,2026-07,22,Medium,0.46
LANE-000691,United States,P10,Truck,2025-09,4,Low,1.42
LANE-004216,India,P8,Rail,2026-02,9,Medium,0.84
LANE-011825,Canada,P8,Rail,2025-11,9,Low,
LANE-008174,South Korea,P9,Ocean,2025-12,25,Medium,0.55
LANE-003172,China,P6,Ocean,2025-04,26,Medium,0.55
LANE-005610,Brazil,P2,Truck,2026-10,4,Low,1.39
LANE-006770,Japan,P4,Rail,2026-04,11,Low,1.13
LANE-007759,South Korea,P4,Ocean,2026-03,25,Medium,0.56
LANE-009064,Italy,P8,Truck,2026-10,5,Low,1.21
LANE-002397,Germany,P8,Air,2026-09,2,Low,2.98
LANE-013450,Spain,P4,Air,2025-08,2,Low,3.23
LANE-015019,Czech Republic,P12,Ocean,2026-03,31,Low,
LANE-000572,United States,P8,Rail,2026-10,11,Low,1.15
LANE-011654,Canada,P6,Truck,2026-04,4,Low,1.46
LANE-001344,Mexico,P7,Truck,2025-02,5,High,1.07
LANE-009679,Turkey,P4,Rail,2026-09,13,Low,0.72
LANE-013049,France,P11,Ocean,2025-03,35,Medium,0.49
LANE-000377,United States,P6,Rail,2025-03,11,Medium,0.99
LANE-013202,Spain,P2,Truck,2025-02,4,Low,1.01
LANE-008965,Italy,P7,Truck,2025-11,4,High,0.92
LANE-005089,Poland,P7,Ocean,2025-07,35,Low,0.74
LANE-009128,Italy,P9,Truck,2026-08,4,Low,1.26
LANE-006577,Japan,P1,Air,2026-09,2,High,2.26
LANE-004975,Poland,P6,Truck,2025-03,4,Low,1.12
LANE-013505,Spain,P5,Rail,2026-07,10,Low,1.0
LANE-004103,India,P7,Truck,2025-11,4,Low,1.22
LANE-014225,Czech Republic,P2,Ocean,2026-01,33,Low,
LANE-015487,Thailand,P6,Air,2026-09,2,Low,2.62
LANE-016674,United Kingdom,P9,Truck,2026-08,5,Medium,0.94
LANE-004095,India,P7,Truck,2025-03,4,Low,1.54
LANE-016307,United Kingdom,P4,Air,2025-05,2,Low,2.77
LANE-012600,France,P5,Ocean,2026-04,32,Low,0.79
LANE-005569,Brazil,P1,Air,2025-03,2,Medium,3.77
LANE-002520,Germany,P10,Ocean,2025-12,32,Low,0.57
LANE-012297,France,P1,Ocean,2026-09,27,Medium,0.66
LANE-015613,Thailand,P8,Rail,2026-03,11,Low,1.24
LANE-013250,Spain,P2,Ocean,2025-06,26,Medium,0.71
LANE-012589,France,P5,Ocean,2025-05,26,Low,0.66
LANE-006760,Japan,P4,Rail,2025-06,11,Low,1.25
LANE-016840,United Kingdom,P11,Truck,2025-10,4,Medium,1.05
LANE-009908,Turkey,P7,Rail,2025-08,13,Low,0.71
LANE-012150,Canada,P12,Truck,2025-06,5,High,1.49
LANE-006308,Brazil,P10,Ocean,2026-04,23,Medium,0.5
LANE-009249,Italy,P11,Truck,2025-09,6,Low,1.57
LANE-016153,United Kingdom,P3,Truck,2025-05,5,Low,1.3
LANE-011415,Canada,P3,Truck,2026-07,1,Low,1.03
LANE-012156,Canada,P12,Truck,2025-12,5,High,1.07
LANE-002004,Germany,P3,Rail,2025-02,7,Low,0.94
LANE-006152,Brazil,P8,Air,2026-02,3,High,2.1
LANE-001338,Mexico,P6,Air,2026-06,3,Low,2.45
LANE-015130,Thailand,P2,Truck,2026-04,3,Medium,1.05
LANE-009980,Turkey,P8,Rail,2026-02,11,Low,0.76
LANE-009803,Turkey,P6,Truck,2026-01,3,Medium,1.34
LANE-002402,Germany,P9,Truck,2025-04,6,Medium,1.1
LANE-001834,Germany,P1,Truck,2025-08,6,Low,1.51
LANE-003698,India,P1,Air,2025-02,2,Low,2.39
LANE-004433,India,P11,Rail,2025-11,11,Low,1.05
LANE-011115,Vietnam,P11,Rail,2025-05,11,Low,
LANE-005628,Brazil,P2,Rail,2026-06,13,Low,0.65
LANE-002471,Germany,P10,Truck,2025-07,4,Medium,1.58
LANE-011949,Canada,P9,Air,2025-03,2,Medium,3.43
LANE-010167,Turkey,P11,Truck,2025-03,4,Low,1.39
LANE-008364,South Korea,P11,Air,2025-04,3,Medium,2.71
LANE-001906,Germany,P1,Air,2026-02,2,High,2.3
LANE-000136,United States,P3,Rail,2025-04,13,Medium,1.01
LANE-005459,Poland,P12,Ocean,2025-03,25,Low,0.64
LANE-005529,Brazil,P1,Rail,2025-07,13,Medium,0.7
LANE-009029,Italy,P7,Air,2025-09,3,Medium,3.74
LANE-012462,France,P3,Air,2025-10,2,Medium,3.7
LANE-002224,Germany,P6,Ocean,2025-02,28,High,0.6
LANE-013598,Spain,P6,Air,2025-02,4,Medium,3.02
LANE-000225,United States,P4,Rail,2025-05,10,Low,1.01
LANE-009202,Italy,P10,Rail,2025-06,9,Medium,0.84
LANE-009393,Turkey,P1,Truck,2026-09,5,Medium,0.99
LANE-001261,Mexico,P6,Truck,2025-07,5,Low,1.1
LANE-001532,Mexico,P9,Rail,2026-02,11,Low,1.25
LANE-011726,Canada,P6,Air,2026-10,3,Low,2.37
LANE-015624,Thailand,P8,Ocean,2025-04,23,Low,0.87
LANE-003348,China,P8,Air,2025-04,1,Low,4.1
LANE-004871,Poland,P4,Air,2025-09,2,Medium,2.25
LANE-006624,Japan,P2,Ocean,2025-02,27,Low,0.85
LANE-014716,Czech Republic,P8,Air,2026-08,3,Medium,2.7
LANE-014827,Czech Republic,P10,Truck,2026-09,5,Low,1.01
LANE-001510,Mexico,P9,Truck,2026-02,7,Low,1.17
LANE-009180,Italy,P10,Truck,2025-06,3,Low,0.96
LANE-005167,Poland,P8,Rail,2026-07,12,Low,
LANE-010612,Vietnam,P4,Air,2025-08,2,Medium,3.12
LANE-005058,Poland,P7,Truck,2026-08,5,Low,0.88
LANE-002178,Germany,P5,Air,2026-10,1,Low,2.33
LANE-005405,Poland,P11,Air,2026-03,2,High,2.25
LANE-014667,Czech Republic,P8,Rail,2026-03,10,Medium,1.19
LANE-016546,United Kingdom,P7,Air,2025-02,3,Medium,4.05
LANE-016798,United Kingdom,P10,Ocean,2025-12,25,Low,0.44
LANE-000425,United States,P6,Air,2025-07,3,Low,3.77
LANE-016544,United Kingdom,P7,Ocean,2026-10,19,High,0.79
LANE-012381,France,P2,Ocean,2026-05,31,Medium,0.44
LANE-005389,Poland,P11,Ocean,2026-09,31,Medium,0.54
LANE-005112,Poland,P7,Air,2025-08,3,Low,3.44
LANE-009170,Italy,P9,Ocean,2026-06,19,Low,0.44
LANE-007503,South Korea,P1,Rail,2025-01,14,Medium,1.28
LANE-011120,Vietnam,P11,Rail,2025-10,13,Low,0.67
LANE-012200,Canada,P12,Ocean,2025-12,23,Medium,0.73
LANE-003932,India,P5,Truck,2026-04,4,Medium,1.32
LANE-016658,United Kingdom,P9,Truck,2025-04,5,Medium,1.3
LANE-016402,United Kingdom,P5,Air,2025-12,3,Low,2.66
LANE-010297,Turkey,P12,Ocean,2025-01,28,Low,0.63
LANE-000396,United States,P6,Rail,2026-10,10,Medium,0.9
LANE-005869,Brazil,P5,Rail,2026-05,10,Medium,0.84
LANE-003404,China,P9,Rail,2026-04,14,Medium,0.65
LANE-001337,Mexico,P6,Air,2026-05,2,Low,4.0
LANE-014988,Czech Republic,P12,Rail,2025-06,11,Medium,0.89
LANE-012931,France,P9,Air,2026-05,2,Medium,3.12
LANE-013691,Spain,P8,Truck,2025-07,4,Medium,1.22
LANE-003395,China,P9,Rail,2025-07,12,Medium,1.09
LANE-004928,Poland,P5,Rail,2026-10,8,Medium,0.79
LANE-013340,Spain,P3,Ocean,2025-08,27,Low,0.71
LANE-009944,Turkey,P7,Ocean,2026-10,21,Low,0.87
LANE-005402,Poland,P11,Air,2025-12,2,High,2.55
LANE-000750,United States,P11,Truck,2025-02,2,Medium,1.59
LANE-008977,Italy,P7,Rail,2025-01,9,High,1.09
LANE-008827,Italy,P5,Ocean,2025-05,29,High,0.84
LANE-013761,Spain,P8,Air,2025-11,3,Low,4.14
LANE-010072,Turkey,P9,Ocean,2026-06,30,Low,0.76
LANE-004581,Poland,P1,Rail,2025-05,11,High,0.74
LANE-007961,South Korea,P6,Air,2026-07,3,Low,4.0
LANE-004893,Poland,P5,Truck,2025-09,4,High,1.11
LANE-001952,Germany,P2,Rail,2026-04,15,Low,0.71
LANE-011805,Canada,P8,Truck,2026-01,4,Medium,1.01
LANE-015887,Thailand,P11,Air,2025-03,3,Medium,2.61
LANE-014297,Czech Republic,P3,Rail,2026-07,10,Medium,1.22
LANE-012809,France,P8,Ocean,2025-05,22,Low,0.69
LANE-010575,Vietnam,P4,Rail,2026-03,11,Low,1.06
LANE-001292,Mexico,P6,Rail,2026-04,11,Low,0.84
LANE-002610,Germany,P11,Air,2026-02,2,Low,2.35
LANE-002374,Germany,P8,Ocean,2026-08,30,Medium,0.77
LANE-003729,India,P2,Truck,2025-11,3,Low,0.87
LANE-013048,France,P11,Ocean,2025-02,33,Medium,0.51
LANE-016129,United Kingdom,P2,Ocean,2025-03,24,Low,0.67
LANE-010032,Turkey,P9,Truck,2026-10,4,High,
LANE-007306,Japan,P10,Air,2025-02,3,Medium,3.22
LANE-014553,Czech Republic,P7,Truck,2025-11,4,Low,1.4
LANE-002307,Germany,P7,Ocean,2026-07,25,Medium,0.73
LANE-006715,Japan,P3,Air,2025-05,1,Low,2.78
LANE-013339,Spain,P3,Ocean,2025-07,32,Low,0.81
LANE-001641,Mexico,P10,Ocean,2026-01,24,Low,0.54
LANE-009823,Turkey,P6,Rail,2025-11,13,Low,1.0
LANE-006583,Japan,P2,Truck,2025-05,5,Medium,1.4
LANE-010332,Vietnam,P1,Truck,2026-02,3,Low,1.23
LANE-007438,Japan,P12,Ocean,2025-02,34,Low,0.63
LANE-001453,Mexico,P8,Ocean,2025-01,21,Low,0.56
LANE-002035,Germany,P3,Ocean,2025-11,24,Medium,0.68
LANE-007692,South Korea,P3,Ocean,2026-02,22,High,0.69
LANE-014057,Spain,P12,Ocean,2026-09,36,Medium,0.63
LANE-005393,Poland,P11,Air,2025-03,3,High,2.88
LANE-014794,Czech Republic,P9,Air,2025-10,3,Medium,3.57
LANE-004797,Poland,P4,Truck,2025-01,4,Medium,0.97
LANE-007178,Japan,P9,Truck,2025-06,5,High,0.87
LANE-005752,Brazil,P3,Air,2025-10,3,Medium,3.47
LANE-001450,Mexico,P8,Rail,2026-08,10,Low,0.71
LANE-016974,United Kingdom,P12,Air,2025-12,3,Low,3.36
LANE-009154,Italy,P9,Ocean,2025-02,23,Low,0.57
LANE-013778,Spain,P9,Truck,2025-06,3,Low,1.55
LANE-000124,United States,P3,Truck,2026-02,6,Low,0.96
LANE-011305,Canada,P1,Ocean,2026-07,25,Low,0.57
LANE-013742,Spain,P8,Ocean,2026-02,21,Medium,0.44
LANE-012721,France,P7,Ocean,2025-05,24,Low,0.79
LANE-013900,Spain,P10,Rail,2026-06,12,Low,0.85
LANE-007949,South Korea,P6,Air,2025-07,2,Low,
LANE-001830,Germany,P1,Truck,2025-04,5,Low,1.09
LANE-014940,Czech Republic,P11,Ocean,2025-02,29,Medium,0.83
LANE-011536,Canada,P4,Air,2025-08,2,Low,3.03
LANE-011720,Canada,P6,Air,2026-04,3,Low,
LANE-000948,Mexico,P2,Truck,2025-02,5,High,0.82
LANE-005606,Brazil,P2,Truck,2026-06,3,Low,1.53
LANE-001731,Mexico,P11,Ocean,2026-03,23,High,0.81
LANE-002337,Germany,P8,Rail,2025-05,13,Low,1.06
LANE-014042,Spain,P12,Ocean,2025-06,28,Medium,0.87
LANE-016128,United Kingdom,P2,Ocean,2025-02,25,Low,0.58
LANE-012404,France,P3,Truck,2026-06,4,Medium,1.01
LANE-008159,South Korea,P9,Rail,2026-07,11,High,0.99
LANE-007046,Japan,P7,Ocean,2025-06,24,High,0.75
LANE-011624,Canada,P5,Air,2025-08,3,Low,
LANE-003392,China,P9,Rail,2025-04,7,Medium,1.07
LANE-003506,China,P11,Truck,2025-08,5,Medium,1.18
LANE-004155,India,P7,Ocean,2026-07,25,Low,0.79
LANE-005876,Brazil,P5,Ocean,2025-02,31,Low,
LANE-014258,Czech Republic,P3,Truck,2025-02,4,Medium,1.22
LANE-014597,Czech Republic,P7,Ocean,2025-11,22,Medium,0.66
LANE-015969,Thailand,P12,Ocean,2026-07,30,Medium,0.67
LANE-007814,South Korea,P5,Rail,2025-04,13,Low,
LANE-008014,South Korea,P7,Ocean,2025-06,29,Low,0.76
LANE-014110,Czech Republic,P1,Rail,2025-08,13,Low,1.0
LANE-013064,France,P11,Ocean,2026-06,31,Medium,0.82
LANE-005910,Brazil,P5,Air,2026-02,2,Low,2.38
LANE-003149,China,P6,Rail,2025-03,12,Medium,1.12
LANE-011863,Canada,P8,Air,2025-05,3,Low,4.02
LANE-006825,Japan,P5,Truck,2025-05,5,Low,1.31
LANE-003002,China,P4,Ocean,2025-10,24,Low,0.73
LANE-002379,Germany,P8,Air,2025-03,2,Low,2.77
LANE-009859,Turkey,P6,Air,2025-03,3,Low,3.64
LANE-013545,Spain,P6,Truck,2026-03,5,Low,1.03
LANE-002985,China,P4,Rail,2026-03,10,Medium,0.87
LANE-003642,India,P1,Truck,2025-12,4,Medium,1.02
LANE-007687,South Korea,P3,Ocean,2025-09,23,High,0.48
LANE-011687,Canada,P6,Ocean,2025-05,29,Low,
LANE-015392,Thailand,P5,Ocean,2026-02,30,Medium,0.7
LANE-006791,Japan,P4,Ocean,2026-03,32,Low,0.75
LANE-009680,Turkey,P4,Rail,2026-10,8,Low,1.11
LANE-016928,United Kingdom,P12,Rail,2025-10,10,Medium,0.83
LANE-013755,Spain,P8,Air,2025-05,2,Low,2.68
LANE-009935,Turkey,P7,Ocean,2026-01,25,Low,0.7
LANE-014928,Czech Republic,P11,Rail,2025-12,13,Low,0.91
LANE-005416,Poland,P12,Truck,2025-04,4,Low,0.97
LANE-012374,France,P2,Ocean,2025-10,31,Medium,0.72
LANE-012203,Canada,P12,Ocean,2026-03,26,Medium,0.6
LANE-012286,France,P1,Ocean,2025-10,28,Medium,0.82
LANE-008838,Italy,P5,Ocean,2026-04,34,High,0.5
LANE-008226,South Korea,P10,Truck,2026-08,3,Medium,1.51
LANE-010409,Vietnam,P2,Truck,2025-03,5,Low,1.41
LANE-000834,United States,P12,Rail,2026-08,11,Low,0.93
LANE-003391,China,P9,Rail,2025-03,12,Medium,1.05
LANE-007510,South Korea,P1,Rail,2025-08,12,Medium,0.86
LANE-002755,China,P1,Ocean,2025-05,31,Low,
LANE-015766,Thailand,P10,Truck,2026-02,5,Low,1.14
LANE-008760,Italy,P4,Ocean,2025-04,31,Low,
LANE-009519,Turkey,P2,Ocean,2026-03,27,Medium,0.74
LANE-013605,Spain,P6,Air,2025-09,3,Medium,2.42
LANE-003099,China,P5,Ocean,2026-07,33,Medium,0.85
LANE-011083,Vietnam,P10,Air,2026-05,3,Low,3.61
LANE-007874,South Korea,P5,Air,2026-08,2,Medium,3.33
LANE-010136,Turkey,P10,Ocean,2026-04,36,Medium,0.53
LANE-000399,United States,P6,Ocean,2025-03,28,Low,0.58
LANE-004383,India,P10,Air,2025-05,3,Medium,3.6
LANE-005056,Poland,P7,Truck,2026-06,3,Low,1.04
LANE-015683,Thailand,P9,Truck,2026-07,5,Low,1.47
LANE-005567,Brazil,P1,Air,2025-01,3,Medium,
LANE-009749,Turkey,P5,Ocean,2025-03,34,Low,0.74
LANE-009465,Turkey,P2,Truck,2025-05,4,Medium,1.2
LANE-010251,Turkey,P11,Air,2026-09,2,High,3.21
LANE-003046,China,P5,Truck,2025-10,4,Low,1.16
LANE-001244,Mexico,P5,Air,2025-12,2,High,
LANE-016824,United Kingdom,P10,Air,2026-04,2,Low,3.14
LANE-007170,Japan,P8,Air,2026-08,3,High,2.51
LANE-004895,Poland,P5,Truck,2025-11,4,High,1.32
LANE-004106,India,P7,Truck,2026-02,6,Low,1.45
LANE-009849,Turkey,P6,Ocean,2026-03,28,Low,0.56
LANE-007982,South Korea,P7,Truck,2026-06,4,Low,1.01
LANE-006543,Japan,P1,Ocean,2025-09,25,Low,0.58
LANE-003249,China,P7,Rail,2026-03,9,Medium,0.84
LANE-013313,Spain,P3,Rail,2025-03,11,Low,1.04
LANE-012839,France,P8,Air,2026-01,3,Low,3.92
LANE-015670,Thailand,P9,Truck,2025-06,5,Low,0.91
LANE-010154,Turkey,P10,Air,2025-12,3,Low,2.42
LANE-002803,China,P2,Rail,2025-09,11,Low,1.25
LANE-003551,China,P11,Ocean,2025-09,19,Low,0.56
LANE-015785,Thailand,P10,Rail,2025-11,12,High,1.1
LANE-008546,Italy,P1,Air,2025-10,3,Low,2.83
LANE-013841,Spain,P9,Air,2025-03,2,Low,2.47
LANE-013706,Spain,P8,Truck,2026-10,4,Medium,1.22
LANE-008189,South Korea,P9,Air,2025-05,3,Low,3.66
LANE-014828,Czech Republic,P10,Truck,2026-10,6,Low,1.23
LANE-010026,Turkey,P9,Truck,2026-04,6,High,0.84
LANE-007937,South Korea,P6,Ocean,2026-05,29,Medium,0.77
LANE-010539,Vietnam,P4,Truck,2025-01,5,Medium,0.82
LANE-016220,United Kingdom,P3,Air,2025-06,2,Low,3.12
LANE-014618,Czech Republic,P7,Air,2025-10,2,Low,3.34
LANE-016119,United Kingdom,P2,Rail,2026-03,8,High,0.87
LANE-001202,Mexico,P5,Rail,2026-02,14,Medium,0.92
LANE-006277,Brazil,P10,Rail,2025-07,9,Low,0.97
LANE-004678,Poland,P2,Ocean,2026-02,33,Low,0.67
LANE-016363,United Kingdom,P5,Rail,2026-05,14,Medium,1.25
LANE-009496,Turkey,P2,Rail,2026-02,11,Medium,0.92
LANE-014031,Spain,P12,Rail,2026-05,10,Low,1.15
LANE-012361,France,P2,Rail,2026-07,10,Low,1.18
LANE-016028,United Kingdom,P1,Rail,2025-12,14,High,1.15
LANE-000436,United States,P6,Air,2026-06,3,Low,2.31
LANE-007206,Japan,P9,Rail,2025-12,12,Low,1.18
LANE-003225,China,P7,Truck,2026-01,5,Low,1.54
LANE-001130,Mexico,P4,Rail,2025-08,9,Low,1.08
LANE-009910,Turkey,P7,Rail,2025-10,12,Low,0.75
LANE-015124,Thailand,P2,Truck,2025-10,5,Medium,1.11
LANE-013883,Spain,P10,Rail,2025-01,13,Low,0.67
LANE-012970,France,P10,Rail,2025-12,10,Medium,
LANE-008019,South Korea,P7,Ocean,2025-11,21,Low,0.76
LANE-007628,South Korea,P2,Air,2026-04,3,Medium,2.83
LANE-014730,Czech Republic,P9,Truck,2025-12,5,Medium,1.54
LANE-009166,Italy,P9,Ocean,2026-02,30,Low,0.67
LANE-002393,Germany,P8,Air,2026-05,3,Low,3.06
LANE-010594,Vietnam,P4,Ocean,2025-12,29,Low,0.75
LANE-009599,Turkey,P3,Ocean,2025-07,29,Low,0.68
LANE-004636,Poland,P2,Truck,2026-04,4,Low,1.24
LANE-000755,United States,P11,Truck,2025-07,2,Medium,
LANE-003935,India,P5,Truck,2026-07,4,Medium,0.85
LANE-012947,France,P10,Truck,2025-11,4,Medium,0.95
LANE-005516,Brazil,P1,Truck,2026-04,5,Low,0.91
LANE-014284,Czech Republic,P3,Rail,2025-06,12,Medium,0.79
LANE-011901,Canada,P9,Truck,2026-09,4,Low,1.12
LANE-005918,Brazil,P5,Air,2026-10,3,Low,3.87
LANE-015187,Thailand,P3,Truck,2025-07,5,Low,1.07
LANE-002775,China,P2,Truck,2025-03,5,Medium,0.91
LANE-016446,United Kingdom,P6,Rail,2025-12,13,Low,0.99
LANE-005088,Poland,P7,Ocean,2025-06,33,Low,0.75
LANE-006834,Japan,P5,Truck,2026-02,5,Low,1.27
LANE-000760,United States,P11,Truck,2025-12,2,Medium,1.19
LANE-011081,Vietnam,P10,Air,2026-03,3,Low,2.21
LANE-007352,Japan,P11,Rail,2025-04,11,High,1.23
LANE-003988,India,P5,Air,2025-06,3,Low,2.34
LANE-008483,Italy,P1,Truck,2026-01,5,Medium,0.88
LANE-009641,Turkey,P4,Truck,2025-05,4,Low,1.26
LANE-016279,United Kingdom,P4,Rail,2026-09,11,Low,0.98
LANE-012919,France,P9,Air,2025-05,3,Medium,2.7
LANE-015475,Thailand,P6,Air,2025-09,3,Low,2.56
LANE-003292,China,P7,Air,2026-02,3,Low,2.25
LANE-015371,Thailand,P5,Rail,2026-03,11,Low,0.92
LANE-004598,Poland,P1,Rail,2026-10,12,High,
LANE-004909,Poland,P5,Rail,2025-03,11,Medium,0.77
LANE-013333,Spain,P3,Ocean,2025-01,30,Low,0.76
LANE-000226,United States,P4,Rail,2025-06,15,Low,0.67
LANE-010212,Turkey,P11,Ocean,2025-04,21,Low,0.47
LANE-015997,United Kingdom,P1,Truck,2025-03,5,Low,1.5
LANE-007307,Japan,P10,Air,2025-03,2,Medium,3.05
LANE-001137,Mexico,P4,Rail,2026-03,10,Low,1.19
LANE-002309,Germany,P7,Ocean,2026-09,34,Medium,0.57
LANE-008161,South Korea,P9,Rail,2026-09,14,High,1.27
LANE-009472,Turkey,P2,Truck,2025-12,3,Medium,0.91
LANE-011031,Vietnam,P10,Rail,2025-09,10,Medium,0.72
LANE-011245,Canada,P1,Truck,2025-03,5,Low,1.25
LANE-011869,Canada,P8,Air,2025-11,2,Low,2.52
LANE-001457,Mexico,P8,Ocean,2025-05,23,Low,0.7
LANE-000109,United States,P2,Air,2026-09,1,Low,4.13
LANE-008204,South Korea,P9,Air,2026-08,2,Low,3.6
LANE-007530,South Korea,P1,Ocean,2025-06,24,Low,0.48
LANE-015725,Thailand,P9,Ocean,2026-05,27,High,0.44
LANE-002939,China,P3,Air,2026-01,3,High,2.37
LANE-015437,Thailand,P6,Rail,2026-03,8,Low,0.82
LANE-013670,Spain,P7,Ocean,2025-08,22,High,0.5
LANE-003911,India,P4,Ocean,2026-05,22,Low,0.64
LANE-004683,Poland,P2,Ocean,2026-07,23,Low,0.86
LANE-011776,Canada,P7,Ocean,2025-06,25,Low,0.74
LANE-001883,Germany,P1,Ocean,2026-01,21,Low,0.52
LANE-013120,France,P12,Ocean,2025-08,32,High,0.79
LANE-006187,Brazil,P9,Rail,2025-05,13,Medium,0.9
LANE-002212,Germany,P6,Rail,2025-12,13,Low,1.02
LANE-014247,Czech Republic,P2,Air,2026-01,3,High,2.84
LANE-001771,Mexico,P12,Truck,2025-11,5,High,1.42
LANE-009476,Turkey,P2,Truck,2026-04,4,Medium,1.07
LANE-014111,Czech Republic,P1,Rail,2025-09,11,Low,1.04
LANE-001931,Germany,P2,Truck,2026-05,5,Low,1.17
LANE-013336,Spain,P3,Ocean,2025-04,27,Low,0.52
LANE-013674,Spain,P7,Ocean,2025-12,20,High,0.84
LANE-009098,Italy,P8,Ocean,2025-12,31,Low,0.58
LANE-005277,Poland,P9,Ocean,2026-07,19,Medium,0.82
LANE-008597,Italy,P2,Rail,2026-05,11,Low,0.68
LANE-014131,Czech Republic,P1,Ocean,2025-07,20,Low,0.75
LANE-016975,United Kingdom,P12,Air,2026-01,2,Low,2.85
LANE-010500,Vietnam,P3,Rail,2025-06,10,Low,0.96
LANE-003312,China,P8,Truck,2025-12,1,Low,1.53
LANE-015324,Thailand,P4,Air,2025-12,2,Low,2.08
LANE-006873,Japan,P5,Ocean,2025-09,30,Low,0.71
LANE-007694,South Korea,P3,Ocean,2026-04,28,High,0.7
LANE-006137,Brazil,P8,Ocean,2026-09,27,Low,0.52
LANE-010674,Vietnam,P5,Ocean,2025-04,32,Medium,
LANE-002725,China,P1,Truck,2026-07,6,Low,1.59
LANE-008111,South Korea,P8,Air,2026-03,3,Low,4.09
LANE-016866,United Kingdom,P11,Rail,2026-02,9,Medium,1.19
LANE-015551,Thailand,P7,Ocean,2026-07,33,Low,0.66
LANE-009614,Turkey,P3,Ocean,2026-10,25,Low,0.76
LANE-002788,China,P2,Truck,2026-04,5,Medium,0.96
LANE-001057,Mexico,P3,Rail,2025-01,12,Low,1.23
LANE-006594,Japan,P2,Truck,2026-04,4,Medium,1.6
LANE-007644,South Korea,P3,Truck,2025-10,5,Low,0.98
LANE-016022,United Kingdom,P1,Rail,2025-06,10,High,0.91
LANE-001355,Mexico,P7,Truck,2026-01,4,High,1.16
LANE-005327,Poland,P11,Truck,2025-03,6,Low,0.8
LANE-003100,China,P5,Ocean,2026-08,28,Medium,0.87
LANE-013793,Spain,P9,Truck,2026-09,3,Low,0.98
LANE-012472,France,P3,Air,2026-08,3,Medium,3.52
LANE-012320,France,P1,Air,2026-10,2,Medium,3.4
LANE-002133,Germany,P5,Truck,2026-09,2,Low,1.39
LANE-001428,Mexico,P8,Truck,2026-08,4,Low,0.85
LANE-011153,Vietnam,P11,Ocean,2026-09,33,Low,0.52
LANE-016068,United Kingdom,P1,Air,2025-08,2,Low,3.95
LANE-014265,Czech Republic,P3,Truck,2025-09,5,Medium,1.04
LANE-003400,China,P9,Rail,2025-12,12,Medium,1.22
LANE-003072,China,P5,Rail,2026-02,15,Low,0.83
LANE-014851,Czech Republic,P10,Ocean,2025-01,27,Medium,0.57
LANE-006716,Japan,P3,Air,2025-06,3,Low,2.75
LANE-011753,Canada,P7,Rail,2025-05,12,Low,0.82
LANE-001753,Mexico,P11,Air,2026-03,3,Low,3.21
LANE-007665,South Korea,P3,Rail,2025-09,10,Medium,1.08
LANE-001943,Germany,P2,Rail,2025-07,14,Low,1.22
LANE-005946,Brazil,P6,Rail,2025-06,11,Medium,1.17
LANE-003590,China,P12,Rail,2025-04,11,Medium,0.74
LANE-012283,France,P1,Ocean,2025-07,35,Medium,0.85
LANE-001026,Mexico,P2,Air,2026-02,2,Low,2.2
LANE-000390,United States,P6,Rail,2026-04,13,Medium,1.21
LANE-012594,France,P5,Ocean,2025-10,24,Low,
LANE-004973,Poland,P6,Truck,2025-01,4,Low,0.93
LANE-012894,France,P9,Ocean,2025-02,27,Low,0.5
LANE-002863,China,P3,Truck,2025-03,4,High,1.44
LANE-014878,Czech Republic,P10,Air,2025-06,2,Low,3.93
LANE-001508,Mexico,P9,Truck,2025-12,5,Low,1.27
LANE-000724,United States,P10,Rail,2026-08,11,Low,0.9
LANE-004288,India,P9,Rail,2026-08,8,Medium,
LANE-010923,Vietnam,P8,Ocean,2025-11,28,Low,0.53
LANE-001133,Mexico,P4,Rail,2025-11,12,Low,0.66
LANE-016711,United Kingdom,P9,Ocean,2026-01,30,High,0.61
LANE-011584,Canada,P5,Rail,2025-12,12,Low,0.97
LANE-006504,Japan,P1,Truck,2026-02,5,Low,1.36
LANE-000835,United States,P12,Rail,2026-09,11,Low,0.79
LANE-000991,Mexico,P2,Ocean,2025-01,28,Medium,0.56
LANE-005472,Poland,P12,Ocean,2026-04,27,Low,0.82
LANE-004729,Poland,P3,Truck,2026-09,5,Low,1.45
LANE-009608,Turkey,P3,Ocean,2026-04,24,Low,0.6
LANE-015303,Thailand,P4,Ocean,2026-01,22,Low,0.84
LANE-001944,Germany,P2,Rail,2025-08,11,Low,0.88
LANE-012762,France,P8,Truck,2025-02,5,Medium,0.84
LANE-003138,China,P6,Truck,2026-02,3,Low,1.16
LANE-007154,Japan,P8,Air,2025-04,3,High,3.38
LANE-000233,United States,P4,Rail,2026-01,11,Low,0.95
LANE-009832,Turkey,P6,Rail,2026-08,12,Low,1.0
LANE-012837,France,P8,Air,2025-11,2,Low,2.44
LANE-012181,Canada,P12,Rail,2026-03,12,Low,1.24
LANE-016524,United Kingdom,P7,Ocean,2025-02,32,High,0.81
LANE-014475,Czech Republic,P5,Air,2026-09,2,Low,2.64
LANE-013636,Spain,P7,Truck,2026-06,5,Medium,1.56
LANE-016273,United Kingdom,P4,Rail,2026-03,12,Low,
LANE-008692,Italy,P3,Air,2025-02,3,High,2.78
LANE-005359,Poland,P11,Rail,2026-01,12,High,0.81
LANE-002501,Germany,P10,Rail,2026-03,8,Medium,1.03
LANE-001585,Mexico,P10,Truck,2025-01,5,Low,0.89
LANE-010006,Turkey,P8,Ocean,2026-06,23,Medium,0.6
LANE-016215,United Kingdom,P3,Air,2025-01,3,Low,2.48
LANE-012184,Canada,P12,Rail,2026-06,10,Low,1.0
LANE-009563,Turkey,P3,Truck,2026-03,5,Medium,0.95
LANE-008941,Italy,P6,Air,2025-09,3,Low,2.71
LANE-008524,Italy,P1,Ocean,2025-10,34,High,0.72
LANE-003834,India,P3,Ocean,2025-06,30,Low,0.66
LANE-011287,Canada,P1,Ocean,2025-01,24,Low,0.73
LANE-008709,Italy,P3,Air,2026-07,3,High,3.85
LANE-016013,United Kingdom,P1,Truck,2026-07,4,Low,1.22
LANE-010768,Vietnam,P6,Ocean,2025-10,22,Low,0.75
LANE-014289,Czech Republic,P3,Rail,2025-11,10,Medium,0.66
LANE-011249,Canada,P1,Truck,2025-07,4,Low,1.36
LANE-013378,Spain,P4,Truck,2025-02,4,Low,0.85
LANE-013771,Spain,P8,Air,2026-09,3,Low,3.01
LANE-010178,Turkey,P11,Truck,2026-02,5,Low,1.54
LANE-007970,South Korea,P7,Truck,2025-06,4,Low,0.81
LANE-007222,Japan,P9,Ocean,2025-06,32,Low,0.86
LANE-003768,India,P2,Ocean,2025-06,24,Low,0.82
LANE-016547,United Kingdom,P7,Air,2025-03,2,Medium,4.07
LANE-000001,United States,P1,Truck,2025-01,2,Low,0.86
LANE-011112,Vietnam,P11,Rail,2025-02,11,Low,0.75
LANE-005257,Poland,P9,Rail,2026-09,10,Low,0.83
LANE-016419,United Kingdom,P6,Truck,2025-07,6,High,1.54
LANE-004800,Poland,P4,Truck,2025-04,3,Medium,1.57
LANE-001279,Mexico,P6,Rail,2025-03,9,Low,1.05
LANE-005439,Poland,P12,Rail,2025-05,11,Low,0.84
LANE-005225,Poland,P9,Truck,2025-11,5,Low,0.83
LANE-007156,Japan,P8,Air,2025-06,3,High,3.85
LANE-004630,Poland,P2,Truck,2025-10,5,Low,1.57
LANE-008313,South Korea,P11,Truck,2026-07,4,Low,0.82
LANE-009870,Turkey,P6,Air,2026-02,3,Low,2.17
LANE-011974,Canada,P10,Truck,2025-06,5,Medium,
LANE-016380,United Kingdom,P5,Ocean,2025-12,23,Low,
LANE-006757,Japan,P4,Rail,2025-03,10,Low,1.04
LANE-004958,Poland,P5,Air,2025-08,3,Low,3.65
LANE-014083,Czech Republic,P1,Truck,2025-03,4,Low,0.92
LANE-014286,Czech Republic,P3,Rail,2025-08,12,Medium,1.18
LANE-014173,Czech Republic,P2,Truck,2025-05,4,Low,1.06
LANE-015493,Thailand,P7,Truck,2025-05,5,Low,0.86
LANE-010415,Vietnam,P2,Truck,2025-09,4,Low,1.33
LANE-014737,Czech Republic,P9,Truck,2026-07,4,Medium,1.23
LANE-000491,United States,P7,Ocean,2025-07,36,Medium,0.74
LANE-010343,Vietnam,P1,Rail,2025-03,13,Low,1.13
LANE-005560,Brazil,P1,Ocean,2026-04,26,Medium,0.49
LANE-004407,India,P11,Truck,2025-07,4,High,1.15
LANE-000137,United States,P3,Rail,2025-05,14,Medium,0.64
LANE-006423,Brazil,P12,Truck,2026-09,5,Medium,1.28
LANE-002153,Germany,P5,Rail,2026-07,9,Low,0.8
LANE-013747,Spain,P8,Ocean,2026-07,21,Medium,0.74
LANE-000944,Mexico,P1,Ocean,2026-08,20,Medium,0.63
LANE-004910,Poland,P5,Rail,2025-04,12,Medium,1.11
LANE-013789,Spain,P9,Truck,2026-05,4,Low,1.45
LANE-008424,South Korea,P12,Rail,2026-08,12,Low,1.09
LANE-002065,Germany,P4,Truck,2026-07,5,Low,1.45
LANE-006875,Japan,P5,Ocean,2025-11,24,Low,0.86
LANE-007378,Japan,P11,Ocean,2025-08,34,Low,0.74
LANE-003608,China,P12,Rail,2026-10,13,Medium,0.77
LANE-002743,China,P1,Rail,2026-03,14,Medium,0.8
LANE-011780,Canada,P7,Ocean,2025-10,21,Low,0.53
LANE-004821,Poland,P4,Rail,2025-03,10,Low,0.74
LANE-010292,Turkey,P12,Rail,2026-06,10,Low,1.14
LANE-009403,Turkey,P1,Rail,2025-09,14,Medium,0.92
LANE-009540,Turkey,P2,Air,2026-02,2,Medium,2.96
LANE-001506,Mexico,P9,Truck,2025-10,6,Low,1.16
LANE-008049,South Korea,P8,Truck,2026-07,4,High,1.0
LANE-005859,Brazil,P5,Rail,2025-07,10,Medium,1.06
LANE-005693,Brazil,P3,Truck,2026-05,5,Low,1.57
LANE-014244,Czech Republic,P2,Air,2025-10,2,High,
LANE-002639,Germany,P12,Truck,2026-09,5,High,1.34
LANE-003309,China,P8,Truck,2025-09,1,Low,1.08
LANE-014497,Czech Republic,P6,Truck,2026-09,5,Low,1.1
LANE-008395,South Korea,P12,Truck,2026-01,4,Low,1.14
LANE-001021,Mexico,P2,Air,2025-09,3,Low,3.63
LANE-010983,Vietnam,P9,Ocean,2025-05,28,Low,0.84
LANE-016904,United Kingdom,P12,Truck,2025-08,4,High,1.43
LANE-008643,Italy,P3,Truck,2026-07,5,Low,1.14
LANE-001389,Mexico,P7,Ocean,2025-03,24,Low,0.55
LANE-003572,China,P12,Truck,2025-08,3,High,1.04
LANE-016392,United Kingdom,P5,Air,2025-02,3,Low,3.92
LANE-013369,Spain,P3,Air,2026-03,2,High,3.22
LANE-003167,China,P6,Rail,2026-09,14,Medium,0.84
LANE-006401,Brazil,P11,Ocean,2026-09,28,High,
LANE-007490,South Korea,P1,Truck,2025-10,4,Medium,1.49
LANE-015179,Thailand,P2,Ocean,2026-09,23,Medium,0.51
LANE-012962,France,P10,Rail,2025-04,13,Medium,0.65
LANE-016000,United Kingdom,P1,Truck,2025-06,5,Low,0.99
LANE-010103,Turkey,P10,Rail,2025-05,13,Medium,1.07
LANE-007828,South Korea,P5,Rail,2026-06,11,Low,1.26
LANE-011633,Canada,P5,Air,2026-05,3,Low,3.45
LANE-016227,United Kingdom,P3,Air,2026-01,3,Low,2.27
LANE-009611,Turkey,P3,Ocean,2026-07,40,Low,0.55
LANE-010091,Turkey,P10,Truck,2026-03,5,Medium,1.43
LANE-014700,Czech Republic,P8,Air,2025-04,2,Medium,2.95
LANE-010356,Vietnam,P1,Rail,2026-04,11,Low,0.79
LANE-006036,Brazil,P7,Rail,2025-08,10,Low,0.91
LANE-003107,China,P5,Air,2025-05,3,Low,3.77
LANE-013058,France,P11,Ocean,2025-12,23,Medium,0.67
LANE-000017,United States,P1,Truck,2026-05,2,Low,1.44
LANE-006490,Brazil,P12,Air,2026-10,3,Low,4.11
LANE-002903,China,P3,Rail,2026-09,12,Medium,0.7
LANE-004685,Poland,P2,Ocean,2026-09,25,Low,0.52
LANE-005243,Poland,P9,Rail,2025-07,14,Low,0.88
LANE-015903,Thailand,P11,Air,2026-07,3,Medium,4.04
LANE-001030,Mexico,P2,Air,2026-06,2,Low,3.89
LANE-002915,China,P3,Ocean,2025-11,26,Low,0.81
LANE-002851,China,P2,Air,2026-01,3,Low,3.38
LANE-005219,Poland,P9,Truck,2025-05,5,Low,1.36
LANE-007401,Japan,P12,Truck,2025-09,4,Medium,1.41
LANE-000597,United States,P9,Truck,2025-03,4,Low,1.53
LANE-016464,United Kingdom,P6,Ocean,2025-08,25,Low,0.52
LANE-000424,United States,P6,Air,2025-06,2,Low,3.78
LANE-016863,United Kingdom,P11,Rail,2025-11,13,Medium,0.71
LANE-003314,China,P8,Truck,2026-02,1,Low,
LANE-015505,Thailand,P7,Truck,2026-05,2,Low,1.01
LANE-012597,France,P5,Ocean,2026-01,30,Low,0.66
LANE-000157,United States,P3,Ocean,2025-03,23,Medium,0.84
LANE-007072,Japan,P7,Air,2025-10,2,Low,3.86
LANE-008279,South Korea,P10,Air,2025-07,4,High,3.66
LANE-007546,South Korea,P1,Ocean,2026-10,26,Low,0.68
LANE-004898,Poland,P5,Truck,2026-02,4,High,1.55
LANE-012004,Canada,P10,Rail,2026-02,9,Low,
LANE-006965,Japan,P6,Ocean,2026-01,26,Low,0.74
LANE-014896,Czech Republic,P11,Truck,2025-02,5,Medium,1.11
LANE-016727,United Kingdom,P9,Air,2025-07,2,Medium,2.87
LANE-001186,Mexico,P5,Truck,2026-08,5,Low,0.85
LANE-002708,China,P1,Truck,2025-02,5,Low,1.48
LANE-010876,Vietnam,P8,Truck,2025-08,5,Medium,1.28
LANE-007954,South Korea,P6,Air,2025-12,3,Low,4.0
LANE-007842,South Korea,P5,Ocean,2025-10,29,Medium,0.81
LANE-016782,United Kingdom,P10,Rail,2026-06,12,Medium,0.98
LANE-005238,Poland,P9,Rail,2025-02,11,Low,0.77
LANE-009404,Turkey,P1,Rail,2025-10,11,Medium,0.94
LANE-001595,Mexico,P10,Truck,2025-11,4,Low,1.43
LANE-001403,Mexico,P7,Ocean,2026-05,24,Low,0.56
LANE-009332,Italy,P12,Rail,2025-04,13,Low,0.75
LANE-006492,Japan,P1,Truck,2025-02,5,Low,1.03
LANE-005355,Poland,P11,Rail,2025-09,11,High,1.14
LANE-015746,Thailand,P9,Air,2026-04,2,Low,2.45
LANE-011788,Canada,P7,Ocean,2026-06,25,Low,0.62
LANE-005926,Brazil,P6,Truck,2025-08,4,Low,1.26
LANE-012279,France,P1,Ocean,2025-03,23,Medium,0.5
LANE-010932,Vietnam,P8,Ocean,2026-08,28,Low,0.67
LANE-012567,France,P5,Rail,2025-05,9,Medium,1.25
LANE-005049,Poland,P7,Truck,2025-11,4,Low,1.07
LANE-008361,South Korea,P11,Air,2025-01,2,Medium,2.86
LANE-000732,United States,P10,Ocean,2025-06,27,Medium,0.46
LANE-011423,Canada,P3,Rail,2025-05,9,Low,1.17
LANE-001283,Mexico,P6,Rail,2025-07,8,Low,0.86
LANE-011126,Vietnam,P11,Rail,2026-04,9,Low,0.77
LANE-001954,Germany,P2,Rail,2026-06,13,Low,0.85
LANE-002127,Germany,P5,Truck,2026-03,1,Low,1.06
LANE-013443,Spain,P4,Air,2025-01,3,Low,2.21
LANE-016152,United Kingdom,P3,Truck,2025-04,4,Low,1.33
LANE-012131,Canada,P11,Air,2025-09,2,Low,2.6
LANE-001256,Mexico,P6,Truck,2025-02,3,Low,1.01
LANE-014655,Czech Republic,P8,Rail,2025-03,12,Medium,0.94
LANE-013368,Spain,P3,Air,2026-02,2,High,3.54
LANE-013319,Spain,P3,Rail,2025-09,11,Low,1.23
LANE-012702,France,P7,Rail,2025-08,12,Low,0.9
LANE-013258,Spain,P2,Ocean,2026-02,24,Medium,0.72
LANE-011652,Canada,P6,Truck,2026-02,5,Low,1.56
LANE-016908,United Kingdom,P12,Truck,2025-12,4,High,1.27
LANE-008851,Italy,P5,Air,2025-07,2,Low,2.5
LANE-008245,South Korea,P10,Rail,2026-05,11,Low,1.11
LANE-016545,United Kingdom,P7,Air,2025-01,3,Medium,3.99
LANE-004715,Poland,P3,Truck,2025-07,6,Low,0.97
LANE-012720,France,P7,Ocean,2025-04,25,Low,0.79
LANE-013075,France,P12,Truck,2025-07,5,Medium,1.19
LANE-008409,South Korea,P12,Rail,2025-05,9,Low,0.97
LANE-004982,Poland,P6,Truck,2025-10,4,Low,0.97
LANE-005444,Poland,P12,Rail,2025-10,11,Low,1.09
LANE-011555,Canada,P5,Truck,2025-05,4,High,1.16
LANE-010404,Vietnam,P1,Air,2026-08,3,Medium,2.54
LANE-001915,Germany,P2,Truck,2025-01,4,Low,0.83
LANE-012394,France,P3,Truck,2025-08,5,Medium,1.37
LANE-011029,Vietnam,P10,Rail,2025-07,13,Medium,1.01
LANE-002720,China,P1,Truck,2026-02,3,Low,1.38
LANE-006344,Brazil,P11,Truck,2025-08,4,Medium,1.14
LANE-010288,Turkey,P12,Rail,2026-02,10,Low,0.98
LANE-006213,Brazil,P9,Ocean,2025-09,26,Low,0.46
LANE-004276,India,P9,Rail,2025-08,10,Medium,1.09
LANE-008275,South Korea,P10,Air,2025-03,3,High,2.32
LANE-007477,Japan,P12,Air,2026-07,2,Medium,3.65
LANE-004509,India,P12,Rail,2026-09,13,Medium,1.04
LANE-004048,India,P6,Rail,2026-10,14,Medium,1.12
LANE-016378,United Kingdom,P5,Ocean,2025-10,31,Low,0.69
LANE-004545,India,P12,Air,2026-01,2,Medium,2.3
LANE-016186,United Kingdom,P3,Rail,2026-04,12,Low,1.02
LANE-009158,Italy,P9,Ocean,2025-06,28,Low,0.84
LANE-004949,Poland,P5,Ocean,2026-09,26,Low,0.63
LANE-006692,Japan,P3,Ocean,2025-04,23,Medium,0.67
LANE-000005,United States,P1,Truck,2025-05,1,Low,1.04
LANE-002623,Germany,P12,Truck,2025-05,5,High,1.0
LANE-013307,Spain,P3,Truck,2026-07,4,Low,1.1
LANE-001398,Mexico,P7,Ocean,2025-12,24,Low,0.83
LANE-008328,South Korea,P11,Rail,2025-12,13,Medium,0.9
LANE-006638,Japan,P2,Ocean,2026-04,29,Low,0.72
LANE-007146,Japan,P8,Ocean,2026-06,23,Low,0.86
LANE-001528,Mexico,P9,Rail,2025-10,15,Low,0.74
LANE-015177,Thailand,P2,Ocean,2026-07,25,Medium,0.73
LANE-012585,France,P5,Ocean,2025-01,24,Low,0.61
LANE-008756,Italy,P4,Rail,2026-10,11,Low,0.77
LANE-007498,South Korea,P1,Truck,2026-06,5,Medium,1.5
LANE-013288,Spain,P2,Air,2026-10,2,Low,2.69
LANE-005709,Brazil,P3,Rail,2025-11,14,High,0.85
LANE-014775,Czech Republic,P9,Ocean,2026-01,19,Medium,0.53
LANE-015939,Thailand,P12,Rail,2025-11,13,Medium,1.18
LANE-015990,Thailand,P12,Air,2026-06,3,Low,3.88
LANE-013416,Spain,P4,Rail,2026-06,13,Low,0.84
LANE-005637,Brazil,P2,Ocean,2025-05,28,Low,0.8
LANE-015782,Thailand,P10,Rail,2025-08,13,High,0.8
LANE-007105,Japan,P8,Truck,2026-09,5,High,1.42
LANE-009892,Turkey,P7,Truck,2026-02,4,High,1.54
LANE-002018,Germany,P3,Rail,2026-04,13,Low,0.66
LANE-008798,Italy,P5,Truck,2026-08,5,Low,1.42
LANE-008471,Italy,P1,Truck,2025-01,6,Medium,1.26
LANE-014050,Spain,P12,Ocean,2026-02,26,Medium,0.58
LANE-001637,Mexico,P10,Ocean,2025-09,19,Low,0.73
LANE-002452,Germany,P9,Ocean,2025-10,25,Low,0.57
LANE-006258,Brazil,P10,Truck,2025-10,3,Low,1.49
LANE-012537,France,P4,Air,2026-07,1,High,3.84
LANE-013800,Spain,P9,Rail,2025-06,13,Low,1.21
LANE-000454,United States,P7,Truck,2026-02,4,High,0.89
LANE-016475,United Kingdom,P6,Ocean,2026-07,20,Low,0.78
LANE-014013,Spain,P12,Truck,2026-09,4,High,1.13
LANE-007110,Japan,P8,Rail,2025-04,13,Low,0.81
LANE-008979,Italy,P7,Rail,2025-03,9,High,0.75
LANE-000589,United States,P8,Ocean,2026-05,30,Medium,0.84
LANE-012487,France,P4,Truck,2026-01,1,Low,1.02
LANE-015697,Thailand,P9,Rail,2025-11,10,Low,1.25
LANE-006042,Brazil,P7,Rail,2026-02,9,Low,1.11
LANE-002415,Germany,P9,Truck,2026-05,4,Medium,1.21
LANE-002031,Germany,P3,Ocean,2025-07,25,Medium,0.57
LANE-012267,France,P1,Rail,2026-01,13,Low,1.06
LANE-015119,Thailand,P2,Truck,2025-05,5,Medium,1.13
LANE-004575,Poland,P1,Truck,2026-09,5,Medium,1.28
LANE-013899,Spain,P10,Rail,2026-05,11,Low,0.87
LANE-010941,Vietnam,P9,Truck,2025-07,5,Medium,0.88
LANE-004341,India,P10,Rail,2025-07,13,Low,1.15
LANE-014589,Czech Republic,P7,Ocean,2025-03,28,Medium,0.6
LANE-000869,United States,P12,Air,2025-11,3,Low,3.84
LANE-015825,Thailand,P11,Truck,2025-07,5,High,0.85
LANE-011274,Canada,P1,Rail,2025-10,12,Medium,
LANE-012553,France,P5,Truck,2026-01,5,Medium,1.2
LANE-013645,Spain,P7,Rail,2025-05,11,Low,0.94
LANE-015631,Thailand,P8,Ocean,2025-11,25,Low,0.53
LANE-015021,Czech Republic,P12,Ocean,2026-05,26,Low,0.45
LANE-011743,Canada,P7,Truck,2026-05,4,Low,
LANE-002674,Germany,P12,Ocean,2025-12,30,Low,0.66
LANE-004224,India,P8,Rail,2026-10,9,Medium,0.93
LANE-000442,United States,P7,Truck,2025-02,6,High,1.32
LANE-009016,Italy,P7,Ocean,2026-06,30,Medium,0.55
LANE-005125,Poland,P7,Air,2026-09,2,Low,2.58
LANE-000365,United States,P6,Truck,2026-01,4,Low,1.58
LANE-003755,India,P2,Rail,2026-03,15,Low,0.73
LANE-000231,United States,P4,Rail,2025-11,11,Low,0.67
LANE-007891,South Korea,P6,Truck,2026-03,4,High,1.51
LANE-004993,Poland,P6,Truck,2026-09,5,Low,1.19
LANE-016758,United Kingdom,P10,Truck,2026-04,5,Low,1.12
LANE-004846,Poland,P4,Ocean,2025-06,29,Medium,0.47
LANE-005030,Poland,P6,Ocean,2026-02,18,High,0.77
LANE-010175,Turkey,P11,Truck,2025-11,4,Low,0.97
LANE-011093,Vietnam,P11,Truck,2025-05,4,Low,1.45
LANE-011077,Vietnam,P10,Air,2025-11,4,Low,3.61
LANE-000027,United States,P1,Rail,2025-05,9,Low,0.76
LANE-009930,Turkey,P7,Ocean,2025-08,32,Low,0.82
LANE-008852,Italy,P5,Air,2025-08,3,Low,2.81
LANE-016839,United Kingdom,P11,Truck,2025-09,4,Medium,1.09
LANE-012761,France,P8,Truck,2025-01,4,Medium,1.35
LANE-015438,Thailand,P6,Rail,2026-04,9,Low,1.27
LANE-009901,Turkey,P7,Rail,2025-01,12,Low,0.84
LANE-015840,Thailand,P11,Truck,2026-10,4,High,1.43
LANE-015264,Thailand,P4,Truck,2026-06,5,Low,0.83
LANE-004014,India,P6,Truck,2025-10,5,Low,1.19
LANE-002355,Germany,P8,Ocean,2025-01,29,Medium,0.86
LANE-015412,Thailand,P6,Truck,2025-12,5,Low,1.22
LANE-004249,India,P9,Truck,2025-03,1,Low,1.59
LANE-009507,Turkey,P2,Ocean,2025-03,29,Medium,0.56
LANE-013273,Spain,P2,Air,2025-07,2,Low,2.54
LANE-000800,United States,P12,Truck,2025-08,4,Medium,1.31
LANE-013942,Spain,P11,Truck,2026-04,5,Low,0.84
LANE-004956,Poland,P5,Air,2025-06,2,Low,3.03
LANE-001712,Mexico,P11,Rail,2026-06,15,Medium,0.68
LANE-007829,South Korea,P5,Rail,2026-07,11,Low,1.09
LANE-012852,France,P9,Truck,2025-04,5,Low,1.09
LANE-006640,Japan,P2,Ocean,2026-06,27,Low,0.46
LANE-008857,Italy,P5,Air,2026-01,2,Low,2.25
LANE-009056,Italy,P8,Truck,2026-02,5,Low,1.59
LANE-006632,Japan,P2,Ocean,2025-10,25,Low,
LANE-008447,South Korea,P12,Ocean,2026-09,26,Low,0.47
LANE-014106,Czech Republic,P1,Rail,2025-04,10,Low,0.95
LANE-000086,United States,P2,Rail,2026-08,8,Low,1.27
LANE-016388,United Kingdom,P5,Ocean,2026-08,33,Low,0.88
LANE-001449,Mexico,P8,Rail,2026-07,9,Low,0.97
LANE-005208,Poland,P8,Air,2026-04,3,Medium,2.94
LANE-005027,Poland,P6,Ocean,2025-11,26,High,0.86
LANE-004861,Poland,P4,Ocean,2026-09,32,Medium,0.87
LANE-016056,United Kingdom,P1,Ocean,2026-06,25,Low,0.72
LANE-010323,Vietnam,P1,Truck,2025-05,6,Low,
LANE-002826,China,P2,Ocean,2025-10,29,Low,
LANE-006679,Japan,P3,Rail,2026-01,12,Low,0.9
LANE-011208,Vietnam,P12,Rail,2025-10,10,High,1.07
LANE-003424,China,P9,Ocean,2026-02,23,Low,0.78
LANE-003380,China,P9,Truck,2026-02,5,Low,1.21
LANE-014588,Czech Republic,P7,Ocean,2025-02,26,Medium,0.71
LANE-011301,Canada,P1,Ocean,2026-03,26,Low,0.73
LANE-000527,United States,P7,Air,2026-09,3,Medium,3.73
LANE-016816,United Kingdom,P10,Air,2025-08,3,Low,3.77
LANE-012982,France,P10,Ocean,2025-02,22,Low,0.62
LANE-010221,Turkey,P11,Ocean,2026-01,33,Low,0.72
LANE-011381,Canada,P2,Air,2025-07,3,Low,2.95
LANE-012838,France,P8,Air,2025-12,3,Low,2.89
LANE-015758,Thailand,P10,Truck,2025-06,4,Low,1.13
LANE-006330,Brazil,P10,Air,2026-04,3,Low,2.41
LANE-016526,United Kingdom,P7,Ocean,2025-04,33,High,0.47
LANE-008160,South Korea,P9,Rail,2026-08,12,High,1.05
LANE-012923,France,P9,Air,2025-09,2,Medium,2.21
LANE-002485,Germany,P10,Truck,2026-09,4,Medium,1.38
LANE-006151,Brazil,P8,Air,2026-01,2,High,3.6
LANE-011693,Canada,P6,Ocean,2025-11,29,Low,0.53
LANE-011155,Vietnam,P11,Air,2025-01,3,Medium,2.36
LANE-013420,Spain,P4,Rail,2026-10,6,Low,1.03
LANE-002872,China,P3,Truck,2025-12,4,High,1.29
LANE-000132,United States,P3,Truck,2026-10,6,Low,
LANE-012686,France,P7,Truck,2026-02,5,Medium,0.8
LANE-002437,Germany,P9,Rail,2026-05,11,Low,1.17
LANE-016450,United Kingdom,P6,Rail,2026-04,10,Low,1.23
LANE-012887,France,P9,Rail,2026-05,15,Medium,0.9
LANE-005691,Brazil,P3,Truck,2026-03,5,Low,1.38
LANE-001110,Mexico,P4,Truck,2025-10,5,Low,1.09
LANE-012041,Canada,P10,Air,2025-07,3,Low,3.69
LANE-008881,Italy,P6,Truck,2026-03,5,Medium,1.54
LANE-010810,Vietnam,P7,Truck,2025-08,5,Low,1.36
LANE-013846,Spain,P9,Air,2025-08,3,Low,
LANE-012399,France,P3,Truck,2026-01,5,Medium,1.39
LANE-013436,Spain,P4,Ocean,2026-04,26,Low,0.63
LANE-008684,Italy,P3,Ocean,2026-04,27,High,0.81
LANE-002659,Germany,P12,Rail,2026-07,10,Medium,1.04
LANE-003307,China,P8,Truck,2025-07,2,Low,1.14
LANE-003655,India,P1,Rail,2025-03,11,Medium,1.21
LANE-007825,South Korea,P5,Rail,2026-03,13,Low,1.23
LANE-003203,China,P6,Air,2026-01,2,Medium,2.72
LANE-015210,Thailand,P3,Rail,2025-08,10,Low,1.12
LANE-007241,Japan,P10,Truck,2025-03,5,High,1.07
LANE-003514,China,P11,Truck,2026-04,5,Medium,1.51
LANE-008329,South Korea,P11,Rail,2026-01,13,Medium,1.05
LANE-011379,Canada,P2,Air,2025-05,3,Low,2.26
LANE-015913,Thailand,P12,Truck,2025-07,3,High,1.1
LANE-002164,Germany,P5,Air,2025-08,1,Low,3.22
LANE-003455,China,P10,Rail,2025-01,13,Low,1.26
LANE-015503,Thailand,P7,Truck,2026-03,4,Low,0.89
LANE-016058,United Kingdom,P1,Ocean,2026-08,22,Low,0.52
LANE-009408,Turkey,P1,Rail,2026-02,10,Medium,1.02
LANE-008917,Italy,P6,Ocean,2025-07,31,Low,0.74
LANE-015769,Thailand,P10,Truck,2026-05,4,Low,0.88
LANE-001196,Mexico,P5,Rail,2025-08,10,Medium,1.0
LANE-016576,United Kingdom,P8,Truck,2025-10,4,Medium,1.44
LANE-001696,Mexico,P11,Rail,2025-02,11,Medium,0.8
LANE-011101,Vietnam,P11,Truck,2026-01,4,Low,1.5
LANE-005117,Poland,P7,Air,2026-01,2,Low,4.12
LANE-008034,South Korea,P8,Truck,2025-04,5,High,1.5
LANE-013144,Spain,P1,Truck,2025-10,5,High,1.21
LANE-014616,Czech Republic,P7,Air,2025-08,2,Low,2.66
LANE-010918,Vietnam,P8,Ocean,2025-06,41,Low,0.72
LANE-002469,Germany,P10,Truck,2025-05,5,Medium,1.37
LANE-009282,Italy,P11,Rail,2026-08,14,Low,1.06
LANE-013245,Spain,P2,Ocean,2025-01,25,Medium,0.85
LANE-002114,Germany,P5,Truck,2025-02,2,Low,1.23
LANE-009666,Turkey,P4,Rail,2025-08,12,Low,0.92
LANE-011069,Vietnam,P10,Air,2025-03,3,Low,2.12
LANE-007040,Japan,P7,Rail,2026-10,10,Low,1.17
LANE-007826,South Korea,P5,Rail,2026-04,12,Low,0.97
LANE-002772,China,P1,Ocean,2026-10,36,Low,0.67
LANE-016396,United Kingdom,P5,Air,2025-06,2,Low,4.06
LANE-016064,United Kingdom,P1,Air,2025-04,3,Low,3.7
LANE-006661,Japan,P3,Truck,2026-05,5,Low,1.17
LANE-009564,Turkey,P3,Truck,2026-04,6,Medium,1.56
LANE-001755,Mexico,P11,Air,2026-05,3,Low,2.13
LANE-003480,China,P10,Ocean,2025-04,25,Low,0.79
LANE-002990,China,P4,Rail,2026-08,12,Medium,1.03
LANE-001062,Mexico,P3,Rail,2025-06,13,Low,1.06
LANE-008206,South Korea,P9,Air,2026-10,4,Low,2.17
LANE-005681,Brazil,P3,Truck,2025-05,4,Low,1.45
LANE-009373,Turkey,P1,Truck,2025-01,4,Medium,1.58
LANE-005014,Poland,P6,Rail,2026-08,10,Medium,0.85
LANE-007482,South Korea,P1,Truck,2025-02,4,Medium,1.43
LANE-012112,Canada,P11,Ocean,2025-12,17,Low,0.76
LANE-012028,Canada,P10,Ocean,2026-04,28,Medium,0.67
LANE-016947,United Kingdom,P12,Ocean,2025-07,27,Low,0.67
LANE-003177,China,P6,Ocean,2025-09,28,Medium,0.59
LANE-002802,China,P2,Rail,2025-08,14,Low,1.27
LANE-000974,Mexico,P2,Rail,2025-06,12,Low,1.2
LANE-010644,Vietnam,P5,Truck,2026-06,5,Low,1.24
LANE-015886,Thailand,P11,Air,2025-02,3,Medium,
LANE-013298,Spain,P3,Truck,2025-10,5,Low,1.44
LANE-003266,China,P7,Ocean,2025-10,24,Low,0.66
LANE-007573,South Korea,P2,Rail,2025-05,12,Low,1.23
LANE-007769,South Korea,P4,Air,2025-03,3,Low,3.61
LANE-014479,Czech Republic,P6,Truck,2025-03,5,Low,1.05
LANE-011927,Canada,P9,Ocean,2025-03,29,High,0.45
LANE-010892,Vietnam,P8,Rail,2025-02,17,Low,1.18
LANE-000923,Mexico,P1,Rail,2026-09,10,Medium,0.72
LANE-009362,Italy,P12,Ocean,2025-12,32,Low,0.58
LANE-005420,Poland,P12,Truck,2025-08,5,Low,0.83
LANE-008208,South Korea,P10,Truck,2025-02,4,Medium,1.51
LANE-011233,Vietnam,P12,Ocean,2026-01,27,Low,0.82
LANE-008996,Italy,P7,Rail,2026-08,10,High,0.75
LANE-008367,South Korea,P11,Air,2025-07,2,Medium,2.73
LANE-010869,Vietnam,P8,Truck,2025-01,4,Medium,0.97
LANE-007648,South Korea,P3,Truck,2026-02,5,Low,1.17
LANE-000933,Mexico,P1,Ocean,2025-09,22,Medium,0.67
LANE-016106,United Kingdom,P2,Rail,2025-02,9,High,1.04
LANE-008610,Italy,P2,Ocean,2025-08,22,Low,0.63
LANE-010196,Turkey,P11,Rail,2025-10,11,Low,0.98
LANE-003507,China,P11,Truck,2025-09,4,Medium,0.83
LANE-015276,Thailand,P4,Rail,2025-08,11,Low,
LANE-003838,India,P3,Ocean,2025-10,24,Low,0.87
LANE-010791,Vietnam,P6,Air,2025-11,2,Low,3.87
LANE-012500,France,P4,Rail,2025-04,10,Low,0.73
LANE-005042,Poland,P7,Truck,2025-04,4,Low,1.0
LANE-016161,United Kingdom,P3,Truck,2026-01,4,Low,1.15
LANE-016412,United Kingdom,P5,Air,2026-10,2,Low,3.5
LANE-011303,Canada,P1,Ocean,2026-05,27,Low,0.57
LANE-009725,Turkey,P5,Rail,2025-01,14,Medium,
LANE-011170,Vietnam,P11,Air,2026-04,3,Medium,3.25
LANE-008553,Italy,P1,Air,2026-05,2,Low,4.12
LANE-007668,South Korea,P3,Rail,2025-12,10,Medium,0.93
LANE-012574,France,P5,Rail,2025-12,9,Medium,0.96
LANE-005016,Poland,P6,Rail,2026-10,11,Medium,0.96
LANE-007749,South Korea,P4,Ocean,2025-05,24,Medium,0.63
LANE-010037,Turkey,P9,Rail,2025-05,11,Medium,1.01
LANE-013669,Spain,P7,Ocean,2025-07,29,High,0.67
LANE-010263,Turkey,P12,Truck,2025-11,4,Low,1.47
LANE-006431,Brazil,P12,Rail,2025-07,11,Medium,0.88
LANE-016267,United Kingdom,P4,Rail,2025-09,13,Low,1.17
LANE-016141,United Kingdom,P2,Ocean,2026-03,24,Low,0.7
LANE-013152,Spain,P1,Truck,2026-06,4,High,1.25
LANE-010254,Turkey,P12,Truck,2025-02,4,Low,1.26
LANE-012420,France,P3,Rail,2025-12,12,High,0.81
LANE-004283,India,P9,Rail,2026-03,6,Medium,1.23
LANE-003460,China,P10,Rail,2025-06,13,Low,1.08
LANE-014221,Czech Republic,P2,Ocean,2025-09,20,Low,
LANE-005993,Brazil,P6,Air,2025-09,3,Low,4.05
LANE-012533,France,P4,Air,2026-03,1,High,3.44
LANE-012504,France,P4,Rail,2025-08,10,Low,0.81
LANE-012734,France,P7,Ocean,2026-06,27,Low,0.51
LANE-010243,Turkey,P11,Air,2026-01,3,High,3.91
LANE-014809,Czech Republic,P10,Truck,2025-03,5,Low,1.28
LANE-002984,China,P4,Rail,2026-02,10,Medium,1.21
LANE-012198,Canada,P12,Ocean,2025-10,21,Medium,0.87
LANE-014325,Czech Republic,P4,Truck,2025-03,6,High,1.31
LANE-012205,Canada,P12,Ocean,2026-05,23,Medium,0.79
LANE-004236,India,P8,Ocean,2025-12,30,Low,0.85
LANE-001274,Mexico,P6,Truck,2026-08,4,Low,1.14
LANE-004848,Poland,P4,Ocean,2025-08,29,Medium,0.57
LANE-016657,United Kingdom,P9,Truck,2025-03,4,Medium,1.5
LANE-003094,China,P5,Ocean,2026-02,21,Medium,0.85
LANE-003759,India,P2,Rail,2026-07,14,Low,0.81
LANE-005717,Brazil,P3,Rail,2026-07,13,High,0.88
LANE-002824,China,P2,Ocean,2025-08,31,Low,0.78
LANE-011099,Vietnam,P11,Truck,2025-11,4,Low,1.44
LANE-008710,Italy,P3,Air,2026-08,2,High,3.8
LANE-001343,Mexico,P7,Truck,2025-01,6,High,1.27
LANE-013096,France,P12,Rail,2025-06,13,Low,0.98
LANE-009238,Italy,P10,Ocean,2026-08,31,Low,0.79
LANE-002101,Germany,P4,Ocean,2025-11,32,High,0.57
LANE-004209,India,P8,Rail,2025-07,10,Medium,0.96
LANE-011741,Canada,P7,Truck,2026-03,5,Low,1.09
LANE-000285,United States,P4,Air,2026-09,3,Low,3.39
LANE-006858,Japan,P5,Rail,2026-04,12,Low,0.78
LANE-008381,South Korea,P11,Air,2026-09,2,Medium,2.93
LANE-010778,Vietnam,P6,Ocean,2026-08,27,Low,0.87
LANE-016838,United Kingdom,P11,Truck,2025-08,3,Medium,1.13
LANE-007701,South Korea,P4,Truck,2025-01,5,Low,1.23
LANE-006961,Japan,P6,Ocean,2025-09,29,Low,0.68
LANE-010692,Vietnam,P5,Ocean,2026-10,30,Medium,0.61
LANE-005366,Poland,P11,Rail,2026-08,10,High,1.1
LANE-015555,Thailand,P7,Air,2025-01,3,Low,2.3
LANE-000040,United States,P1,Rail,2026-06,8,Low,0.7
LANE-003883,India,P4,Rail,2025-11,13,Low,0.66
LANE-003858,India,P4,Truck,2025-08,4,Medium,1.46
LANE-007286,Japan,P10,Ocean,2025-04,35,Low,0.71
LANE-015848,Thailand,P11,Rail,2025-08,10,Low,0.86
LANE-016886,United Kingdom,P11,Ocean,2025-12,26,Low,0.83
LANE-002445,Germany,P9,Ocean,2025-03,35,Low,
LANE-013328,Spain,P3,Rail,2026-06,10,Low,0.96
LANE-001083,Mexico,P3,Ocean,2025-05,29,Medium,0.56
LANE-011716,Canada,P6,Air,2025-12,3,Low,2.29
LANE-014272,Czech Republic,P3,Truck,2026-04,4,Medium,1.45
LANE-016185,United Kingdom,P3,Rail,2026-03,14,Low,
LANE-012467,France,P3,Air,2026-03,2,Medium,2.19
LANE-007884,South Korea,P6,Truck,2025-08,5,High,1.03
LANE-010919,Vietnam,P8,Ocean,2025-07,26,Low,0.45
LANE-000557,United States,P8,Rail,2025-07,13,Low,1.03
LANE-008059,South Korea,P8,Rail,2025-07,15,High,0.69
LANE-014718,Czech Republic,P8,Air,2026-10,2,Medium,3.39
LANE-006197,Brazil,P9,Rail,2026-03,10,Medium,
LANE-007000,Japan,P7,Truck,2025-04,4,Medium,1.14
LANE-013341,Spain,P3,Ocean,2025-09,31,Low,0.45
LANE-008868,Italy,P6,Truck,2025-02,5,Medium,1.41
LANE-012427,France,P3,Rail,2026-07,10,High,0.97
LANE-005282,Poland,P10,Truck,2025-02,2,Medium,1.41
LANE-015478,Thailand,P6,Air,2025-12,3,Low,2.64
LANE-004513,India,P12,Ocean,2025-03,29,Low,0.46
LANE-013737,Spain,P8,Ocean,2025-09,30,Medium,0.78
LANE-011765,Canada,P7,Rail,2026-05,11,Low,0.67
LANE-013887,Spain,P10,Rail,2025-05,12,Low,1.21
LANE-010678,Vietnam,P5,Ocean,2025-08,31,Medium,0.69
LANE-000085,United States,P2,Rail,2026-07,7,Low,1.15
LANE-004184,India,P8,Truck,2025-04,5,Low,1.19
LANE-014134,Czech Republic,P1,Ocean,2025-10,38,Low,0.74
LANE-002105,Germany,P4,Ocean,2026-03,23,High,0.68
LANE-010033,Turkey,P9,Rail,2025-01,17,Medium,1.01
LANE-006292,Brazil,P10,Rail,2026-10,14,Low,0.72
LANE-005853,Brazil,P5,Rail,2025-01,10,Medium,1.05
LANE-006192,Brazil,P9,Rail,2025-10,8,Medium,1.04
LANE-002723,China,P1,Truck,2026-05,4,Low,0.93
LANE-001893,Germany,P1,Air,2025-01,2,High,3.43
LANE-004681,Poland,P2,Ocean,2026-05,25,Low,
LANE-016270,United Kingdom,P4,Rail,2025-12,13,Low,1.2
LANE-012591,France,P5,Ocean,2025-07,38,Low,0.73
LANE-006012,Brazil,P7,Truck,2025-06,1,Low,1.48
LANE-011674,Canada,P6,Rail,2026-02,11,Low,1.23
LANE-011769,Canada,P7,Rail,2026-09,11,Low,0.88
LANE-014252,Czech Republic,P2,Air,2026-06,3,High,3.36
LANE-001291,Mexico,P6,Rail,2026-03,9,Low,0.79
LANE-010523,Vietnam,P3,Ocean,2025-07,29,Low,0.68
LANE-004130,India,P7,Rail,2026-04,13,High,1.07
LANE-006022,Brazil,P7,Truck,2026-04,1,Low,
LANE-014734,Czech Republic,P9,Truck,2026-04,5,Medium,1.41
LANE-004876,Poland,P4,Air,2026-02,2,Medium,2.45
LANE-011242,Vietnam,P12,Ocean,2026-10,32,Low,0.77
LANE-013631,Spain,P7,Truck,2026-01,5,Medium,1.37
LANE-000238,United States,P4,Rail,2026-06,13,Low,0.85
LANE-013304,Spain,P3,Truck,2026-04,5,Low,1.34
LANE-005931,Brazil,P6,Truck,2026-01,4,Low,1.58
LANE-014637,Czech Republic,P8,Truck,2025-07,6,Medium,
LANE-009817,Turkey,P6,Rail,2025-05,15,Low,0.68
LANE-014771,Czech Republic,P9,Ocean,2025-09,18,Medium,0.66
LANE-001540,Mexico,P9,Rail,2026-10,11,Low,0.64
LANE-015139,Thailand,P2,Rail,2025-03,12,Low,1.24
LANE-007120,Japan,P8,Rail,2026-02,12,Low,0.68
LANE-015241,Thailand,P3,Ocean,2026-05,27,Low,0.49
LANE-010586,Vietnam,P4,Ocean,2025-04,28,Low,0.73
LANE-012917,France,P9,Air,2025-03,3,Medium,2.44
LANE-013080,France,P12,Truck,2025-12,3,Medium,0.82
LANE-002020,Germany,P3,Rail,2026-06,11,Low,1.1
LANE-000993,Mexico,P2,Ocean,2025-03,26,Medium,0.63
LANE-001103,Mexico,P4,Truck,2025-03,4,Low,1.45
LANE-008439,South Korea,P12,Ocean,2026-01,31,Low,0.64
LANE-008863,Italy,P5,Air,2026-07,3,Low,3.32
LANE-001420,Mexico,P8,Truck,2025-12,5,Low,1.33
LANE-009537,Turkey,P2,Air,2025-11,3,Medium,3.23
LANE-009172,Italy,P9,Ocean,2026-08,30,Low,0.61
LANE-011342,Canada,P2,Rail,2025-12,10,Medium,0.75
LANE-008127,South Korea,P9,Truck,2025-09,5,Medium,1.35
LANE-009103,Italy,P8,Ocean,2026-05,30,Low,0.52
LANE-004141,India,P7,Ocean,2025-05,29,Low,0.87
LANE-007770,South Korea,P4,Air,2025-04,3,Low,2.24
LANE-006156,Brazil,P8,Air,2026-06,3,High,3.26
LANE-007441,Japan,P12,Ocean,2025-05,26,Low,0.86
LANE-015174,Thailand,P2,Ocean,2026-04,26,Medium,0.86
LANE-012639,France,P6,Rail,2025-11,8,Low,1.22
LANE-008252,South Korea,P10,Ocean,2025-02,23,Low,0.69
LANE-015227,Thailand,P3,Ocean,2025-03,25,Low,0.8
LANE-003732,India,P2,Truck,2026-02,5,Low,1.31
LANE-000197,United States,P3,Air,2026-09,2,Low,2.64
LANE-013011,France,P11,Truck,2025-09,4,Medium,1.47
LANE-007356,Japan,P11,Rail,2025-08,12,High,0.83
LANE-011517,Canada,P4,Ocean,2025-11,24,Low,0.69
LANE-007554,South Korea,P2,Truck,2025-08,5,Low,1.08
LANE-014856,Czech Republic,P10,Ocean,2025-06,28,Medium,0.59
LANE-008133,South Korea,P9,Truck,2026-03,4,Medium,1.45
LANE-000728,United States,P10,Ocean,2025-02,21,Medium,0.76
LANE-001911,Germany,P1,Air,2026-07,3,High,3.52
LANE-002199,Germany,P6,Truck,2026-09,4,Low,1.39
LANE-015172,Thailand,P2,Ocean,2026-02,38,Medium,0.65
LANE-004555,Poland,P1,Truck,2025-01,4,Medium,1.53
LANE-011176,Vietnam,P11,Air,2026-10,3,Medium,4.06
LANE-015332,Thailand,P4,Air,2026-08,2,Low,4.12
LANE-014369,Czech Republic,P4,Ocean,2025-03,26,High,0.67
LANE-001675,Mexico,P11,Truck,2025-03,5,Low,1.4
LANE-007470,Japan,P12,Air,2025-12,3,Medium,3.96
LANE-016817,United Kingdom,P10,Air,2025-09,2,Low,2.8
LANE-011700,Canada,P6,Ocean,2026-06,27,Low,0.53
LANE-008333,South Korea,P11,Rail,2026-05,9,Medium,0.96
LANE-000250,United States,P4,Ocean,2025-08,24,Low,0.48
LANE-004324,India,P10,Truck,2025-12,5,Medium,1.57
LANE-002601,Germany,P11,Air,2025-05,2,Low,3.76
LANE-015676,Thailand,P9,Truck,2025-12,5,Low,1.31
LANE-002147,Germany,P5,Rail,2026-01,7,Low,0.83
LANE-010449,Vietnam,P2,Rail,2026-09,13,High,0.93
LANE-005400,Poland,P11,Air,2025-10,2,High,3.54
LANE-004491,India,P12,Rail,2025-03,11,Medium,0.83
LANE-011511,Canada,P4,Ocean,2025-05,27,Low,0.87
LANE-008302,South Korea,P11,Truck,2025-08,3,Low,1.05
LANE-010131,Turkey,P10,Ocean,2025-11,30,Medium,0.59
LANE-009264,Italy,P11,Rail,2025-02,10,Low,1.19
LANE-013306,Spain,P3,Truck,2026-06,6,Low,1.35
LANE-006325,Brazil,P10,Air,2025-11,2,Low,4.09
LANE-014020,Spain,P12,Rail,2025-06,11,Low,1.14
LANE-000655,United States,P9,Ocean,2026-05,28,Medium,0.82
LANE-016296,United Kingdom,P4,Ocean,2026-04,25,Low,0.77
LANE-006675,Japan,P3,Rail,2025-09,10,Low,1.07
LANE-010705,Vietnam,P5,Air,2026-01,3,Medium,2.47
LANE-010819,Vietnam,P7,Truck,2026-05,4,Low,0.84
LANE-016508,United Kingdom,P7,Rail,2025-08,14,Medium,
LANE-007524,South Korea,P1,Rail,2026-10,8,Medium,0.74
LANE-011597,Canada,P5,Ocean,2025-03,29,Low,0.73
LANE-003189,China,P6,Ocean,2026-09,27,Medium,0.61
LANE-000886,Mexico,P1,Truck,2025-06,4,Medium,1.08
LANE-012330,France,P2,Truck,2025-10,6,Medium,1.26
LANE-002534,Germany,P11,Truck,2025-04,5,High,1.39
LANE-009911,Turkey,P7,Rail,2025-11,13,Low,0.88
LANE-015256,Thailand,P4,Truck,2025-10,5,Low,1.51
LANE-011549,Canada,P4,Air,2026-09,2,Low,2.15
LANE-000914,Mexico,P1,Rail,2025-12,10,Medium,1.1
LANE-000925,Mexico,P1,Ocean,2025-01,27,Medium,0.51
LANE-004347,India,P10,Rail,2026-01,13,Low,0.72
LANE-014773,Czech Republic,P9,Ocean,2025-11,35,Medium,0.82
LANE-012183,Canada,P12,Rail,2026-05,12,Low,0.77
LANE-014582,Czech Republic,P7,Rail,2026-06,8,Low,0.87
LANE-005059,Poland,P7,Truck,2026-09,5,Low,0.96
LANE-000127,United States,P3,Truck,2026-05,6,Low,1.52
LANE-012395,France,P3,Truck,2025-09,4,Medium,1.32
LANE-002240,Germany,P6,Ocean,2026-06,31,High,0.86
LANE-001612,Mexico,P10,Rail,2025-06,12,Medium,0.78
LANE-011125,Vietnam,P11,Rail,2026-03,12,Low,0.85
LANE-003489,China,P10,Ocean,2026-01,27,Low,0.55
LANE-012169,Canada,P12,Rail,2025-03,13,Low,0.79
LANE-002786,China,P2,Truck,2026-02,4,Medium,1.1
LANE-007931,South Korea,P6,Ocean,2025-11,24,Medium,0.45
LANE-000239,United States,P4,Rail,2026-07,13,Low,1.24
LANE-010777,Vietnam,P6,Ocean,2026-07,34,Low,0.65
LANE-004594,Poland,P1,Rail,2026-06,11,High,0.99
LANE-011604,Canada,P5,Ocean,2025-10,22,Low,0.8
LANE-005291,Poland,P10,Truck,2025-11,1,Medium,1.05
LANE-004026,India,P6,Truck,2026-10,4,Low,1.09
LANE-012410,France,P3,Rail,2025-02,12,High,1.16
LANE-005584,Brazil,P1,Air,2026-06,3,Medium,3.01
LANE-014801,Czech Republic,P9,Air,2026-05,2,Medium,3.77
LANE-005023,Poland,P6,Ocean,2025-07,31,High,0.72
LANE-003364,China,P8,Air,2026-08,1,Low,3.13
LANE-005119,Poland,P7,Air,2026-03,2,Low,3.32
LANE-003261,China,P7,Ocean,2025-05,25,Low,0.7
LANE-002340,Germany,P8,Rail,2025-08,12,Low,0.79
LANE-008617,Italy,P2,Ocean,2026-03,29,Low,0.85
LANE-016113,United Kingdom,P2,Rail,2025-09,16,High,1.08
LANE-016202,United Kingdom,P3,Ocean,2025-10,27,Low,0.56
LANE-011080,Vietnam,P10,Air,2026-02,2,Low,3.44
LANE-001737,Mexico,P11,Ocean,2026-09,24,High,0.47
LANE-000916,Mexico,P1,Rail,2026-02,13,Medium,1.2
LANE-004302,India,P9,Air,2025-12,1,Medium,2.49
LANE-009503,Turkey,P2,Rail,2026-09,10,Medium,0.88
LANE-013473,Spain,P5,Truck,2025-09,5,Low,0.99
LANE-000236,United States,P4,Rail,2026-04,12,Low,0.7
LANE-010840,Vietnam,P7,Rail,2026-04,16,Low,0.94
LANE-016288,United Kingdom,P4,Ocean,2025-08,25,Low,
LANE-005679,Brazil,P3,Truck,2025-03,4,Low,1.23
LANE-002962,China,P4,Truck,2026-02,4,Low,0.81
LANE-006739,Japan,P4,Truck,2025-07,5,Low,1.44
LANE-005612,Brazil,P2,Rail,2025-02,10,Low,1.07
LANE-004053,India,P6,Ocean,2025-05,23,Medium,0.57
LANE-000431,United States,P6,Air,2026-01,3,Low,3.93
LANE-012447,France,P3,Ocean,2026-05,26,Low,0.8
LANE-005953,Brazil,P6,Rail,2026-01,14,Medium,1.01
LANE-015579,Thailand,P8,Truck,2025-03,3,Low,1.07
LANE-014591,Czech Republic,P7,Ocean,2025-05,28,Medium,0.52
LANE-000105,United States,P2,Air,2026-05,1,Low,3.91
LANE-009042,Italy,P7,Air,2026-10,3,Medium,3.62
LANE-011277,Canada,P1,Rail,2026-01,13,Medium,1.21
LANE-007048,Japan,P7,Ocean,2025-08,23,High,0.75
LANE-014782,Czech Republic,P9,Ocean,2026-08,28,Medium,0.77
LANE-011168,Vietnam,P11,Air,2026-02,3,Medium,2.21
LANE-002154,Germany,P5,Rail,2026-08,7,Low,1.13
LANE-004532,India,P12,Ocean,2026-10,22,Low,0.82
LANE-012540,France,P4,Air,2026-10,1,High,3.01
LANE-013112,France,P12,Rail,2026-10,11,Low,0.83
LANE-012586,France,P5,Ocean,2025-02,18,Low,0.68
LANE-013065,France,P11,Ocean,2026-07,28,Medium,0.82
LANE-008427,South Korea,P12,Ocean,2025-01,34,Low,0.46
LANE-003269,China,P7,Ocean,2026-01,28,Low,0.45
LANE-011002,Vietnam,P10,Truck,2025-02,2,Medium,0.93
LANE-011614,Canada,P5,Ocean,2026-08,26,Low,0.45
LANE-004658,Poland,P2,Rail,2026-04,12,Low,1.11
LANE-011210,Vietnam,P12,Rail,2025-12,11,High,1.27
LANE-011959,Canada,P9,Air,2026-01,3,Medium,3.61
LANE-016135,United Kingdom,P2,Ocean,2025-09,26,Low,
LANE-008473,Italy,P1,Truck,2025-03,6,Medium,1.47
LANE-006613,Japan,P2,Rail,2026-01,10,Medium,0.7
LANE-006205,Brazil,P9,Ocean,2025-01,29,Low,0.75
LANE-013388,Spain,P4,Truck,2025-12,4,Low,1.22
LANE-006420,Brazil,P12,Truck,2026-06,4,Medium,1.02
LANE-015017,Czech Republic,P12,Ocean,2026-01,31,Low,0.74
LANE-016401,United Kingdom,P5,Air,2025-11,2,Low,3.83
LANE-013156,Spain,P1,Truck,2026-10,3,High,1.53
LANE-004114,India,P7,Truck,2026-10,4,Low,1.48
LANE-006346,Brazil,P11,Truck,2025-10,5,Medium,1.1
LANE-009242,Italy,P11,Truck,2025-02,4,Low,1.22
LANE-007680,South Korea,P3,Ocean,2025-02,31,High,0.79
LANE-009508,Turkey,P2,Ocean,2025-04,28,Medium,0.58
LANE-006260,Brazil,P10,Truck,2025-12,5,Low,1.04
LANE-003576,China,P12,Truck,2025-12,5,High,1.17
LANE-004666,Poland,P2,Ocean,2025-02,35,Low,0.57
LANE-007512,South Korea,P1,Rail,2025-10,12,Medium,
LANE-003429,China,P9,Ocean,2026-07,32,Low,0.6
LANE-003318,China,P8,Truck,2026-06,1,Low,1.35
LANE-010278,Turkey,P12,Rail,2025-04,15,Low,1.24
LANE-000064,United States,P2,Truck,2026-08,2,Low,0.9
LANE-003740,India,P2,Truck,2026-10,5,Low,0.86
LANE-000194,United States,P3,Air,2026-06,2,Low,3.86
LANE-002877,China,P3,Truck,2026-05,5,High,0.94
LANE-013911,Spain,P10,Ocean,2025-07,29,Low,0.52
LANE-001819,Mexico,P12,Ocean,2026-03,23,High,0.81
LANE-013926,Spain,P10,Ocean,2026-10,22,Low,0.74
LANE-012402,France,P3,Truck,2026-04,4,Medium,1.31
LANE-004378,India,P10,Ocean,2026-10,27,Medium,0.49
LANE-003884,India,P4,Rail,2025-12,7,Low,0.94
LANE-009317,Italy,P12,Truck,2025-11,3,High,0.87
LANE-014759,Czech Republic,P9,Rail,2026-07,14,Low,
LANE-012029,Canada,P10,Ocean,2026-05,21,Medium,0.7
LANE-013278,Spain,P2,Air,2025-12,2,Low,4.02
LANE-009296,Italy,P11,Ocean,2025-12,30,Low,0.44
LANE-013890,Spain,P10,Rail,2025-08,11,Low,0.93
LANE-008653,Italy,P3,Rail,2025-07,9,High,1.21
LANE-011253,Canada,P1,Truck,2025-11,4,Low,1.34
LANE-016896,United Kingdom,P11,Ocean,2026-10,20,Low,0.84
LANE-010542,Vietnam,P4,Truck,2025-04,3,Medium,0.96
LANE-013196,Spain,P1,Ocean,2026-06,32,Low,0.64
LANE-006942,Japan,P6,Rail,2025-12,10,Medium,1.16
LANE-004714,Poland,P3,Truck,2025-06,5,Low,1.58
LANE-004419,India,P11,Truck,2026-07,5,High,
LANE-012236,France,P1,Truck,2025-04,4,Medium,1.14
LANE-011685,Canada,P6,Ocean,2025-03,32,Low,0.53
LANE-005297,Poland,P10,Truck,2026-05,2,Medium,0.81
LANE-016384,United Kingdom,P5,Ocean,2026-04,22,Low,0.46
LANE-002515,Germany,P10,Ocean,2025-07,25,Low,0.6
LANE-003262,China,P7,Ocean,2025-06,28,Low,0.6
LANE-008762,Italy,P4,Ocean,2025-06,30,Low,0.77
LANE-004819,Poland,P4,Rail,2025-01,9,Low,1.19
LANE-007804,South Korea,P5,Truck,2026-04,5,Low,1.49
LANE-012607,France,P6,Truck,2025-01,4,Medium,1.17
LANE-014021,Spain,P12,Rail,2025-07,10,Low,0.71
LANE-006475,Brazil,P12,Air,2025-07,3,Low,2.18
LANE-014717,Czech Republic,P8,Air,2026-09,2,Medium,2.5
LANE-009985,Turkey,P8,Rail,2026-07,13,Low,1.25
LANE-009863,Turkey,P6,Air,2025-07,2,Low,4.12
LANE-003491,China,P10,Ocean,2026-03,28,Low,0.63
LANE-000979,Mexico,P2,Rail,2025-11,9,Low,0.72
LANE-007071,Japan,P7,Air,2025-09,3,Low,3.67
LANE-002486,Germany,P10,Truck,2026-10,4,Medium,1.2
LANE-007073,Japan,P7,Air,2025-11,2,Low,2.64
LANE-014119,Czech Republic,P1,Rail,2026-05,12,Low,1.16
LANE-006906,Japan,P5,Air,2026-08,3,High,4.1
LANE-006706,Japan,P3,Ocean,2026-06,25,Medium,0.55
LANE-004762,Poland,P3,Ocean,2025-10,24,Medium,0.65
LANE-011966,Canada,P9,Air,2026-08,2,Medium,2.21
LANE-012045,Canada,P10,Air,2025-11,2,Low,3.8
LANE-003720,India,P2,Truck,2025-02,6,Low,1.13
LANE-016218,United Kingdom,P3,Air,2025-04,3,Low,2.71
LANE-009018,Italy,P7,Ocean,2026-08,30,Medium,0.85
LANE-015191,Thailand,P3,Truck,2025-11,4,Low,1.18
LANE-003846,India,P3,Ocean,2026-06,26,Low,0.76
LANE-013236,Spain,P2,Rail,2026-02,12,Medium,1.13
LANE-013859,Spain,P9,Air,2026-09,3,Low,3.76
LANE-005370,Poland,P11,Ocean,2025-02,29,Medium,0.88
LANE-003128,China,P6,Truck,2025-04,5,Low,1.41
LANE-016802,United Kingdom,P10,Ocean,2026-04,24,Low,0.75
LANE-004772,Poland,P3,Ocean,2026-08,25,Medium,0.83
LANE-013317,Spain,P3,Rail,2025-07,11,Low,1.25
LANE-002825,China,P2,Ocean,2025-09,24,Low,0.78
LANE-016906,United Kingdom,P12,Truck,2025-10,6,High,1.33
LANE-007002,Japan,P7,Truck,2025-06,4,Medium,1.35
LANE-011215,Vietnam,P12,Rail,2026-05,10,High,0.92
LANE-001523,Mexico,P9,Rail,2025-05,8,Low,0.75
LANE-008254,South Korea,P10,Ocean,2025-04,34,Low,0.48
LANE-007062,Japan,P7,Ocean,2026-10,28,High,0.73
LANE-007977,South Korea,P7,Truck,2026-01,5,Low,0.96
LANE-000628,United States,P9,Rail,2025-12,9,Low,0.67
LANE-016268,United Kingdom,P4,Rail,2025-10,12,Low,1.26
LANE-005426,Poland,P12,Truck,2026-02,5,Low,0.96
LANE-007659,South Korea,P3,Rail,2025-03,10,Medium,1.17
LANE-001987,Germany,P3,Truck,2025-07,4,Medium,1.22
LANE-003109,China,P5,Air,2025-07,3,Low,3.24
LANE-011478,Canada,P4,Truck,2026-04,7,Low,1.1
LANE-010172,Turkey,P11,Truck,2025-08,5,Low,1.56
LANE-015894,Thailand,P11,Air,2025-10,2,Medium,3.09
LANE-005300,Poland,P10,Truck,2026-08,1,Medium,
LANE-007787,South Korea,P4,Air,2026-09,2,Low,4.12
LANE-004333,India,P10,Truck,2026-09,5,Medium,0.95
LANE-000569,United States,P8,Rail,2026-07,8,Low,1.04
LANE-016434,United Kingdom,P6,Truck,2026-10,5,High,1.59
LANE-008247,South Korea,P10,Rail,2026-07,12,Low,0.69
LANE-015882,Thailand,P11,Ocean,2026-08,26,High,0.67
LANE-002724,China,P1,Truck,2026-06,4,Low,1.08
LANE-002538,Germany,P11,Truck,2025-08,6,High,1.58
LANE-002246,Germany,P7,Truck,2025-02,5,High,1.14
LANE-007078,Japan,P7,Air,2026-04,2,Low,4.11
LANE-013477,Spain,P5,Truck,2026-01,4,Low,1.24
LANE-006841,Japan,P5,Truck,2026-09,5,Low,0.88
LANE-016607,United Kingdom,P8,Rail,2026-07,13,Medium,
LANE-010895,Vietnam,P8,Rail,2025-05,11,Low,0.92
LANE-001536,Mexico,P9,Rail,2026-06,5,Low,0.87
LANE-010709,Vietnam,P5,Air,2026-05,3,Medium,4.12
LANE-008292,South Korea,P10,Air,2026-08,3,High,3.16
LANE-002356,Germany,P8,Ocean,2025-02,28,Medium,
LANE-008955,Italy,P7,Truck,2025-01,5,High,1.43
LANE-008731,Italy,P4,Truck,2026-07,5,Medium,1.27
LANE-014754,Czech Republic,P9,Rail,2026-02,13,Low,1.22
LANE-010319,Vietnam,P1,Truck,2025-01,5,Low,
LANE-010856,Vietnam,P7,Ocean,2025-10,25,Low,0.62
LANE-013316,Spain,P3,Rail,2025-06,12,Low,0.88
LANE-007584,South Korea,P2,Rail,2026-04,11,Low,0.78
LANE-009319,Italy,P12,Truck,2026-01,5,High,1.13
LANE-005556,Brazil,P1,Ocean,2025-12,31,Medium,0.52
LANE-003893,India,P4,Rail,2026-09,15,Low,1.26
LANE-006103,Brazil,P8,Rail,2025-09,11,Low,0.79
LANE-013208,Spain,P2,Truck,2025-08,3,Low,1.12
LANE-008232,South Korea,P10,Rail,2025-04,11,Low,1.2
LANE-011744,Canada,P7,Truck,2026-06,5,Low,0.9
LANE-016006,United Kingdom,P1,Truck,2025-12,4,Low,1.08
LANE-003543,China,P11,Ocean,2025-01,22,Low,0.51
LANE-007682,South Korea,P3,Ocean,2025-04,18,High,0.5
LANE-010312,Turkey,P12,Ocean,2026-04,25,Low,0.56
LANE-006759,Japan,P4,Rail,2025-05,13,Low,0.79
LANE-006793,Japan,P4,Ocean,2026-05,23,Low,0.56
LANE-014094,Czech Republic,P1,Truck,2026-02,5,Low,0.89
LANE-003440,China,P10,Truck,2025-08,5,Medium,1.33
LANE-015596,Thailand,P8,Truck,2026-08,3,Low,0.94
LANE-013353,Spain,P3,Ocean,2026-09,30,Low,
LANE-012143,Canada,P11,Air,2026-09,2,Low,
LANE-009091,Italy,P8,Ocean,2025-05,27,Low,0.58
LANE-003779,India,P2,Ocean,2026-05,28,Low,0.61
LANE-016168,United Kingdom,P3,Truck,2026-08,3,Low,1.54
LANE-011530,Canada,P4,Air,2025-02,3,Low,2.46
LANE-004847,Poland,P4,Ocean,2025-07,21,Medium,0.74
LANE-001412,Mexico,P8,Truck,2025-04,5,Low,1.38
LANE-003313,China,P8,Truck,2026-01,2,Low,0.88
LANE-010943,Vietnam,P9,Truck,2025-09,5,Medium,1.01
LANE-003756,India,P2,Rail,2026-04,10,Low,0.84
LANE-012390,France,P3,Truck,2025-04,5,Medium,
LANE-006029,Brazil,P7,Rail,2025-01,10,Low,1.05
LANE-003432,China,P9,Ocean,2026-10,33,Low,0.78
LANE-000512,United States,P7,Air,2025-06,2,Medium,3.56
LANE-002061,Germany,P4,Truck,2026-03,5,Low,1.18
LANE-012276,France,P1,Rail,2026-10,10,Low,1.27
LANE-002258,Germany,P7,Truck,2026-02,3,High,
LANE-006614,Japan,P2,Rail,2026-02,8,Medium,0.83
LANE-012001,Canada,P10,Rail,2025-11,11,Low,
LANE-007320,Japan,P10,Air,2026-04,2,Medium,3.16
LANE-002375,Germany,P8,Ocean,2026-09,25,Medium,0.76
LANE-008219,South Korea,P10,Truck,2026-01,3,Medium,0.85
LANE-009395,Turkey,P1,Rail,2025-01,12,Medium,0.73
LANE-015342,Thailand,P5,Truck,2025-08,5,Low,1.24
LANE-003526,China,P11,Rail,2025-06,11,Medium,
LANE-009152,Italy,P9,Rail,2026-10,14,High,0.89
LANE-015640,Thailand,P8,Ocean,2026-08,23,Low,0.54
LANE-006065,Brazil,P7,Air,2026-03,1,High,2.77
LANE-014688,Czech Republic,P8,Ocean,2026-02,21,Medium,0.82
LANE-009721,Turkey,P5,Truck,2026-07,4,High,1.45
LANE-001785,Mexico,P12,Rail,2025-03,11,High,0.64
LANE-005471,Poland,P12,Ocean,2026-03,22,Low,0.53
LANE-006735,Japan,P4,Truck,2025-03,5,Low,0.99
LANE-015109,Thailand,P1,Ocean,2026-05,26,High,0.58
LANE-006106,Brazil,P8,Rail,2025-12,12,Low,
LANE-015319,Thailand,P4,Air,2025-07,2,Low,3.54
LANE-003008,China,P4,Ocean,2026-04,24,Low,0.45
LANE-012957,France,P10,Truck,2026-09,5,Medium,1.18
LANE-013575,Spain,P6,Ocean,2025-01,37,Low,0.76
LANE-005010,Poland,P6,Rail,2026-04,12,Medium,0.82
LANE-014038,Spain,P12,Ocean,2025-02,28,Medium,0.8
LANE-001410,Mexico,P8,Truck,2025-02,6,Low,0.92
LANE-000457,United States,P7,Truck,2026-05,4,High,0.87
LANE-016729,United Kingdom,P9,Air,2025-09,2,Medium,3.68
LANE-015015,Czech Republic,P12,Ocean,2025-11,31,Low,0.56
LANE-013539,Spain,P6,Truck,2025-09,5,Low,1.11
LANE-015899,Thailand,P11,Air,2026-03,2,Medium,3.5
LANE-002652,Germany,P12,Rail,2025-12,13,Medium,0.89
LANE-003448,China,P10,Truck,2026-04,4,Medium,1.32
LANE-016338,United Kingdom,P5,Truck,2026-02,5,Low,1.36
LANE-009107,Italy,P8,Ocean,2026-09,27,Low,0.68
LANE-014370,Czech Republic,P4,Ocean,2025-04,22,High,0.68
LANE-007509,South Korea,P1,Rail,2025-07,12,Medium,1.14
LANE-009731,Turkey,P5,Rail,2025-07,13,Medium,0.82
LANE-005464,Poland,P12,Ocean,2025-08,24,Low,0.74
LANE-015821,Thailand,P11,Truck,2025-03,5,High,
LANE-003811,India,P3,Rail,2025-05,12,Low,0.93
LANE-004243,India,P8,Ocean,2026-07,31,Low,0.75
LANE-009160,Italy,P9,Ocean,2025-08,29,Low,
LANE-010922,Vietnam,P8,Ocean,2025-10,31,Low,0.49
LANE-011702,Canada,P6,Ocean,2026-08,33,Low,0.49
LANE-008386,South Korea,P12,Truck,2025-04,3,Low,
LANE-011684,Canada,P6,Ocean,2025-02,21,Low,0.6
LANE-015418,Thailand,P6,Truck,2026-06,4,Low,0.89
LANE-000464,United States,P7,Rail,2025-02,9,Medium,0.78
LANE-011885,Canada,P9,Truck,2025-05,4,Low,1.58
LANE-014100,Czech Republic,P1,Truck,2026-08,5,Low,1.59
LANE-001160,Mexico,P4,Ocean,2026-04,28,Low,0.6
LANE-009118,Italy,P9,Truck,2025-10,4,Low,1.38
LANE-014609,Czech Republic,P7,Air,2025-01,3,Low,2.1
LANE-008810,Italy,P5,Rail,2025-10,12,Low,1.06
LANE-009979,Turkey,P8,Rail,2026-01,13,Low,0.88
LANE-014109,Czech Republic,P1,Rail,2025-07,12,Low,0.66
LANE-004423,India,P11,Rail,2025-01,10,Low,1.1
LANE-003185,China,P6,Ocean,2026-05,25,Medium,0.73
LANE-006416,Brazil,P12,Truck,2026-02,3,Medium,1.35
LANE-016101,United Kingdom,P2,Truck,2026-07,4,Low,0.8
LANE-013613,Spain,P6,Air,2026-05,3,Medium,2.14
LANE-010090,Turkey,P10,Truck,2026-02,5,Medium,1.04
LANE-008508,Italy,P1,Rail,2026-04,9,Low,0.82
LANE-011127,Vietnam,P11,Rail,2026-05,12,Low,1.02
LANE-006910,Japan,P6,Truck,2025-02,5,Low,0.85
LANE-013254,Spain,P2,Ocean,2025-10,27,Medium,0.46
LANE-015721,Thailand,P9,Ocean,2026-01,30,High,0.71
LANE-008410,South Korea,P12,Rail,2025-06,11,Low,1.15
LANE-011913,Canada,P9,Rail,2025-11,9,Medium,1.01
LANE-000244,United States,P4,Ocean,2025-02,22,Low,0.48
LANE-004793,Poland,P3,Air,2026-07,3,Low,2.19
LANE-004473,India,P12,Truck,2025-07,4,Medium,1.32
LANE-012814,France,P8,Ocean,2025-10,29,Low,0.61
LANE-011018,Vietnam,P10,Truck,2026-06,4,Medium,1.54
LANE-009949,Turkey,P8,Truck,2025-05,5,Low,
LANE-014765,Czech Republic,P9,Ocean,2025-03,30,Medium,0.78
LANE-008196,South Korea,P9,Air,2025-12,2,Low,3.94
LANE-003048,China,P5,Truck,2025-12,4,Low,0.95
LANE-002202,Germany,P6,Rail,2025-02,11,Low,0.93
LANE-007919,South Korea,P6,Rail,2026-09,9,Low,0.67
LANE-006438,Brazil,P12,Rail,2026-02,13,Medium,0.65
LANE-007840,South Korea,P5,Ocean,2025-08,28,Medium,0.8
LANE-013572,Spain,P6,Rail,2026-08,7,Low,0.94
LANE-003212,China,P6,Air,2026-10,3,Medium,2.61
LANE-016048,United Kingdom,P1,Ocean,2025-10,26,Low,0.45
LANE-007980,South Korea,P7,Truck,2026-04,6,Low,1.16
LANE-004202,India,P8,Truck,2026-10,6,Low,1.42
LANE-002134,Germany,P5,Truck,2026-10,1,Low,
LANE-008442,South Korea,P12,Ocean,2026-04,30,Low,0.57
LANE-014227,Czech Republic,P2,Ocean,2026-03,26,Low,0.54
LANE-009633,Turkey,P3,Air,2026-07,3,Low,3.38
LANE-010168,Turkey,P11,Truck,2025-04,5,Low,1.22
LANE-010350,Vietnam,P1,Rail,2025-10,9,Low,1.08
LANE-004438,India,P11,Rail,2026-04,11,Low,0.84
LANE-009939,Turkey,P7,Ocean,2026-05,14,Low,0.7
LANE-015618,Thailand,P8,Rail,2026-08,12,Low,0.97
LANE-003373,China,P9,Truck,2025-07,4,Low,1.21
LANE-003471,China,P10,Rail,2026-05,11,Low,1.27
LANE-013936,Spain,P11,Truck,2025-10,5,Low,1.49
LANE-013451,Spain,P4,Air,2025-09,2,Low,4.1
LANE-009425,Turkey,P1,Ocean,2025-09,30,Low,0.61
LANE-005780,Brazil,P4,Truck,2026-04,5,High,1.4
LANE-001898,Germany,P1,Air,2025-06,3,High,2.57
LANE-011087,Vietnam,P10,Air,2026-09,2,Low,3.96
LANE-008988,Italy,P7,Rail,2025-12,12,High,0.88
LANE-004591,Poland,P1,Rail,2026-03,11,High,1.03
LANE-003009,China,P4,Ocean,2026-05,29,Low,0.77
LANE-016692,United Kingdom,P9,Rail,2026-04,11,High,1.26
LANE-000376,United States,P6,Rail,2025-02,11,Medium,0.68
LANE-001745,Mexico,P11,Air,2025-07,2,Low,3.93
LANE-014278,Czech Republic,P3,Truck,2026-10,4,Medium,0.99
LANE-007386,Japan,P11,Ocean,2026-04,27,Low,0.73
LANE-005414,Poland,P12,Truck,2025-02,4,Low,1.42
LANE-009310,Italy,P12,Truck,2025-04,5,High,1.46
LANE-006005,Brazil,P6,Air,2026-09,2,Low,2.71
LANE-002830,China,P2,Ocean,2026-02,32,Low,0.78
LANE-001106,Mexico,P4,Truck,2025-06,4,Low,0.95
LANE-006470,Brazil,P12,Air,2025-02,2,Low,2.62
LANE-007599,South Korea,P2,Ocean,2025-09,25,Low,0.65
LANE-006887,Japan,P5,Air,2025-01,3,High,3.04
LANE-001498,Mexico,P9,Truck,2025-02,4,Low,1.58
LANE-006523,Japan,P1,Rail,2025-11,12,Low,0.93
LANE-009101,Italy,P8,Ocean,2026-03,29,Low,0.48
LANE-004816,Poland,P4,Truck,2026-08,3,Medium,1.5
LANE-004588,Poland,P1,Rail,2025-12,16,High,0.98
LANE-016717,United Kingdom,P9,Ocean,2026-07,23,High,0.83
LANE-006945,Japan,P6,Rail,2026-03,13,Medium,0.64
LANE-013289,Spain,P3,Truck,2025-01,3,Low,0.8
LANE-002444,Germany,P9,Ocean,2025-02,27,Low,0.76
LANE-014428,Czech Republic,P5,Rail,2026-06,15,Low,0.91
LANE-000949,Mexico,P2,Truck,2025-03,4,High,1.33
LANE-002046,Germany,P3,Ocean,2026-10,33,Medium,0.45
LANE-015959,Thailand,P12,Ocean,2025-09,32,Medium,
LANE-014270,Czech Republic,P3,Truck,2026-02,4,Medium,1.47
LANE-005007,Poland,P6,Rail,2026-01,12,Medium,0.91
LANE-016487,United Kingdom,P7,Truck,2025-09,5,Medium,1.49
LANE-016276,United Kingdom,P4,Rail,2026-06,13,Low,0.96
LANE-013863,Spain,P10,Truck,2025-03,5,High,1.48
LANE-000311,United States,P5,Rail,2025-03,11,Low,1.21
LANE-008357,South Korea,P11,Ocean,2026-07,23,Low,0.46
LANE-010920,Vietnam,P8,Ocean,2025-08,25,Low,0.58
LANE-014171,Czech Republic,P2,Truck,2025-03,4,Low,0.84
LANE-013348,Spain,P3,Ocean,2026-04,33,Low,0.6
LANE-016124,United Kingdom,P2,Rail,2026-08,10,High,0.85
LANE-008804,Italy,P5,Rail,2025-04,14,Low,1.1
LANE-016765,United Kingdom,P10,Rail,2025-01,10,Medium,1.25
LANE-013576,Spain,P6,Ocean,2025-02,32,Low,0.74
LANE-013318,Spain,P3,Rail,2025-08,9,Low,0.78
LANE-000327,United States,P5,Rail,2026-07,11,Low,1.09
LANE-005740,Brazil,P3,Ocean,2026-08,27,Medium,0.54
LANE-010550,Vietnam,P4,Truck,2025-12,5,Medium,0.9
LANE-007963,South Korea,P6,Air,2026-09,3,Low,2.48
LANE-011297,Canada,P1,Ocean,2025-11,31,Low,0.7
LANE-002749,China,P1,Rail,2026-09,11,Medium,1.19
LANE-015686,Thailand,P9,Truck,2026-10,3,Low,1.59
LANE-010998,Vietnam,P9,Ocean,2026-08,29,Low,0.66
LANE-002192,Germany,P6,Truck,2026-02,4,Low,1.14
LANE-003478,China,P10,Ocean,2025-02,31,Low,0.59
LANE-014600,Czech Republic,P7,Ocean,2026-02,27,Medium,0.66
LANE-003382,China,P9,Truck,2026-04,4,Low,1.4
LANE-004690,Poland,P2,Air,2025-04,2,Low,2.79
LANE-007333,Japan,P11,Truck,2025-07,4,Low,1.22
LANE-005248,Poland,P9,Rail,2025-12,12,Low,0.8
LANE-009549,Turkey,P3,Truck,2025-01,5,Medium,1.51
LANE-012016,Canada,P10,Ocean,2025-04,30,Medium,0.85
LANE-000950,Mexico,P2,Truck,2025-04,5,High,1.08
LANE-003577,China,P12,Truck,2026-01,3,High,1.27
LANE-014979,Czech Republic,P12,Truck,2026-07,4,Low,1.22
LANE-013940,Spain,P11,Truck,2026-02,4,Low,1.56
LANE-015940,Thailand,P12,Rail,2025-12,12,Medium,0.84
LANE-015815,Thailand,P10,Ocean,2026-07,31,Low,0.72
LANE-013679,Spain,P7,Ocean,2026-05,22,High,0.79
LANE-009945,Turkey,P8,Truck,2025-01,5,Low,1.41
LANE-002671,Germany,P12,Ocean,2025-09,25,Low,0.73
LANE-003896,India,P4,Ocean,2025-02,22,Low,0.53
LANE-011426,Canada,P3,Rail,2025-08,11,Low,1.15
LANE-015656,Thailand,P8,Air,2026-02,2,Low,3.24
LANE-010859,Vietnam,P7,Ocean,2026-01,25,Low,0.63
LANE-000900,Mexico,P1,Truck,2026-08,4,Medium,0.83
LANE-005800,Brazil,P4,Rail,2026-02,14,Low,1.0
LANE-016625,United Kingdom,P8,Ocean,2026-03,29,Medium,0.55
LANE-000599,United States,P9,Truck,2025-05,5,Low,1.49
LANE-012163,Canada,P12,Truck,2026-07,4,High,1.09
LANE-001825,Mexico,P12,Ocean,2026-09,27,High,0.81
LANE-001144,Mexico,P4,Rail,2026-10,13,Low,0.82
LANE-009517,Turkey,P2,Ocean,2026-01,20,Medium,0.45
LANE-006963,Japan,P6,Ocean,2025-11,26,Low,0.54
LANE-003702,India,P1,Air,2025-06,3,Low,3.49
LANE-012784,France,P8,Rail,2025-02,10,Medium,1.19
LANE-012137,Canada,P11,Air,2026-03,2,Low,2.47
LANE-006520,Japan,P1,Rail,2025-08,12,Low,0.69
LANE-011055,Vietnam,P10,Ocean,2025-11,25,Medium,0.74
LANE-010086,Turkey,P10,Truck,2025-10,5,Medium,1.45
LANE-009290,Italy,P11,Ocean,2025-06,29,Low,0.86
LANE-009335,Italy,P12,Rail,2025-07,11,Low,0.87
LANE-013525,Spain,P5,Ocean,2026-05,30,Low,0.66
LANE-007287,Japan,P10,Ocean,2025-05,25,Low,0.63
LANE-006584,Japan,P2,Truck,2025-06,4,Medium,1.43
LANE-003744,India,P2,Rail,2025-04,12,Low,1.11
LANE-000339,United States,P5,Ocean,2025-09,33,Low,
LANE-014876,Czech Republic,P10,Air,2025-04,3,Low,3.56
LANE-000623,United States,P9,Rail,2025-07,8,Low,0.99
LANE-013964,Spain,P11,Rail,2026-04,10,High,0.67
LANE-012092,Canada,P11,Rail,2026-02,13,Low,1.09
LANE-006980,Japan,P6,Air,2025-06,2,Medium,2.88
LANE-003140,China,P6,Truck,2026-04,5,Low,1.33
LANE-003426,China,P9,Ocean,2026-04,30,Low,0.49
LANE-001575,Mexico,P9,Air,2026-01,2,Medium,2.52
LANE-001580,Mexico,P9,Air,2026-06,2,Medium,2.31
LANE-014491,Czech Republic,P6,Truck,2026-03,5,Low,1.06
LANE-011214,Vietnam,P12,Rail,2026-04,10,High,
LANE-016698,United Kingdom,P9,Rail,2026-10,11,High,0.65
LANE-003652,India,P1,Truck,2026-10,5,Medium,1.23
LANE-014002,Spain,P12,Truck,2025-10,4,High,1.11
LANE-001604,Mexico,P10,Truck,2026-08,5,Low,0.98
LANE-004574,Poland,P1,Truck,2026-08,4,Medium,1.55
LANE-005647,Brazil,P2,Ocean,2026-03,21,Low,0.47
LANE-012303,France,P1,Air,2025-05,3,Medium,2.67
LANE-008324,South Korea,P11,Rail,2025-08,12,Medium,0.94
LANE-003737,India,P2,Truck,2026-07,5,Low,1.58
LANE-013178,Spain,P1,Rail,2026-10,12,Medium,0.92
LANE-012479,France,P4,Truck,2025-05,2,Low,1.54
LANE-016176,United Kingdom,P3,Rail,2025-06,13,Low,1.04
LANE-012515,France,P4,Rail,2026-07,10,Low,0.83
LANE-009392,Turkey,P1,Truck,2026-08,5,Medium,1.16
LANE-009616,Turkey,P3,Air,2025-02,3,Low,3.66
LANE-009582,Turkey,P3,Rail,2025-12,9,Low,0.67
LANE-013578,Spain,P6,Ocean,2025-04,37,Low,0.65
LANE-002821,China,P2,Ocean,2025-05,29,Low,0.69
LANE-004318,India,P10,Truck,2025-06,4,Medium,
LANE-002685,Germany,P12,Air,2025-01,2,Low,3.87
LANE-014257,Czech Republic,P3,Truck,2025-01,5,Medium,1.1
LANE-005736,Brazil,P3,Ocean,2026-04,32,Medium,0.77
LANE-004372,India,P10,Ocean,2026-04,33,Medium,0.54
LANE-011548,Canada,P4,Air,2026-08,2,Low,2.48
LANE-008737,Italy,P4,Rail,2025-03,11,Low,
LANE-014822,Czech Republic,P10,Truck,2026-04,5,Low,1.58
LANE-002367,Germany,P8,Ocean,2026-01,26,Medium,0.7
LANE-011772,Canada,P7,Ocean,2025-02,33,Low,0.56
LANE-011951,Canada,P9,Air,2025-05,3,Medium,3.67
LANE-000440,United States,P6,Air,2026-10,3,Low,2.45
LANE-014145,Czech Republic,P1,Ocean,2026-09,25,Low,0.55
LANE-004340,India,P10,Rail,2025-06,11,Low,0.65
LANE-001827,Germany,P1,Truck,2025-01,4,Low,1.38
LANE-014300,Czech Republic,P3,Rail,2026-10,10,Medium,1.15
LANE-003050,China,P5,Truck,2026-02,5,Low,1.35
LANE-002806,China,P2,Rail,2025-12,10,Low,1.25
LANE-015450,Thailand,P6,Ocean,2025-06,28,High,0.65
LANE-001181,Mexico,P5,Truck,2026-03,5,Low,0.96
LANE-001516,Mexico,P9,Truck,2026-08,4,Low,1.39
LANE-012261,France,P1,Rail,2025-07,12,Low,1.08
LANE-015114,Thailand,P1,Ocean,2026-10,30,High,0.8
LANE-015802,Thailand,P10,Ocean,2025-06,26,Low,0.51
LANE-003715,India,P1,Air,2026-07,3,Low,3.81
LANE-010602,Vietnam,P4,Ocean,2026-08,31,Low,0.58
LANE-011273,Canada,P1,Rail,2025-09,11,Medium,0.95
LANE-015522,Thailand,P7,Rail,2025-12,11,Low,0.79
LANE-000695,United States,P10,Truck,2026-01,4,Low,1.38
LANE-007128,Japan,P8,Rail,2026-10,10,Low,1.04
LANE-010326,Vietnam,P1,Truck,2025-08,5,Low,1.04
LANE-012619,France,P6,Truck,2026-01,5,Medium,0.85
LANE-014645,Czech Republic,P8,Truck,2026-03,3,Medium,1.59
LANE-005242,Poland,P9,Rail,2025-06,10,Low,0.8
LANE-011097,Vietnam,P11,Truck,2025-09,4,Low,1.5
LANE-005860,Brazil,P5,Rail,2025-08,9,Medium,0.92
LANE-007236,Japan,P9,Ocean,2026-08,31,Low,0.79
LANE-002149,Germany,P5,Rail,2026-03,7,Low,
LANE-004370,India,P10,Ocean,2026-02,25,Medium,0.49
LANE-011851,Canada,P8,Ocean,2026-03,32,High,0.69
LANE-012646,France,P6,Rail,2026-06,12,Low,1.19
LANE-007953,South Korea,P6,Air,2025-11,2,Low,3.08
LANE-009632,Turkey,P3,Air,2026-06,2,Low,2.7
LANE-014310,Czech Republic,P3,Ocean,2025-10,24,Medium,0.45
LANE-016528,United Kingdom,P7,Ocean,2025-06,30,High,0.51
LANE-011847,Canada,P8,Ocean,2025-11,26,High,0.81
LANE-007142,Japan,P8,Ocean,2026-02,26,Low,0.88
LANE-014866,Czech Republic,P10,Ocean,2026-04,30,Medium,0.58
LANE-006242,Brazil,P9,Air,2026-04,3,Low,
LANE-003349,China,P8,Air,2025-05,1,Low,2.82
LANE-005937,Brazil,P6,Truck,2026-07,5,Low,0.94
LANE-013433,Spain,P4,Ocean,2026-01,25,Low,
LANE-011785,Canada,P7,Ocean,2026-03,27,Low,0.49
LANE-010720,Vietnam,P6,Truck,2025-06,4,Low,0.93
LANE-009231,Italy,P10,Ocean,2026-01,29,Low,0.79
LANE-010651,Vietnam,P5,Rail,2025-03,12,Low,1.28
LANE-001722,Mexico,P11,Ocean,2025-06,22,High,0.68
LANE-004822,Poland,P4,Rail,2025-04,12,Low,1.11
LANE-000621,United States,P9,Rail,2025-05,12,Low,
LANE-008183,South Korea,P9,Ocean,2026-09,29,Medium,0.7
LANE-009903,Turkey,P7,Rail,2025-03,12,Low,1.18
LANE-005862,Brazil,P5,Rail,2025-10,10,Medium,1.24
LANE-010414,Vietnam,P2,Truck,2025-08,4,Low,0.89
LANE-016895,United Kingdom,P11,Ocean,2026-09,23,Low,0.76
LANE-015162,Thailand,P2,Ocean,2025-04,27,Medium,0.75
LANE-012178,Canada,P12,Rail,2025-12,14,Low,1.2
LANE-002014,Germany,P3,Rail,2025-12,12,Low,1.18
LANE-012756,France,P7,Air,2026-06,2,High,3.29
LANE-012149,Canada,P12,Truck,2025-05,5,High,1.54
LANE-012901,France,P9,Ocean,2025-09,34,Low,0.71
LANE-001916,Germany,P2,Truck,2025-02,5,Low,1.35
LANE-005846,Brazil,P5,Truck,2026-04,5,Low,1.07
LANE-002876,China,P3,Truck,2026-04,4,High,1.47
LANE-012781,France,P8,Truck,2026-09,2,Medium,1.58
LANE-005283,Poland,P10,Truck,2025-03,1,Medium,1.1
LANE-002377,Germany,P8,Air,2025-01,2,Low,3.93
LANE-000283,United States,P4,Air,2026-07,3,Low,3.84
LANE-010763,Vietnam,P6,Ocean,2025-05,23,Low,0.53
LANE-014697,Czech Republic,P8,Air,2025-01,2,Medium,2.78
LANE-014387,Czech Republic,P4,Ocean,2026-09,28,High,0.57
LANE-012383,France,P2,Ocean,2026-07,33,Medium,0.81
LANE-007998,South Korea,P7,Rail,2025-12,9,Low,0.87
LANE-016742,United Kingdom,P9,Air,2026-10,3,Medium,3.88
LANE-007815,South Korea,P5,Rail,2025-05,10,Low,0.75
LANE-008435,South Korea,P12,Ocean,2025-09,21,Low,0.69
LANE-006880,Japan,P5,Ocean,2026-04,19,Low,0.71
LANE-011116,Vietnam,P11,Rail,2025-06,10,Low,1.18
LANE-007231,Japan,P9,Ocean,2026-03,34,Low,0.57
LANE-012444,France,P3,Ocean,2026-02,20,Low,0.47
LANE-003165,China,P6,Rail,2026-07,13,Medium,1.22
LANE-002968,China,P4,Truck,2026-08,6,Low,1.33
LANE-001436,Mexico,P8,Rail,2025-06,13,Low,0.8
LANE-009155,Italy,P9,Ocean,2025-03,33,Low,0.83
LANE-008777,Italy,P4,Ocean,2026-09,35,Low,0.57
LANE-008163,South Korea,P9,Ocean,2025-01,33,Medium,0.71
LANE-003302,China,P8,Truck,2025-02,2,Low,1.54
LANE-005429,Poland,P12,Truck,2026-05,5,Low,1.18
LANE-009544,Turkey,P2,Air,2026-06,2,Medium,2.71
LANE-005324,Poland,P10,Rail,2026-10,9,Low,1.07
LANE-004403,India,P11,Truck,2025-03,4,High,1.21
LANE-005498,Poland,P12,Air,2026-08,3,Low,3.97
LANE-000361,United States,P6,Truck,2025-09,4,Low,0.9
LANE-003807,India,P3,Rail,2025-01,12,Low,1.06
LANE-015135,Thailand,P2,Truck,2026-09,5,Medium,1.11
LANE-014282,Czech Republic,P3,Rail,2025-04,10,Medium,0.89
LANE-003566,China,P12,Truck,2025-02,5,High,1.52
LANE-002181,Germany,P6,Truck,2025-03,6,Low,1.3
LANE-010244,Turkey,P11,Air,2026-02,2,High,3.36
LANE-010321,Vietnam,P1,Truck,2025-03,6,Low,1.3
LANE-015516,Thailand,P7,Rail,2025-06,12,Low,1.01
LANE-014249,Czech Republic,P2,Air,2026-03,3,High,3.46
LANE-011837,Canada,P8,Ocean,2025-01,35,High,0.55
LANE-008967,Italy,P7,Truck,2026-01,6,High,1.45
LANE-015474,Thailand,P6,Air,2025-08,2,Low,3.93
LANE-010308,Turkey,P12,Ocean,2025-12,33,Low,0.45
LANE-008595,Italy,P2,Rail,2026-03,12,Low,1.14
LANE-014510,Czech Republic,P6,Rail,2025-12,14,Medium,1.22
LANE-014694,Czech Republic,P8,Ocean,2026-08,30,Medium,0.57
LANE-006450,Brazil,P12,Ocean,2025-04,33,Low,0.75
LANE-012081,Canada,P11,Rail,2025-03,7,Low,
LANE-005022,Poland,P6,Ocean,2025-06,33,High,0.8
LANE-000316,United States,P5,Rail,2025-08,10,Low,1.27
LANE-016733,United Kingdom,P9,Air,2026-01,2,Medium,2.33
LANE-001520,Mexico,P9,Rail,2025-02,15,Low,0.66
LANE-002308,Germany,P7,Ocean,2026-08,29,Medium,0.47
LANE-014316,Czech Republic,P3,Ocean,2026-04,23,Medium,
LANE-012978,France,P10,Rail,2026-08,11,Medium,1.27
LANE-002617,Germany,P11,Air,2026-09,2,Low,2.63
LANE-011118,Vietnam,P11,Rail,2025-08,13,Low,1.19
LANE-004757,Poland,P3,Ocean,2025-05,26,Medium,0.45
LANE-001352,Mexico,P7,Truck,2025-10,6,High,1.52
LANE-015407,Thailand,P6,Truck,2025-07,5,Low,1.45
LANE-000106,United States,P2,Air,2026-06,1,Low,2.21
LANE-015851,Thailand,P11,Rail,2025-11,10,Low,0.67
LANE-006085,Brazil,P8,Truck,2026-01,5,Medium,1.44
LANE-011136,Vietnam,P11,Ocean,2025-04,32,Low,0.45
LANE-008346,South Korea,P11,Ocean,2025-08,23,Low,0.6
LANE-003794,India,P3,Truck,2025-10,5,Low,1.3
LANE-016319,United Kingdom,P4,Air,2026-05,3,Low,3.35
LANE-009421,Turkey,P1,Ocean,2025-05,26,Low,0.84
LANE-005256,Poland,P9,Rail,2026-08,13,Low,0.64
LANE-000978,Mexico,P2,Rail,2025-10,14,Low,1.27
LANE-002738,China,P1,Rail,2025-10,10,Medium,0.77
LANE-007612,South Korea,P2,Ocean,2026-10,35,Low,0.73
LANE-006084,Brazil,P8,Truck,2025-12,4,Medium,0.87
LANE-009216,Italy,P10,Rail,2026-08,13,Medium,0.81
LANE-006950,Japan,P6,Rail,2026-08,11,Medium,1.13
LANE-010156,Turkey,P10,Air,2026-02,2,Low,3.13
LANE-012061,Canada,P11,Truck,2025-05,4,Medium,0.81
LANE-002408,Germany,P9,Truck,2025-10,4,Medium,0.83
LANE-003882,India,P4,Rail,2025-10,10,Low,0.75
LANE-007253,Japan,P10,Truck,2026-03,4,High,0.93
LANE-002440,Germany,P9,Rail,2026-08,15,Low,0.87
LANE-016860,United Kingdom,P11,Rail,2025-08,12,Medium,1.21
LANE-015647,Thailand,P8,Air,2025-05,4,Low,3.65
LANE-005848,Brazil,P5,Truck,2026-06,4,Low,1.15
LANE-008846,Italy,P5,Air,2025-02,2,Low,2.45
LANE-010137,Turkey,P10,Ocean,2026-05,27,Medium,0.83
LANE-009020,Italy,P7,Ocean,2026-10,26,Medium,0.51
LANE-009420,Turkey,P1,Ocean,2025-04,24,Low,0.77
LANE-013114,France,P12,Ocean,2025-02,37,High,0.5
LANE-007907,South Korea,P6,Rail,2025-09,15,Low,0.98
LANE-007195,Japan,P9,Rail,2025-01,13,Low,1.19
LANE-003498,China,P10,Ocean,2026-10,29,Low,0.48
LANE-010991,Vietnam,P9,Ocean,2026-01,30,Low,0.63
LANE-014843,Czech Republic,P10,Rail,2026-03,10,Low,
LANE-010762,Vietnam,P6,Ocean,2025-04,25,Low,0.66
LANE-011882,Canada,P9,Truck,2025-02,4,Low,1.11
LANE-004990,Poland,P6,Truck,2026-06,5,Low,1.27
LANE-002902,China,P3,Rail,2026-08,14,Medium,1.09
LANE-008630,Italy,P3,Truck,2025-06,4,Low,0.99
LANE-002561,Germany,P11,Rail,2025-09,12,High,1.05
LANE-010990,Vietnam,P9,Ocean,2025-12,23,Low,0.78
LANE-000738,United States,P10,Ocean,2025-12,24,Medium,0.64
LANE-014456,Czech Republic,P5,Air,2025-02,2,Low,3.44
LANE-013564,Spain,P6,Rail,2025-12,11,Low,0.66
LANE-000331,United States,P5,Ocean,2025-01,29,Low,0.66
LANE-003444,China,P10,Truck,2025-12,6,Medium,1.18
LANE-016788,United Kingdom,P10,Ocean,2025-02,26,Low,0.85
LANE-013447,Spain,P4,Air,2025-05,3,Low,2.78
LANE-013282,Spain,P2,Air,2026-04,3,Low,2.34
LANE-005303,Poland,P10,Rail,2025-01,10,Low,1.06
LANE-002479,Germany,P10,Truck,2026-03,4,Medium,0.98
LANE-001077,Mexico,P3,Rail,2026-09,12,Low,1.22
LANE-003323,China,P8,Rail,2025-01,9,High,1.21
LANE-007086,Japan,P8,Truck,2025-02,4,High,1.34
LANE-006298,Brazil,P10,Ocean,2025-06,24,Medium,0.77
LANE-001725,Mexico,P11,Ocean,2025-09,29,High,0.6
LANE-012904,France,P9,Ocean,2025-12,30,Low,0.64
LANE-001388,Mexico,P7,Ocean,2025-02,26,Low,0.7
LANE-016429,United Kingdom,P6,Truck,2026-05,5,High,1.22
LANE-015499,Thailand,P7,Truck,2025-11,3,Low,0.85
LANE-010429,Vietnam,P2,Rail,2025-01,13,High,0.78
LANE-000966,Mexico,P2,Truck,2026-08,14,High,1.19
LANE-000494,United States,P7,Ocean,2025-10,33,Medium,0.69
LANE-001660,Mexico,P10,Air,2025-10,2,Low,2.85
LANE-003784,India,P2,Ocean,2026-10,28,Low,0.59
LANE-016136,United Kingdom,P2,Ocean,2025-10,19,Low,0.7
LANE-009528,Turkey,P2,Air,2025-02,3,Medium,2.92
LANE-009634,Turkey,P3,Air,2026-08,2,Low,2.28
LANE-010443,Vietnam,P2,Rail,2026-03,12,High,1.15
LANE-010942,Vietnam,P9,Truck,2025-08,5,Medium,1.35
LANE-004905,Poland,P5,Truck,2026-09,5,High,1.24
LANE-004567,Poland,P1,Truck,2026-01,5,Medium,1.27
LANE-004030,India,P6,Rail,2025-04,13,Medium,
LANE-010400,Vietnam,P1,Air,2026-04,3,Medium,3.05
LANE-010971,Vietnam,P9,Rail,2026-03,14,Medium,1.17
LANE-010439,Vietnam,P2,Rail,2025-11,11,High,0.81
LANE-014948,Czech Republic,P11,Ocean,2025-10,28,Medium,
LANE-003298,China,P7,Air,2026-08,2,Low,3.5
LANE-000912,Mexico,P1,Rail,2025-10,10,Medium,1.04
LANE-007028,Japan,P7,Rail,2025-10,13,Low,0.84
LANE-015657,Thailand,P8,Air,2026-03,3,Low,2.36
LANE-008961,Italy,P7,Truck,2025-07,5,High,1.43
LANE-012722,France,P7,Ocean,2025-06,25,Low,0.71
LANE-002150,Germany,P5,Rail,2026-04,9,Low,0.89
LANE-010114,Turkey,P10,Rail,2026-04,12,Medium,1.06
LANE-003174,China,P6,Ocean,2025-06,24,Medium,0.72
LANE-007738,South Korea,P4,Rail,2026-04,13,Low,0.71
LANE-001165,Mexico,P4,Ocean,2026-09,26,Low,0.71
LANE-008218,South Korea,P10,Truck,2025-12,5,Medium,1.53
LANE-005085,Poland,P7,Ocean,2025-03,23,Low,0.64
LANE-012438,France,P3,Ocean,2025-08,29,Low,0.45
LANE-015285,Thailand,P4,Rail,2026-05,10,Low,0.74
LANE-009645,Turkey,P4,Truck,2025-09,4,Low,1.13
LANE-006752,Japan,P4,Truck,2026-08,5,Low,1.06
LANE-010570,Vietnam,P4,Rail,2025-10,13,Low,0.77
LANE-014556,Czech Republic,P7,Truck,2026-02,5,Low,1.59
LANE-013955,Spain,P11,Rail,2025-07,10,High,0.93
LANE-008920,Italy,P6,Ocean,2025-10,31,Low,0.54
LANE-008286,South Korea,P10,Air,2026-02,3,High,2.38
LANE-006188,Brazil,P9,Rail,2025-06,10,Medium,
LANE-005249,Poland,P9,Rail,2026-01,14,Low,0.96
LANE-016284,United Kingdom,P4,Ocean,2025-04,31,Low,0.73
LANE-013484,Spain,P5,Truck,2026-08,5,Low,1.32
LANE-009755,Turkey,P5,Ocean,2025-09,25,Low,0.53
LANE-009602,Turkey,P3,Ocean,2025-10,26,Low,0.69
LANE-015960,Thailand,P12,Ocean,2025-10,30,Medium,
LANE-012109,Canada,P11,Ocean,2025-09,28,Low,0.81
LANE-013453,Spain,P4,Air,2025-11,2,Low,
LANE-010109,Turkey,P10,Rail,2025-11,12,Medium,1.13
LANE-003374,China,P9,Truck,2025-08,5,Low,1.59
LANE-012018,Canada,P10,Ocean,2025-06,29,Medium,0.87
LANE-000561,United States,P8,Rail,2025-11,12,Low,0.95
LANE-006782,Japan,P4,Ocean,2025-06,27,Low,0.45
LANE-002496,Germany,P10,Rail,2025-10,12,Medium,
LANE-012408,France,P3,Truck,2026-10,4,Medium,1.27
LANE-003209,China,P6,Air,2026-07,2,Medium,4.09
LANE-003476,China,P10,Rail,2026-10,10,Low,0.93
LANE-012119,Canada,P11,Ocean,2026-07,18,Low,0.56
LANE-005948,Brazil,P6,Rail,2025-08,14,Medium,0.79
LANE-006225,Brazil,P9,Ocean,2026-09,23,Low,0.63
LANE-007938,South Korea,P6,Ocean,2026-06,27,Medium,0.83
LANE-001065,Mexico,P3,Rail,2025-09,12,Low,1.26
LANE-016861,United Kingdom,P11,Rail,2025-09,13,Medium,0.86
LANE-007272,Japan,P10,Rail,2025-12,11,Medium,1.09
LANE-012040,Canada,P10,Air,2025-06,2,Low,3.02
LANE-015616,Thailand,P8,Rail,2026-06,11,Low,0.72
LANE-009188,Italy,P10,Truck,2026-02,4,Low,0.99
LANE-014563,Czech Republic,P7,Truck,2026-09,5,Low,0.85
LANE-004346,India,P10,Rail,2025-12,12,Low,1.08
LANE-003120,China,P5,Air,2026-06,2,Low,3.52
LANE-001385,Mexico,P7,Rail,2026-09,13,High,0.83
LANE-003375,China,P9,Truck,2025-09,3,Low,1.17
LANE-001093,Mexico,P3,Ocean,2026-03,38,Medium,0.65
LANE-014389,Czech Republic,P5,Truck,2025-01,6,Low,1.03
LANE-006734,Japan,P4,Truck,2025-02,6,Low,1.16
LANE-015026,Czech Republic,P12,Ocean,2026-10,31,Low,
LANE-003538,China,P11,Rail,2026-06,10,Medium,1.22
LANE-006472,Brazil,P12,Air,2025-04,3,Low,2.66
LANE-000616,United States,P9,Truck,2026-10,5,Low,1.04
LANE-013081,France,P12,Truck,2026-01,5,Medium,0.82
LANE-012667,France,P6,Ocean,2026-05,20,Medium,0.5
LANE-014499,Czech Republic,P6,Rail,2025-01,11,Medium,1.15
LANE-006451,Brazil,P12,Ocean,2025-05,33,Low,0.57
LANE-001714,Mexico,P11,Rail,2026-08,13,Medium,1.08
LANE-007076,Japan,P7,Air,2026-02,2,Low,2.72
LANE-008797,Italy,P5,Truck,2026-07,5,Low,1.46
LANE-016173,United Kingdom,P3,Rail,2025-03,11,Low,1.17
LANE-007476,Japan,P12,Air,2026-06,2,Medium,3.93
LANE-007213,Japan,P9,Rail,2026-07,12,Low,1.14
LANE-002912,China,P3,Ocean,2025-08,17,Low,0.58
LANE-004042,India,P6,Rail,2026-04,11,Medium,0.91
LANE-008086,South Korea,P8,Ocean,2025-12,30,Low,0.46
LANE-015136,Thailand,P2,Truck,2026-10,4,Medium,1.02
LANE-010637,Vietnam,P5,Truck,2025-11,4,Low,1.45
LANE-014788,Czech Republic,P9,Air,2025-04,3,Medium,2.44
LANE-006574,Japan,P1,Air,2026-06,2,High,2.43
LANE-007104,Japan,P8,Truck,2026-08,4,High,0.98
LANE-011446,Canada,P3,Air,2025-06,1,Low,3.94
LANE-004247,India,P9,Truck,2025-01,2,Low,1.06
LANE-008701,Italy,P3,Air,2025-11,2,High,3.17
LANE-015508,Thailand,P7,Truck,2026-08,5,Low,1.14
LANE-002596,Germany,P11,Ocean,2026-10,26,Low,0.6
LANE-007330,Japan,P11,Truck,2025-04,5,Low,1.47
LANE-011877,Canada,P8,Air,2026-07,3,Low,3.11
LANE-006654,Japan,P3,Truck,2025-10,4,Low,1.54
LANE-001205,Mexico,P5,Rail,2026-05,9,Medium,1.03
LANE-008706,Italy,P3,Air,2026-04,3,High,2.37
LANE-009687,Turkey,P4,Ocean,2025-07,29,Medium,0.78
LANE-003277,China,P7,Ocean,2026-09,19,Low,0.72
LANE-013851,Spain,P9,Air,2026-01,3,Low,3.81
LANE-009806,Turkey,P6,Truck,2026-04,5,Medium,1.48
LANE-002694,Germany,P12,Air,2025-10,3,Low,2.77
LANE-006179,Brazil,P9,Truck,2026-07,5,Medium,1.44
LANE-016007,United Kingdom,P1,Truck,2026-01,4,Low,
LANE-011100,Vietnam,P11,Truck,2025-12,5,Low,0.95
LANE-002081,Germany,P4,Rail,2026-01,11,Low,1.2
LANE-001220,Mexico,P5,Ocean,2025-10,24,Low,0.46
LANE-002091,Germany,P4,Ocean,2025-01,24,High,0.57
LANE-010170,Turkey,P11,Truck,2025-06,5,Low,1.19
LANE-007391,Japan,P11,Ocean,2026-09,32,Low,0.56
LANE-012135,Canada,P11,Air,2026-01,2,Low,3.33
LANE-013469,Spain,P5,Truck,2025-05,5,Low,0.88
LANE-009304,Italy,P11,Ocean,2026-08,29,Low,0.47
LANE-007720,South Korea,P4,Truck,2026-08,5,Low,0.82
LANE-007944,South Korea,P6,Air,2025-02,2,Low,3.65
LANE-001780,Mexico,P12,Truck,2026-08,5,High,0.92
LANE-007478,Japan,P12,Air,2026-08,2,Medium,3.7
LANE-015409,Thailand,P6,Truck,2025-09,4,Low,1.38
LANE-016120,United Kingdom,P2,Rail,2026-04,13,High,0.89
LANE-005186,Poland,P8,Ocean,2026-04,34,Low,0.47
LANE-016201,United Kingdom,P3,Ocean,2025-09,23,Low,0.77
LANE-010848,Vietnam,P7,Ocean,2025-02,25,Low,0.87
LANE-014672,Czech Republic,P8,Rail,2026-08,11,Medium,
LANE-007173,Japan,P9,Truck,2025-01,5,High,1.58
LANE-011595,Canada,P5,Ocean,2025-01,28,Low,0.56
LANE-007036,Japan,P7,Rail,2026-06,13,Low,1.19
LANE-004274,India,P9,Rail,2025-06,8,Medium,
LANE-007089,Japan,P8,Truck,2025-05,4,High,0.98
LANE-009358,Italy,P12,Ocean,2025-08,23,Low,0.73
LANE-015541,Thailand,P7,Ocean,2025-09,27,Low,0.58
LANE-005658,Brazil,P2,Air,2025-04,3,Low,3.89
LANE-001489,Mexico,P8,Air,2026-03,3,Low,2.16
LANE-013659,Spain,P7,Rail,2026-07,12,Low,1.17
LANE-004170,India,P7,Air,2025-12,3,Medium,3.51
LANE-010512,Vietnam,P3,Rail,2026-06,12,Low,1.23
LANE-011984,Canada,P10,Truck,2026-04,5,Medium,1.53
LANE-013199,Spain,P1,Ocean,2026-09,26,Low,0.57
LANE-008714,Italy,P4,Truck,2025-02,5,Medium,1.19
LANE-003396,China,P9,Rail,2025-08,13,Medium,0.71
LANE-014840,Czech Republic,P10,Rail,2025-12,13,Low,1.21
LANE-014860,Czech Republic,P10,Ocean,2025-10,25,Medium,0.56
LANE-005754,Brazil,P3,Air,2025-12,2,Medium,3.13
LANE-010887,Vietnam,P8,Truck,2026-07,4,Medium,
LANE-004183,India,P8,Truck,2025-03,3,Low,1.52
LANE-008351,South Korea,P11,Ocean,2026-01,24,Low,0.71
LANE-004418,India,P11,Truck,2026-06,4,High,1.08
LANE-014739,Czech Republic,P9,Truck,2026-09,5,Medium,0.85
LANE-004263,India,P9,Truck,2026-05,2,Low,1.4
LANE-005595,Brazil,P2,Truck,2025-07,5,Low,
LANE-009285,Italy,P11,Ocean,2025-01,23,Low,0.54
LANE-008297,South Korea,P11,Truck,2025-03,6,Low,1.23
LANE-011201,Vietnam,P12,Rail,2025-03,11,High,0.99
LANE-004525,India,P12,Ocean,2026-03,29,Low,0.87
LANE-015464,Thailand,P6,Ocean,2026-08,28,High,0.87
LANE-003110,China,P5,Air,2025-08,2,Low,2.54
LANE-007981,South Korea,P7,Truck,2026-05,4,Low,1.14
LANE-016678,United Kingdom,P9,Rail,2025-02,11,High,
LANE-012456,France,P3,Air,2025-04,3,Medium,2.81
LANE-008054,South Korea,P8,Rail,2025-02,16,High,1.22
LANE-008273,South Korea,P10,Air,2025-01,2,High,3.09
LANE-004080,India,P6,Air,2025-10,2,High,2.7
LANE-000935,Mexico,P1,Ocean,2025-11,28,Medium,0.51
LANE-016903,United Kingdom,P12,Truck,2025-07,4,High,1.2
LANE-014980,Czech Republic,P12,Truck,2026-08,3,Low,0.81
LANE-014435,Czech Republic,P5,Ocean,2025-03,27,High,0.6
LANE-001298,Mexico,P6,Rail,2026-10,11,Low,0.99
LANE-014804,Czech Republic,P9,Air,2026-08,3,Medium,3.72
LANE-012248,France,P1,Truck,2026-04,4,Medium,0.94
LANE-013455,Spain,P4,Air,2026-01,2,Low,2.54
LANE-001746,Mexico,P11,Air,2025-08,2,Low,2.73
LANE-005396,Poland,P11,Air,2025-06,3,High,3.14
LANE-007151,Japan,P8,Air,2025-01,3,High,3.94
LANE-003636,India,P1,Truck,2025-06,4,Medium,1.39
LANE-006327,Brazil,P10,Air,2026-01,3,Low,4.1
LANE-010605,Vietnam,P4,Air,2025-01,3,Medium,3.08
LANE-004881,Poland,P4,Air,2026-07,3,Medium,2.65
LANE-006343,Brazil,P11,Truck,2025-07,5,Medium,1.38
LANE-013415,Spain,P4,Rail,2026-05,11,Low,0.79
LANE-013107,France,P12,Rail,2026-05,15,Low,0.85
LANE-005254,Poland,P9,Rail,2026-06,9,Low,0.65
LANE-015838,Thailand,P11,Truck,2026-08,4,High,1.42
LANE-011565,Canada,P5,Truck,2026-03,5,High,1.0
LANE-006722,Japan,P3,Air,2025-12,2,Low,3.71
LANE-009011,Italy,P7,Ocean,2026-01,29,Medium,0.52
LANE-003051,China,P5,Truck,2026-03,5,Low,1.05
LANE-014078,Spain,P12,Air,2026-08,3,Medium,2.93
LANE-005685,Brazil,P3,Truck,2025-09,4,Low,1.45
LANE-009438,Turkey,P1,Ocean,2026-10,36,Low,0.54
LANE-001119,Mexico,P4,Truck,2026-07,4,Low,1.3
LANE-007364,Japan,P11,Rail,2026-04,12,High,1.26
LANE-008029,South Korea,P7,Ocean,2026-09,25,Low,0.8
LANE-012312,France,P1,Air,2026-02,2,Medium,3.37
LANE-008064,South Korea,P8,Rail,2025-12,10,High,0.99
LANE-005596,Brazil,P2,Truck,2025-08,5,Low,1.54
LANE-012489,France,P4,Truck,2026-03,2,Low,1.24
LANE-006307,Brazil,P10,Ocean,2026-03,24,Medium,0.54
LANE-015054,Thailand,P1,Truck,2025-06,6,Medium,1.27
LANE-007383,Japan,P11,Ocean,2026-01,30,Low,0.63
LANE-015963,Thailand,P12,Ocean,2026-01,23,Medium,0.53
LANE-006443,Brazil,P12,Rail,2026-07,9,Medium,0.7
LANE-002704,Germany,P12,Air,2026-08,3,Low,3.89
LANE-004000,India,P5,Air,2026-06,3,Low,4.01
LANE-001200,Mexico,P5,Rail,2025-12,10,Medium,1.06
LANE-012613,France,P6,Truck,2025-07,3,Medium,1.46
LANE-000445,United States,P7,Truck,2025-05,5,High,0.85
LANE-001459,Mexico,P8,Ocean,2025-07,20,Low,
LANE-001384,Mexico,P7,Rail,2026-08,11,High,1.05
LANE-015743,Thailand,P9,Air,2026-01,3,Low,2.13
LANE-008598,Italy,P2,Rail,2026-06,14,Low,1.0
LANE-001621,Mexico,P10,Rail,2026-03,10,Medium,1.06
LANE-009113,Italy,P9,Truck,2025-05,5,Low,1.1
LANE-008578,Italy,P2,Truck,2026-08,5,Low,0.98
LANE-003223,China,P7,Truck,2025-11,3,Low,1.33
LANE-015626,Thailand,P8,Ocean,2025-06,24,Low,0.76
LANE-016317,United Kingdom,P4,Air,2026-03,3,Low,3.34
LANE-006049,Brazil,P7,Rail,2026-09,8,Low,0.66
LANE-005839,Brazil,P5,Truck,2025-09,4,Low,1.44
LANE-011846,Canada,P8,Ocean,2025-10,32,High,0.47
LANE-011692,Canada,P6,Ocean,2025-10,26,Low,0.59
LANE-008747,Italy,P4,Rail,2026-01,10,Low,1.14
LANE-007282,Japan,P10,Rail,2026-10,13,Medium,0.83
LANE-015843,Thailand,P11,Rail,2025-03,12,Low,1.17
LANE-014603,Czech Republic,P7,Ocean,2026-05,22,Medium,0.57
LANE-001534,Mexico,P9,Rail,2026-04,13,Low,1.04
LANE-003700,India,P1,Air,2025-04,3,Low,2.63
LANE-011723,Canada,P6,Air,2026-07,3,Low,3.82
LANE-014017,Spain,P12,Rail,2025-03,13,Low,1.05
LANE-004667,Poland,P2,Ocean,2025-03,27,Low,0.78
LANE-004548,India,P12,Air,2026-04,2,Medium,3.26
LANE-016100,United Kingdom,P2,Truck,2026-06,4,Low,1.03
LANE-005223,Poland,P9,Truck,2025-09,4,Low,1.58
LANE-007462,Japan,P12,Air,2025-04,2,Medium,3.3
LANE-011444,Canada,P3,Air,2025-04,1,Low,2.31
LANE-014523,Czech Republic,P6,Ocean,2025-03,25,Medium,0.7
LANE-008815,Italy,P5,Rail,2026-03,13,Low,1.16
LANE-010750,Vietnam,P6,Rail,2026-02,12,Medium,0.95
LANE-000612,United States,P9,Truck,2026-06,4,Low,1.4
LANE-003835,India,P3,Ocean,2025-07,31,Low,0.53
LANE-011148,Vietnam,P11,Ocean,2026-04,25,Low,0.45
LANE-001859,Germany,P1,Rail,2025-11,9,Low,1.09
LANE-013421,Spain,P4,Ocean,2025-01,29,Low,0.71
LANE-015236,Thailand,P3,Ocean,2025-12,27,Low,0.6
LANE-007043,Japan,P7,Ocean,2025-03,35,High,0.8
LANE-013334,Spain,P3,Ocean,2025-02,21,Low,0.57
LANE-003570,China,P12,Truck,2025-06,5,High,1.04
LANE-016704,United Kingdom,P9,Ocean,2025-06,29,High,0.7
LANE-014360,Czech Republic,P4,Rail,2026-04,10,Medium,0.9
LANE-001936,Germany,P2,Truck,2026-10,5,Low,1.18
LANE-014764,Czech Republic,P9,Ocean,2025-02,25,Medium,0.83
LANE-015175,Thailand,P2,Ocean,2026-05,31,Medium,0.87
LANE-007189,Japan,P9,Truck,2026-05,5,High,1.55
LANE-015853,Thailand,P11,Rail,2026-01,16,Low,1.2
LANE-014761,Czech Republic,P9,Rail,2026-09,14,Low,0.89
LANE-014207,Czech Republic,P2,Rail,2026-05,8,Low,1.1
LANE-005608,Brazil,P2,Truck,2026-08,3,Low,0.9
LANE-009351,Italy,P12,Ocean,2025-01,23,Low,0.8
LANE-012726,France,P7,Ocean,2025-10,29,Low,0.79
LANE-011812,Canada,P8,Truck,2026-08,5,Medium,0.85
LANE-007343,Japan,P11,Truck,2026-05,7,Low,1.55
LANE-011590,Canada,P5,Rail,2026-06,10,Low,1.08
LANE-012062,Canada,P11,Truck,2025-06,4,Medium,1.39
LANE-002007,Germany,P3,Rail,2025-05,10,Low,1.23
LANE-000930,Mexico,P1,Ocean,2025-06,27,Medium,0.84
LANE-007130,Japan,P8,Ocean,2025-02,32,Low,0.75
LANE-016849,United Kingdom,P11,Truck,2026-07,5,Medium,1.14
LANE-006630,Japan,P2,Ocean,2025-08,26,Low,0.5
LANE-006797,Japan,P4,Ocean,2026-09,26,Low,0.79
LANE-005889,Brazil,P5,Ocean,2026-03,22,Low,0.62
LANE-004038,India,P6,Rail,2025-12,10,Medium,0.68
LANE-005454,Poland,P12,Rail,2026-08,14,Low,1.12
LANE-006926,Japan,P6,Truck,2026-06,5,Low,0.8
LANE-006069,Brazil,P7,Air,2026-07,1,High,3.06
LANE-013219,Spain,P2,Truck,2026-07,6,Low,1.04
LANE-008187,South Korea,P9,Air,2025-03,3,Low,3.61
LANE-004735,Poland,P3,Rail,2025-05,12,Medium,0.83
LANE-012140,Canada,P11,Air,2026-06,3,Low,
LANE-001492,Mexico,P8,Air,2026-06,2,Low,4.1
LANE-010359,Vietnam,P1,Rail,2026-07,9,Low,1.24
LANE-008679,Italy,P3,Ocean,2025-11,29,High,0.62
LANE-010524,Vietnam,P3,Ocean,2025-08,33,Low,0.79
LANE-000748,United States,P10,Ocean,2026-10,23,Medium,0.74
LANE-010773,Vietnam,P6,Ocean,2026-03,27,Low,0.87
LANE-012753,France,P7,Air,2026-03,2,High,2.18
LANE-006552,Japan,P1,Ocean,2026-06,27,Low,0.71
LANE-005878,Brazil,P5,Ocean,2025-04,34,Low,0.78
LANE-014341,Czech Republic,P4,Truck,2026-07,4,High,1.52
LANE-009555,Turkey,P3,Truck,2025-07,5,Medium,1.28
LANE-011603,Canada,P5,Ocean,2025-09,30,Low,0.48
LANE-014037,Spain,P12,Ocean,2025-01,28,Medium,
LANE-006742,Japan,P4,Truck,2025-10,4,Low,0.93
LANE-004618,Poland,P1,Ocean,2026-08,27,Medium,0.53
LANE-008371,South Korea,P11,Air,2025-11,2,Medium,2.18
LANE-009022,Italy,P7,Air,2025-02,3,Medium,2.7
LANE-007405,Japan,P12,Truck,2026-01,3,Medium,1.16
LANE-013044,France,P11,Rail,2026-08,13,Medium,0.69
LANE-010380,Vietnam,P1,Ocean,2026-06,26,Low,0.87
LANE-000873,United States,P12,Air,2026-03,2,Low,2.5
LANE-016066,United Kingdom,P1,Air,2025-06,3,Low,3.49
LANE-016004,United Kingdom,P1,Truck,2025-10,5,Low,0.86
LANE-006868,Japan,P5,Ocean,2025-04,21,Low,0.74
LANE-009737,Turkey,P5,Rail,2026-01,12,Medium,0.85
LANE-004529,India,P12,Ocean,2026-07,26,Low,0.81
LANE-004954,Poland,P5,Air,2025-04,3,Low,3.73
LANE-002567,Germany,P11,Rail,2026-03,10,High,1.2
LANE-010148,Turkey,P10,Air,2025-06,3,Low,2.37
LANE-010626,Vietnam,P4,Air,2026-10,2,Medium,2.17
LANE-016398,United Kingdom,P5,Air,2025-08,3,Low,2.34
LANE-001554,Mexico,P9,Ocean,2026-02,31,Low,0.87
LANE-008066,South Korea,P8,Rail,2026-02,10,High,0.93
LANE-006988,Japan,P6,Air,2026-02,2,Medium,2.33
LANE-000032,United States,P1,Rail,2025-10,6,Low,1.04
LANE-006053,Brazil,P7,Air,2025-03,1,High,3.48
LANE-011174,Vietnam,P11,Air,2026-08,2,Medium,3.46
LANE-012257,France,P1,Rail,2025-03,12,Low,0.8
LANE-006830,Japan,P5,Truck,2025-10,6,Low,1.4
LANE-016589,United Kingdom,P8,Rail,2025-01,10,Medium,1.03
LANE-008185,South Korea,P9,Air,2025-01,3,Low,3.69
LANE-016835,United Kingdom,P11,Truck,2025-05,6,Medium,0.91
LANE-015045,Czech Republic,P12,Air,2026-07,3,Low,2.62
LANE-004437,India,P11,Rail,2026-03,13,Low,1.07
LANE-001019,Mexico,P2,Air,2025-07,3,Low,2.82
LANE-016843,United Kingdom,P11,Truck,2026-01,3,Medium,1.14
LANE-003276,China,P7,Ocean,2026-08,35,Low,0.46
LANE-008876,Italy,P6,Truck,2025-10,5,Medium,1.59
LANE-006480,Brazil,P12,Air,2025-12,2,Low,2.33
LANE-005235,Poland,P9,Truck,2026-09,5,Low,1.06
LANE-003486,China,P10,Ocean,2025-10,27,Low,0.76
LANE-003117,China,P5,Air,2026-03,3,Low,3.31
LANE-012688,France,P7,Truck,2026-04,5,Medium,1.45
LANE-003076,China,P5,Rail,2026-06,11,Low,0.83
LANE-004931,Poland,P5,Ocean,2025-03,29,Low,0.74
LANE-014077,Spain,P12,Air,2026-07,2,Medium,4.04
LANE-008242,South Korea,P10,Rail,2026-02,11,Low,0.84
LANE-006995,Japan,P6,Air,2026-09,3,Medium,2.65
LANE-013359,Spain,P3,Air,2025-05,3,High,3.48
LANE-011033,Vietnam,P10,Rail,2025-11,11,Medium,0.67
LANE-014477,Czech Republic,P6,Truck,2025-01,6,Low,0.93
LANE-007741,South Korea,P4,Rail,2026-07,13,Low,0.69
LANE-012909,France,P9,Ocean,2026-05,29,Low,0.63
LANE-006747,Japan,P4,Truck,2026-03,5,Low,1.27
LANE-008579,Italy,P2,Truck,2026-09,5,Low,1.06
LANE-003903,India,P4,Ocean,2025-09,25,Low,0.86
LANE-001063,Mexico,P3,Rail,2025-07,11,Low,1.02
LANE-010862,Vietnam,P7,Ocean,2026-04,31,Low,0.85
LANE-000789,United States,P11,Rail,2026-07,7,Low,0.91
LANE-007408,Japan,P12,Truck,2026-04,4,Medium,0.93
LANE-014869,Czech Republic,P10,Ocean,2026-07,26,Medium,0.5
LANE-011427,Canada,P3,Rail,2025-09,8,Low,1.12
LANE-004380,India,P10,Air,2025-02,2,Medium,2.45
LANE-008376,South Korea,P11,Air,2026-04,3,Medium,4.08
LANE-011708,Canada,P6,Air,2025-04,3,Low,2.59
LANE-000276,United States,P4,Air,2025-12,3,Low,3.26
LANE-001260,Mexico,P6,Truck,2025-06,6,Low,1.33
LANE-014032,Spain,P12,Rail,2026-06,7,Low,0.69
LANE-004660,Poland,P2,Rail,2026-06,13,Low,0.98
LANE-010896,Vietnam,P8,Rail,2025-06,13,Low,0.71
LANE-014512,Czech Republic,P6,Rail,2026-02,8,Medium,1.13
LANE-013912,Spain,P10,Ocean,2025-08,24,Low,0.44
LANE-010557,Vietnam,P4,Truck,2026-07,4,Medium,1.09
LANE-009638,Turkey,P4,Truck,2025-02,4,Low,1.6
LANE-002281,Germany,P7,Rail,2026-03,14,Low,0.87
LANE-015370,Thailand,P5,Rail,2026-02,13,Low,1.08
LANE-013490,Spain,P5,Rail,2025-04,10,Low,1.03
LANE-010510,Vietnam,P3,Rail,2026-04,11,Low,1.19
LANE-004231,India,P8,Ocean,2025-07,31,Low,0.85
LANE-011230,Vietnam,P12,Ocean,2025-10,32,Low,0.78
LANE-012890,France,P9,Rail,2026-08,7,Medium,1.2
LANE-003531,China,P11,Rail,2025-11,11,Medium,1.15
LANE-006982,Japan,P6,Air,2025-08,3,Medium,2.46
LANE-006317,Brazil,P10,Air,2025-03,2,Low,2.71
LANE-005494,Poland,P12,Air,2026-04,2,Low,2.58
LANE-000890,Mexico,P1,Truck,2025-10,3,Medium,
LANE-002937,China,P3,Air,2025-11,2,High,3.36
LANE-006321,Brazil,P10,Air,2025-07,2,Low,3.13
LANE-003343,China,P8,Rail,2026-09,8,High,1.23
LANE-000644,United States,P9,Ocean,2025-06,21,Medium,
LANE-009909,Turkey,P7,Rail,2025-09,9,Low,1.16
LANE-013291,Spain,P3,Truck,2025-03,4,Low,1.3
LANE-014904,Czech Republic,P11,Truck,2025-10,5,Medium,1.2
LANE-003473,China,P10,Rail,2026-07,13,Low,0.75
LANE-016329,United Kingdom,P5,Truck,2025-05,5,Low,1.13
LANE-002363,Germany,P8,Ocean,2025-09,24,Medium,0.66
LANE-007208,Japan,P9,Rail,2026-02,10,Low,
LANE-007193,Japan,P9,Truck,2026-09,5,High,1.5
LANE-005192,Poland,P8,Ocean,2026-10,25,Low,
LANE-002419,Germany,P9,Truck,2026-09,4,Medium,1.56
LANE-007951,South Korea,P6,Air,2025-09,2,Low,
LANE-002136,Germany,P5,Rail,2025-02,7,Low,0.78
LANE-007557,South Korea,P2,Truck,2025-11,4,Low,1.46
LANE-004494,India,P12,Rail,2025-06,12,Medium,1.01
LANE-016666,United Kingdom,P9,Truck,2025-12,4,Medium,1.59
LANE-004497,India,P12,Rail,2025-09,11,Medium,0.97
LANE-004697,Poland,P2,Air,2025-11,1,Low,2.22
LANE-007577,South Korea,P2,Rail,2025-09,11,Low,1.19
LANE-014103,Czech Republic,P1,Rail,2025-01,11,Low,1.09
LANE-015315,Thailand,P4,Air,2025-03,2,Low,2.43
LANE-005799,Brazil,P4,Rail,2026-01,10,Low,1.2
LANE-011286,Canada,P1,Rail,2026-10,12,Medium,0.81
LANE-003730,India,P2,Truck,2025-12,4,Low,1.34
LANE-007199,Japan,P9,Rail,2025-05,13,Low,0.89
LANE-010437,Vietnam,P2,Rail,2025-09,11,High,1.22
LANE-008746,Italy,P4,Rail,2025-12,11,Low,0.91
LANE-004649,Poland,P2,Rail,2025-07,13,Low,0.92
LANE-012411,France,P3,Rail,2025-03,10,High,0.9
LANE-011365,Canada,P2,Ocean,2026-01,29,Medium,0.65
LANE-012129,Canada,P11,Air,2025-07,3,Low,3.28
LANE-002986,China,P4,Rail,2026-04,11,Medium,0.68
LANE-002207,Germany,P6,Rail,2025-07,9,Low,1.23
LANE-007588,South Korea,P2,Rail,2026-08,10,Low,0.91
LANE-012319,France,P1,Air,2026-09,2,Medium,2.34
LANE-011755,Canada,P7,Rail,2025-07,9,Low,1.25
LANE-004682,Poland,P2,Ocean,2026-06,28,Low,0.72
LANE-015157,Thailand,P2,Rail,2026-09,13,Low,0.94
LANE-008939,Italy,P6,Air,2025-07,2,Low,3.11
LANE-011819,Canada,P8,Rail,2025-05,8,Low,1.17
LANE-011953,Canada,P9,Air,2025-07,3,Medium,4.0
LANE-007986,South Korea,P7,Truck,2026-10,5,Low,1.11
LANE-004272,India,P9,Rail,2025-04,11,Medium,0.7
LANE-007349,Japan,P11,Rail,2025-01,11,High,1.01
LANE-015249,Thailand,P4,Truck,2025-03,6,Low,0.9
LANE-004271,India,P9,Rail,2025-03,8,Medium,0.99
LANE-007962,South Korea,P6,Air,2026-08,2,Low,3.76
LANE-016160,United Kingdom,P3,Truck,2025-12,5,Low,1.26
LANE-012108,Canada,P11,Ocean,2025-08,25,Low,0.83
LANE-010916,Vietnam,P8,Ocean,2025-04,25,Low,0.73
LANE-004964,Poland,P5,Air,2026-02,3,Low,2.21
LANE-016855,United Kingdom,P11,Rail,2025-03,5,Medium,1.15
LANE-014434,Czech Republic,P5,Ocean,2025-02,28,High,0.52
LANE-009904,Turkey,P7,Rail,2025-04,13,Low,0.94
LANE-007117,Japan,P8,Rail,2025-11,12,Low,0.7
LANE-003255,China,P7,Rail,2026-09,13,Medium,1.14
LANE-008619,Italy,P2,Ocean,2026-05,25,Low,0.85
LANE-012709,France,P7,Rail,2026-03,12,Low,1.24
LANE-005051,Poland,P7,Truck,2026-01,4,Low,0.85
LANE-016090,United Kingdom,P2,Truck,2025-08,4,Low,1.26
LANE-007277,Japan,P10,Rail,2026-05,14,Medium,1.07
LANE-016082,United Kingdom,P1,Air,2026-10,2,Low,3.68
LANE-007629,South Korea,P2,Air,2026-05,3,Medium,3.11
LANE-016854,United Kingdom,P11,Rail,2025-02,15,Medium,0.97
LANE-003454,China,P10,Truck,2026-10,3,Medium,1.51
LANE-000232,United States,P4,Rail,2025-12,12,Low,
LANE-001816,Mexico,P12,Ocean,2025-12,25,High,0.67
LANE-004051,India,P6,Ocean,2025-03,30,Medium,0.74
LANE-002369,Germany,P8,Ocean,2026-03,26,Medium,0.51
LANE-010579,Vietnam,P4,Rail,2026-07,15,Low,0.75
LANE-011861,Canada,P8,Air,2025-03,3,Low,
LANE-016955,United Kingdom,P12,Ocean,2026-03,27,Low,0.44
LANE-006737,Japan,P4,Truck,2025-05,5,Low,1.25
LANE-012377,France,P2,Ocean,2026-01,27,Medium,0.68
LANE-007831,South Korea,P5,Rail,2026-09,15,Low,1.09
LANE-004571,Poland,P1,Truck,2026-05,5,Medium,0.96
LANE-007728,South Korea,P4,Rail,2025-06,10,Low,0.77
LANE-004865,Poland,P4,Air,2025-03,2,Medium,2.66
LANE-004547,India,P12,Air,2026-03,3,Medium,2.89
LANE-013001,France,P10,Ocean,2026-09,21,Low,0.68
LANE-002144,Germany,P5,Rail,2025-10,9,Low,1.25
LANE-003690,India,P1,Ocean,2026-04,23,Low,0.71
LANE-007690,South Korea,P3,Ocean,2025-12,33,High,0.54
LANE-014842,Czech Republic,P10,Rail,2026-02,11,Low,0.68
LANE-005656,Brazil,P2,Air,2025-02,3,Low,4.09
LANE-014924,Czech Republic,P11,Rail,2025-08,11,Low,0.7
LANE-014690,Czech Republic,P8,Ocean,2026-04,31,Medium,0.52
LANE-003983,India,P5,Air,2025-01,3,Low,2.22
LANE-014890,Czech Republic,P10,Air,2026-06,3,Low,2.17
LANE-004765,Poland,P3,Ocean,2026-01,31,Medium,0.78
LANE-010084,Turkey,P10,Truck,2025-08,4,Medium,0.87
LANE-005605,Brazil,P2,Truck,2026-05,3,Low,
LANE-001897,Germany,P1,Air,2025-05,3,High,3.69
LANE-011227,Vietnam,P12,Ocean,2025-07,33,Low,0.56
LANE-010914,Vietnam,P8,Ocean,2025-02,22,Low,0.83
LANE-012014,Canada,P10,Ocean,2025-02,33,Medium,0.84
LANE-002395,Germany,P8,Air,2026-07,2,Low,2.62
LANE-001777,Mexico,P12,Truck,2026-05,6,High,1.17
LANE-008412,South Korea,P12,Rail,2025-08,11,Low,1.02
LANE-007730,South Korea,P4,Rail,2025-08,14,Low,1.06
LANE-007801,South Korea,P5,Truck,2026-01,5,Low,0.94
LANE-010002,Turkey,P8,Ocean,2026-02,32,Medium,0.52
LANE-006162,Brazil,P9,Truck,2025-02,5,Medium,0.97
LANE-000911,Mexico,P1,Rail,2025-09,14,Medium,1.2
LANE-012963,France,P10,Rail,2025-05,15,Medium,0.71
LANE-011761,Canada,P7,Rail,2026-01,15,Low,0.93
LANE-011003,Vietnam,P10,Truck,2025-03,3,Medium,1.52
LANE-016125,United Kingdom,P2,Rail,2026-09,12,High,0.94
LANE-006898,Japan,P5,Air,2025-12,3,High,2.94
LANE-004857,Poland,P4,Ocean,2026-05,29,Medium,0.85
LANE-012578,France,P5,Rail,2026-04,11,Medium,0.76
LANE-006884,Japan,P5,Ocean,2026-08,26,Low,0.79
LANE-005820,Brazil,P4,Ocean,2025-12,21,Medium,0.84
LANE-011519,Canada,P4,Ocean,2026-01,22,Low,0.64
LANE-013503,Spain,P5,Rail,2026-05,10,Low,1.22
LANE-000156,United States,P3,Ocean,2025-02,23,Medium,0.75
LANE-002885,China,P3,Rail,2025-03,10,Medium,0.92
LANE-009329,Italy,P12,Rail,2025-01,11,Low,1.09
LANE-006922,Japan,P6,Truck,2026-02,4,Low,1.41
LANE-013224,Spain,P2,Rail,2025-02,13,Medium,0.78
LANE-002400,Germany,P9,Truck,2025-02,5,Medium,1.28
LANE-011439,Canada,P3,Rail,2026-09,9,Low,0.76
LANE-011896,Canada,P9,Truck,2026-04,3,Low,0.82
LANE-008605,Italy,P2,Ocean,2025-03,26,Low,0.64
LANE-008674,Italy,P3,Ocean,2025-06,29,High,0.84
LANE-004056,India,P6,Ocean,2025-08,36,Medium,0.82
LANE-010446,Vietnam,P2,Rail,2026-06,13,High,0.72
LANE-005621,Brazil,P2,Rail,2025-11,12,Low,1.28
LANE-013383,Spain,P4,Truck,2025-07,4,Low,0.84
LANE-006888,Japan,P5,Air,2025-02,3,High,3.46
LANE-011030,Vietnam,P10,Rail,2025-08,15,Medium,0.95
LANE-011947,Canada,P9,Air,2025-01,3,Medium,
LANE-015932,Thailand,P12,Rail,2025-04,10,Medium,0.94
LANE-013013,France,P11,Truck,2025-11,4,Medium,0.9
LANE-002269,Germany,P7,Rail,2025-03,9,Low,0.81
LANE-014886,Czech Republic,P10,Air,2026-02,2,Low,3.13
LANE-015965,Thailand,P12,Ocean,2026-03,23,Medium,0.7
LANE-003065,China,P5,Rail,2025-07,10,Low,1.14
LANE-008215,South Korea,P10,Truck,2025-09,6,Medium,0.84
LANE-011771,Canada,P7,Ocean,2025-01,32,Low,0.85
LANE-010671,Vietnam,P5,Ocean,2025-01,38,Medium,0.71
LANE-004851,Poland,P4,Ocean,2025-11,29,Medium,0.74
LANE-005082,Poland,P7,Rail,2026-10,12,Low,1.24
LANE-000676,United States,P9,Air,2026-04,3,Low,3.13
LANE-011912,Canada,P9,Rail,2025-10,10,Medium,1.15
LANE-013398,Spain,P4,Truck,2026-10,5,Low,
LANE-004351,India,P10,Rail,2026-05,13,Low,
LANE-012855,France,P9,Truck,2025-07,4,Low,1.41
LANE-010871,Vietnam,P8,Truck,2025-03,5,Medium,1.25
LANE-011618,Canada,P5,Air,2025-02,3,Low,3.66
LANE-001679,Mexico,P11,Truck,2025-07,4,Low,1.52
LANE-006929,Japan,P6,Truck,2026-09,5,Low,1.5
LANE-010509,Vietnam,P3,Rail,2026-03,11,Low,1.09
LANE-007871,South Korea,P5,Air,2026-05,2,Medium,2.64
LANE-013663,Spain,P7,Ocean,2025-01,26,High,0.76
LANE-001656,Mexico,P10,Air,2025-06,3,Low,4.03
LANE-001007,Mexico,P2,Ocean,2026-05,30,Medium,0.88
LANE-005356,Poland,P11,Rail,2025-10,13,High,1.0
LANE-009364,Italy,P12,Ocean,2026-02,35,Low,0.69
LANE-005026,Poland,P6,Ocean,2025-10,22,High,0.55
LANE-010315,Turkey,P12,Ocean,2026-07,27,Low,0.51
LANE-010738,Vietnam,P6,Rail,2025-02,10,Medium,1.28
LANE-009677,Turkey,P4,Rail,2026-07,15,Low,0.88
LANE-003151,China,P6,Rail,2025-05,14,Medium,0.89
LANE-000174,United States,P3,Ocean,2026-08,28,Medium,0.65
LANE-015778,Thailand,P10,Rail,2025-04,11,High,0.74
LANE-002710,China,P1,Truck,2025-04,4,Low,1.18
LANE-003267,China,P7,Ocean,2025-11,25,Low,0.49
LANE-012121,Canada,P11,Ocean,2026-09,21,Low,0.54
LANE-013830,Spain,P9,Ocean,2026-02,26,Medium,0.72
LANE-011151,Vietnam,P11,Ocean,2026-07,23,Low,0.5
LANE-002426,Germany,P9,Rail,2025-06,10,Low,1.1
LANE-002879,China,P3,Truck,2026-07,4,High,1.25
LANE-006442,Brazil,P12,Rail,2026-06,12,Medium,0.93
LANE-003739,India,P2,Truck,2026-09,5,Low,1.04
LANE-007202,Japan,P9,Rail,2025-08,12,Low,0.8
LANE-004569,Poland,P1,Truck,2026-03,4,Medium,0.8
LANE-008651,Italy,P3,Rail,2025-05,11,High,0.86
LANE-004966,Poland,P5,Air,2026-04,2,Low,2.85
LANE-015995,United Kingdom,P1,Truck,2025-01,4,Low,1.56
LANE-009469,Turkey,P2,Truck,2025-09,4,Medium,1.51
LANE-014623,Czech Republic,P7,Air,2026-03,3,Low,3.43
LANE-000013,United States,P1,Truck,2026-01,1,Low,1.25
LANE-011364,Canada,P2,Ocean,2025-12,21,Medium,0.68
LANE-016092,United Kingdom,P2,Truck,2025-10,4,Low,0.83
LANE-006726,Japan,P3,Air,2026-04,2,Low,3.85
LANE-007269,Japan,P10,Rail,2025-09,10,Medium,1.14
LANE-016483,United Kingdom,P7,Truck,2025-05,4,Medium,0.89
LANE-013069,France,P12,Truck,2025-01,4,Medium,0.94
LANE-015712,Thailand,P9,Ocean,2025-04,31,High,0.45
LANE-009090,Italy,P8,Ocean,2025-04,29,Low,0.51
LANE-013641,Spain,P7,Rail,2025-01,13,Low,0.84
LANE-011397,Canada,P3,Truck,2025-01,2,Low,1.31
LANE-004265,India,P9,Truck,2026-07,1,Low,1.28
LANE-001441,Mexico,P8,Rail,2025-11,13,Low,0.98
LANE-016379,United Kingdom,P5,Ocean,2025-11,32,Low,0.54
LANE-008950,Italy,P6,Air,2026-06,3,Low,3.13
LANE-007507,South Korea,P1,Rail,2025-05,10,Medium,1.11
LANE-004840,Poland,P4,Rail,2026-10,9,Low,1.23
LANE-002499,Germany,P10,Rail,2026-01,9,Medium,0.77
LANE-011529,Canada,P4,Air,2025-01,1,Low,2.84
LANE-016105,United Kingdom,P2,Rail,2025-01,13,High,1.08
LANE-011570,Canada,P5,Truck,2026-08,4,High,1.17
LANE-006629,Japan,P2,Ocean,2025-07,29,Low,0.5
LANE-000090,United States,P2,Air,2025-02,1,Low,4.15
LANE-015069,Thailand,P1,Truck,2026-09,3,Medium,1.58
LANE-005247,Poland,P9,Rail,2025-11,13,Low,1.04
LANE-011660,Canada,P6,Truck,2026-10,3,Low,1.44
LANE-008782,Italy,P5,Truck,2025-04,4,Low,1.52
LANE-016745,United Kingdom,P10,Truck,2025-03,5,Low,1.04
LANE-008015,South Korea,P7,Ocean,2025-07,28,Low,0.47
LANE-005751,Brazil,P3,Air,2025-09,2,Medium,3.01
LANE-012210,Canada,P12,Ocean,2026-10,25,Medium,0.75
LANE-001001,Mexico,P2,Ocean,2025-11,28,Medium,0.47
LANE-016189,United Kingdom,P3,Rail,2026-07,12,Low,0.92
LANE-010752,Vietnam,P6,Rail,2026-04,11,Medium,1.27
LANE-016561,United Kingdom,P7,Air,2026-05,3,Medium,2.5
LANE-002758,China,P1,Ocean,2025-08,25,Low,0.84
LANE-009798,Turkey,P6,Truck,2025-08,4,Medium,
LANE-011015,Vietnam,P10,Truck,2026-03,5,Medium,1.01
LANE-011661,Canada,P6,Rail,2025-01,11,Low,0.82
LANE-000352,United States,P5,Ocean,2026-10,33,Low,0.59
LANE-008800,Italy,P5,Truck,2026-10,5,Low,1.34
LANE-009923,Turkey,P7,Ocean,2025-01,28,Low,0.62
LANE-006772,Japan,P4,Rail,2026-06,12,Low,0.98
LANE-004385,India,P10,Air,2025-07,2,Medium,2.89
LANE-002975,China,P4,Rail,2025-05,10,Medium,1.19
LANE-015037,Czech Republic,P12,Air,2025-11,2,Low,2.99
LANE-000570,United States,P8,Rail,2026-08,10,Low,1.04
LANE-013664,Spain,P7,Ocean,2025-02,21,High,0.79
LANE-011043,Vietnam,P10,Rail,2026-09,10,Medium,1.07
LANE-002656,Germany,P12,Rail,2026-04,10,Medium,0.91
LANE-003055,China,P5,Truck,2026-07,5,Low,0.97
LANE-002481,Germany,P10,Truck,2026-05,6,Medium,1.07
LANE-015936,Thailand,P12,Rail,2025-08,12,Medium,1.01
LANE-013074,France,P12,Truck,2025-06,4,Medium,1.43
LANE-004273,India,P9,Rail,2025-05,11,Medium,1.07
LANE-001142,Mexico,P4,Rail,2026-08,16,Low,0.67
LANE-001807,Mexico,P12,Ocean,2025-03,30,High,0.87
LANE-011394,Canada,P2,Air,2026-08,1,Low,2.15
LANE-006015,Brazil,P7,Truck,2025-09,1,Low,1.3
LANE-014686,Czech Republic,P8,Ocean,2025-12,35,Medium,0.81
LANE-014060,Spain,P12,Air,2025-02,3,Medium,3.93
LANE-000992,Mexico,P2,Ocean,2025-02,26,Medium,0.5
LANE-005384,Poland,P11,Ocean,2026-04,27,Medium,0.87
LANE-001010,Mexico,P2,Ocean,2026-08,27,Medium,0.68
LANE-015058,Thailand,P1,Truck,2025-10,5,Medium,1.38
LANE-003746,India,P2,Rail,2025-06,13,Low,0.96
LANE-000615,United States,P9,Truck,2026-09,6,Low,1.21
LANE-012244,France,P1,Truck,2025-12,2,Medium,0.85
LANE-014016,Spain,P12,Rail,2025-02,12,Low,0.99
LANE-013797,Spain,P9,Rail,2025-03,14,Low,0.86
LANE-009794,Turkey,P6,Truck,2025-04,6,Medium,1.46
LANE-011675,Canada,P6,Rail,2026-03,9,Low,1.27
LANE-000433,United States,P6,Air,2026-03,2,Low,3.18
LANE-012325,France,P2,Truck,2025-05,4,Medium,1.24
LANE-000011,United States,P1,Truck,2025-11,2,Low,1.59
LANE-002250,Germany,P7,Truck,2025-06,4,High,0.85
LANE-013272,Spain,P2,Air,2025-06,2,Low,2.19
LANE-016619,United Kingdom,P8,Ocean,2025-09,32,Medium,0.65
LANE-010815,Vietnam,P7,Truck,2026-01,4,Low,0.98
LANE-004098,India,P7,Truck,2025-06,4,Low,1.2
LANE-016386,United Kingdom,P5,Ocean,2026-06,29,Low,0.53
LANE-004745,Poland,P3,Rail,2026-03,11,Medium,0.68
LANE-015876,Thailand,P11,Ocean,2026-02,31,High,0.79
LANE-011911,Canada,P9,Rail,2025-09,12,Medium,1.25
LANE-000407,United States,P6,Ocean,2025-11,29,Low,0.58
LANE-011470,Canada,P4,Truck,2025-08,5,Low,1.34
LANE-011281,Canada,P1,Rail,2026-05,11,Medium,0.84
LANE-000255,United States,P4,Ocean,2026-01,25,Low,0.85
LANE-011330,Canada,P2,Truck,2026-10,5,Low,1.16
LANE-009678,Turkey,P4,Rail,2026-08,11,Low,1.09
LANE-013439,Spain,P4,Ocean,2026-07,24,Low,0.85
LANE-010331,Vietnam,P1,Truck,2026-01,5,Low,1.34
LANE-016462,United Kingdom,P6,Ocean,2025-06,29,Low,0.83
LANE-005182,Poland,P8,Ocean,2025-12,23,Low,0.5
LANE-015023,Czech Republic,P12,Ocean,2026-07,24,Low,0.65
LANE-014159,Czech Republic,P1,Air,2026-01,3,Low,2.75
LANE-016503,United Kingdom,P7,Rail,2025-03,12,Medium,0.88
LANE-003064,China,P5,Rail,2025-06,10,Low,0.7
LANE-009450,Turkey,P1,Air,2025-12,3,High,3.42
LANE-011775,Canada,P7,Ocean,2025-05,33,Low,0.51
LANE-001504,Mexico,P9,Truck,2025-08,4,Low,1.08
LANE-000272,United States,P4,Air,2025-08,3,Low,2.28
LANE-000846,United States,P12,Ocean,2025-10,28,Low,0.82
LANE-011890,Canada,P9,Truck,2025-10,4,Low,1.36
LANE-009443,Turkey,P1,Air,2025-05,2,High,3.89
LANE-005710,Brazil,P3,Rail,2025-12,12,High,0.71
LANE-011515,Canada,P4,Ocean,2025-09,31,Low,0.63
LANE-005996,Brazil,P6,Air,2025-12,3,Low,2.37
LANE-005640,Brazil,P2,Ocean,2025-08,29,Low,0.55
LANE-005371,Poland,P11,Ocean,2025-03,25,Medium,0.51
LANE-001252,Mexico,P5,Air,2026-08,2,High,3.7
LANE-009258,Italy,P11,Truck,2026-06,4,Low,1.07
LANE-012099,Canada,P11,Rail,2026-09,12,Low,1.18
LANE-016367,United Kingdom,P5,Rail,2026-09,12,Medium,1.2
LANE-012063,Canada,P11,Truck,2025-07,4,Medium,0.84
LANE-015830,Thailand,P11,Truck,2025-12,3,High,1.07
LANE-001177,Mexico,P5,Truck,2025-11,5,Low,1.14
LANE-001147,Mexico,P4,Ocean,2025-03,32,Low,0.56
LANE-010631,Vietnam,P5,Truck,2025-05,4,Low,1.22
LANE-013175,Spain,P1,Rail,2026-07,18,Medium,0.66
LANE-016870,United Kingdom,P11,Rail,2026-06,11,Medium,1.1
LANE-001376,Mexico,P7,Rail,2025-12,11,High,1.09
LANE-007179,Japan,P9,Truck,2025-07,4,High,1.05
LANE-012488,France,P4,Truck,2026-02,1,Low,1.17
LANE-014727,Czech Republic,P9,Truck,2025-09,5,Medium,1.5
LANE-010463,Vietnam,P2,Ocean,2026-01,24,Low,0.48
LANE-015920,Thailand,P12,Truck,2026-02,5,High,1.06
LANE-009621,Turkey,P3,Air,2025-07,2,Low,3.97
LANE-015727,Thailand,P9,Ocean,2026-07,23,High,0.67
LANE-006934,Japan,P6,Rail,2025-04,14,Medium,0.67
LANE-010825,Vietnam,P7,Rail,2025-01,13,Low,0.96
LANE-010223,Turkey,P11,Ocean,2026-03,30,Low,0.66
LANE-012425,France,P3,Rail,2026-05,12,High,1.05
LANE-003168,China,P6,Rail,2026-10,9,Medium,0.75
LANE-011258,Canada,P1,Truck,2026-04,4,Low,1.33
LANE-004837,Poland,P4,Rail,2026-07,10,Low,1.15
LANE-012876,France,P9,Rail,2025-06,8,Medium,0.71
LANE-010954,Vietnam,P9,Truck,2026-08,5,Medium,1.47
LANE-001273,Mexico,P6,Truck,2026-07,4,Low,0.96
LANE-002585,Germany,P11,Ocean,2025-11,26,Low,0.72
LANE-015566,Thailand,P7,Air,2025-12,2,Low,2.99
LANE-005923,Brazil,P6,Truck,2025-05,4,Low,1.25
LANE-008436,South Korea,P12,Ocean,2025-10,23,Low,0.66
LANE-008152,South Korea,P9,Rail,2025-12,12,High,0.79
LANE-002039,Germany,P3,Ocean,2026-03,30,Medium,0.67
LANE-010881,Vietnam,P8,Truck,2026-01,5,Medium,
LANE-006955,Japan,P6,Ocean,2025-03,30,Low,0.63
LANE-012237,France,P1,Truck,2025-05,4,Medium,1.08
LANE-004584,Poland,P1,Rail,2025-08,13,High,1.03
LANE-011797,Canada,P8,Truck,2025-05,4,Medium,1.15
LANE-009061,Italy,P8,Truck,2026-07,5,Low,0.89
LANE-015806,Thailand,P10,Ocean,2025-10,27,Low,0.62
LANE-004539,India,P12,Air,2025-07,3,Medium,2.24
LANE-009545,Turkey,P2,Air,2026-07,2,Medium,3.15
LANE-015495,Thailand,P7,Truck,2025-07,4,Low,1.53
LANE-003409,China,P9,Rail,2026-09,8,Medium,1.13
LANE-008680,Italy,P3,Ocean,2025-12,28,High,0.87
LANE-016299,United Kingdom,P4,Ocean,2026-07,23,Low,0.49
LANE-000066,United States,P2,Truck,2026-10,2,Low,1.32
LANE-011504,Canada,P4,Rail,2026-08,11,Medium,1.11
LANE-006100,Brazil,P8,Rail,2025-06,14,Low,0.72
LANE-004693,Poland,P2,Air,2025-07,3,Low,
LANE-013028,France,P11,Rail,2025-04,15,Medium,1.02
LANE-004965,Poland,P5,Air,2026-03,2,Low,2.12
LANE-008308,South Korea,P11,Truck,2026-02,7,Low,1.39
LANE-005361,Poland,P11,Rail,2026-03,12,High,0.74
LANE-005237,Poland,P9,Rail,2025-01,13,Low,1.1
LANE-007527,South Korea,P1,Ocean,2025-03,20,Low,0.77
LANE-003511,China,P11,Truck,2026-01,3,Medium,1.36
LANE-008044,South Korea,P8,Truck,2026-02,4,High,0.99
LANE-012049,Canada,P10,Air,2026-03,2,Low,3.14
LANE-001017,Mexico,P2,Air,2025-05,2,Low,4.09
LANE-004322,India,P10,Truck,2025-10,4,Medium,1.57
LANE-015582,Thailand,P8,Truck,2025-06,4,Low,1.21
LANE-015839,Thailand,P11,Truck,2026-09,4,High,1.27
LANE-011054,Vietnam,P10,Ocean,2025-10,29,Medium,0.79
LANE-009962,Turkey,P8,Truck,2026-06,4,Low,0.83
LANE-016063,United Kingdom,P1,Air,2025-03,2,Low,2.65
LANE-011747,Canada,P7,Truck,2026-09,4,Low,1.28
LANE-001109,Mexico,P4,Truck,2025-09,5,Low,1.11
LANE-016669,United Kingdom,P9,Truck,2026-03,5,Medium,
LANE-010166,Turkey,P11,Truck,2025-02,4,Low,1.58
LANE-008659,Italy,P3,Rail,2026-01,11,High,1.12
LANE-003003,China,P4,Ocean,2025-11,25,Low,0.71
LANE-001942,Germany,P2,Rail,2025-06,9,Low,
LANE-014800,Czech Republic,P9,Air,2026-04,2,Medium,3.98
LANE-003567,China,P12,Truck,2025-03,5,High,0.95
LANE-004219,India,P8,Rail,2026-05,12,Medium,0.78
LANE-015764,Thailand,P10,Truck,2025-12,6,Low,0.94
LANE-006697,Japan,P3,Ocean,2025-09,31,Medium,0.86
LANE-003850,India,P3,Ocean,2026-10,24,Low,0.58
LANE-004782,Poland,P3,Air,2025-08,3,Low,4.03
LANE-002904,China,P3,Rail,2026-10,12,Medium,1.04
LANE-007209,Japan,P9,Rail,2026-03,15,Low,0.92
LANE-004869,Poland,P4,Air,2025-07,3,Medium,3.12
LANE-000451,United States,P7,Truck,2025-11,4,High,1.19
LANE-004234,India,P8,Ocean,2025-10,21,Low,0.76
LANE-015159,Thailand,P2,Ocean,2025-01,29,Medium,0.51
LANE-014545,Czech Republic,P7,Truck,2025-03,4,Low,1.49
LANE-000896,Mexico,P1,Truck,2026-04,6,Medium,0.96
LANE-005436,Poland,P12,Rail,2025-02,14,Low,
LANE-002239,Germany,P6,Ocean,2026-05,29,High,0.8
LANE-005851,Brazil,P5,Truck,2026-09,5,Low,
LANE-015345,Thailand,P5,Truck,2025-11,4,Low,1.48
LANE-007519,South Korea,P1,Rail,2026-05,13,Medium,0.65
LANE-011729,Canada,P7,Truck,2025-03,5,Low,1.59
LANE-005047,Poland,P7,Truck,2025-09,6,Low,1.42
LANE-002776,China,P2,Truck,2025-04,5,Medium,0.87
LANE-000823,United States,P12,Rail,2025-09,14,Low,0.83
LANE-012103,Canada,P11,Ocean,2025-03,32,Low,0.78
LANE-001537,Mexico,P9,Rail,2026-07,12,Low,0.93
LANE-007397,Japan,P12,Truck,2025-05,5,Medium,0.96
LANE-016003,United Kingdom,P1,Truck,2025-09,4,Low,1.57
LANE-000607,United States,P9,Truck,2026-01,6,Low,0.84
LANE-016216,United Kingdom,P3,Air,2025-02,3,Low,3.35
LANE-012299,France,P1,Air,2025-01,2,Medium,2.26
LANE-015531,Thailand,P7,Rail,2026-09,12,Low,1.1
LANE-011740,Canada,P7,Truck,2026-02,5,Low,1.03
LANE-003337,China,P8,Rail,2026-03,8,High,0.79
LANE-015299,Thailand,P4,Ocean,2025-09,25,Low,0.77
LANE-013183,Spain,P1,Ocean,2025-05,26,Low,0.87
LANE-009431,Turkey,P1,Ocean,2026-03,35,Low,
LANE-005625,Brazil,P2,Rail,2026-03,13,Low,1.16
LANE-004232,India,P8,Ocean,2025-08,31,Low,0.68
LANE-005210,Poland,P8,Air,2026-06,2,Medium,2.68
LANE-010473,Vietnam,P3,Truck,2025-01,4,Medium,1.12
LANE-008716,Italy,P4,Truck,2025-04,6,Medium,0.99
LANE-004979,Poland,P6,Truck,2025-07,5,Low,1.07
LANE-010772,Vietnam,P6,Ocean,2026-02,28,Low,0.6
LANE-002235,Germany,P6,Ocean,2026-01,24,High,0.49
LANE-011541,Canada,P4,Air,2026-01,3,Low,3.45
LANE-003544,China,P11,Ocean,2025-02,25,Low,
LANE-001258,Mexico,P6,Truck,2025-04,5,Low,0.92
LANE-011615,Canada,P5,Ocean,2026-09,28,Low,0.65
LANE-005936,Brazil,P6,Truck,2026-06,5,Low,0.91
LANE-006316,Brazil,P10,Air,2025-02,3,Low,2.95
LANE-015446,Thailand,P6,Ocean,2025-02,34,High,0.86
LANE-003840,India,P3,Ocean,2025-12,33,Low,
LANE-007856,South Korea,P5,Air,2025-02,1,Medium,3.4
LANE-005522,Brazil,P1,Truck,2026-10,5,Low,1.16
LANE-012678,France,P7,Truck,2025-06,4,Medium,1.16
LANE-008556,Italy,P1,Air,2026-08,2,Low,3.16
LANE-014868,Czech Republic,P10,Ocean,2026-06,32,Medium,0.57
LANE-001497,Mexico,P9,Truck,2025-01,5,Low,1.58
LANE-014313,Czech Republic,P3,Ocean,2026-01,34,Medium,0.74
LANE-005562,Brazil,P1,Ocean,2026-06,27,Medium,0.8
LANE-007800,South Korea,P5,Truck,2025-12,4,Low,1.18
LANE-001048,Mexico,P3,Truck,2026-02,6,Low,1.26
LANE-002697,Germany,P12,Air,2026-01,3,Low,
LANE-007058,Japan,P7,Ocean,2026-06,24,High,0.83
LANE-013809,Spain,P9,Rail,2026-03,11,Low,0.85
LANE-009946,Turkey,P8,Truck,2025-02,6,Low,1.18
LANE-014266,Czech Republic,P3,Truck,2025-10,4,Medium,1.58
LANE-012711,France,P7,Rail,2026-05,11,Low,0.99
LANE-015329,Thailand,P4,Air,2026-05,2,Low,3.69
LANE-003994,India,P5,Air,2025-12,3,Low,3.01
LANE-011525,Canada,P4,Ocean,2026-07,33,Low,0.69
LANE-012065,Canada,P11,Truck,2025-09,5,Medium,0.88
LANE-005632,Brazil,P2,Rail,2026-10,10,Low,0.96
LANE-015394,Thailand,P5,Ocean,2026-04,31,Medium,0.81
LANE-007914,South Korea,P6,Rail,2026-04,14,Low,0.84
LANE-006261,Brazil,P10,Truck,2026-01,4,Low,1.12
LANE-000173,United States,P3,Ocean,2026-07,34,Medium,0.7
LANE-005164,Poland,P8,Rail,2026-04,6,Low,1.04
LANE-007460,Japan,P12,Air,2025-02,3,Medium,3.41
LANE-002874,China,P3,Truck,2026-02,4,High,1.08
LANE-009261,Italy,P11,Truck,2026-09,3,Low,
LANE-006168,Brazil,P9,Truck,2025-08,3,Medium,1.24
LANE-002238,Germany,P6,Ocean,2026-04,28,High,
LANE-010171,Turkey,P11,Truck,2025-07,4,Low,
LANE-006836,Japan,P5,Truck,2026-04,5,Low,1.33
LANE-013935,Spain,P11,Truck,2025-09,4,Low,1.5
LANE-016229,United Kingdom,P3,Air,2026-03,3,Low,2.9
LANE-009600,Turkey,P3,Ocean,2025-08,34,Low,
LANE-013073,France,P12,Truck,2025-05,5,Medium,1.13
LANE-005001,Poland,P6,Rail,2025-07,10,Medium,0.65
LANE-009707,Turkey,P5,Truck,2025-05,4,High,1.22
LANE-011920,Canada,P9,Rail,2026-06,11,Medium,1.0
LANE-002959,China,P4,Truck,2025-11,5,Low,1.11
LANE-009591,Turkey,P3,Rail,2026-09,11,Low,1.22
LANE-003809,India,P3,Rail,2025-03,10,Low,
LANE-003697,India,P1,Air,2025-01,2,Low,2.53
LANE-002855,China,P2,Air,2026-05,2,Low,3.35
LANE-008867,Italy,P6,Truck,2025-01,4,Medium,1.44
LANE-001561,Mexico,P9,Ocean,2026-09,38,Low,0.59
LANE-013521,Spain,P5,Ocean,2026-01,28,Low,0.86
LANE-015170,Thailand,P2,Ocean,2025-12,26,Medium,0.79
LANE-009860,Turkey,P6,Air,2025-04,3,Low,3.63
LANE-000968,Mexico,P2,Truck,2026-10,5,High,1.1
LANE-013715,Spain,P8,Rail,2025-09,9,Low,
LANE-005585,Brazil,P1,Air,2026-07,2,Medium,3.84
LANE-003631,India,P1,Truck,2025-01,5,Medium,1.16
LANE-001095,Mexico,P3,Ocean,2026-05,26,Medium,0.48
LANE-005559,Brazil,P1,Ocean,2026-03,25,Medium,0.5
LANE-011424,Canada,P3,Rail,2025-06,10,Low,1.08
LANE-002410,Germany,P9,Truck,2025-12,4,Medium,1.58
LANE-003863,India,P4,Truck,2026-01,3,Medium,1.33
LANE-008055,South Korea,P8,Rail,2025-03,9,High,1.19
LANE-007166,Japan,P8,Air,2026-04,3,High,2.79
LANE-002586,Germany,P11,Ocean,2025-12,25,Low,0.57
LANE-010753,Vietnam,P6,Rail,2026-05,10,Medium,1.19
LANE-013879,Spain,P10,Truck,2026-07,5,High,1.12
LANE-006579,Japan,P2,Truck,2025-01,5,Medium,1.05
LANE-003132,China,P6,Truck,2025-08,4,Low,1.34
LANE-011777,Canada,P7,Ocean,2025-07,23,Low,0.85
LANE-010031,Turkey,P9,Truck,2026-09,5,High,
LANE-011497,Canada,P4,Rail,2026-01,12,Medium,0.74
LANE-016709,United Kingdom,P9,Ocean,2025-11,32,High,0.56
LANE-012470,France,P3,Air,2026-06,2,Medium,2.75
LANE-016673,United Kingdom,P9,Truck,2026-07,6,Medium,1.16
LANE-014684,Czech Republic,P8,Ocean,2025-10,37,Medium,0.6
LANE-002166,Germany,P5,Air,2025-10,1,Low,3.3
LANE-012617,France,P6,Truck,2025-11,4,Medium,1.35
LANE-000023,United States,P1,Rail,2025-01,9,Low,1.21
LANE-005833,Brazil,P5,Truck,2025-03,6,Low,1.3
LANE-014743,Czech Republic,P9,Rail,2025-03,12,Low,1.24
LANE-012351,France,P2,Rail,2025-09,13,Low,0.98
LANE-012854,France,P9,Truck,2025-06,5,Low,1.54
LANE-006763,Japan,P4,Rail,2025-09,10,Low,1.02
LANE-002880,China,P3,Truck,2026-08,4,High,1.15
LANE-011455,Canada,P3,Air,2026-03,1,Low,2.91
LANE-005258,Poland,P9,Rail,2026-10,10,Low,1.06
LANE-011972,Canada,P10,Truck,2025-04,5,Medium,1.51
LANE-012694,France,P7,Truck,2026-10,4,Medium,1.06
LANE-015837,Thailand,P11,Truck,2026-07,4,High,1.03
LANE-003057,China,P5,Truck,2026-09,5,Low,1.17
LANE-004399,India,P10,Air,2026-09,1,Medium,3.11
LANE-015668,Thailand,P9,Truck,2025-04,5,Low,
LANE-005287,Poland,P10,Truck,2025-07,1,Medium,1.59
LANE-004583,Poland,P1,Rail,2025-07,12,High,1.22
LANE-009747,Turkey,P5,Ocean,2025-01,23,Low,0.73
LANE-011143,Vietnam,P11,Ocean,2025-11,25,Low,0.81
LANE-005888,Brazil,P5,Ocean,2026-02,33,Low,0.65
LANE-001140,Mexico,P4,Rail,2026-06,13,Low,1.21
LANE-008966,Italy,P7,Truck,2025-12,4,High,0.81
LANE-013121,France,P12,Ocean,2025-09,28,High,
LANE-008267,South Korea,P10,Ocean,2026-05,20,Low,0.78
LANE-006094,Brazil,P8,Truck,2026-10,3,Medium,1.18
LANE-013831,Spain,P9,Ocean,2026-03,35,Medium,0.74
LANE-010083,Turkey,P10,Truck,2025-07,4,Medium,1.02
LANE-010878,Vietnam,P8,Truck,2025-10,3,Medium,1.6
LANE-007325,Japan,P10,Air,2026-09,3,Medium,3.47
LANE-012403,France,P3,Truck,2026-05,5,Medium,1.52
LANE-010742,Vietnam,P6,Rail,2025-06,13,Medium,0.9
LANE-013130,France,P12,Ocean,2026-06,28,High,0.83
LANE-012477,France,P4,Truck,2025-03,1,Low,1.36
LANE-001050,Mexico,P3,Truck,2026-04,6,Low,1.05
LANE-002646,Germany,P12,Rail,2025-06,10,Medium,0.79
LANE-000841,United States,P12,Ocean,2025-05,32,Low,0.71
LANE-008896,Italy,P6,Rail,2025-08,14,Low,1.26
LANE-005872,Brazil,P5,Rail,2026-08,14,Medium,0.76
LANE-002412,Germany,P9,Truck,2026-02,5,Medium,1.58
LANE-013389,Spain,P4,Truck,2026-01,5,Low,1.0
LANE-015489,Thailand,P7,Truck,2025-01,6,Low,1.29
LANE-005132,Poland,P8,Truck,2025-06,3,High,0.99
LANE-002631,Germany,P12,Truck,2026-01,5,High,0.83
LANE-006040,Brazil,P7,Rail,2025-12,8,Low,1.25
LANE-013651,Spain,P7,Rail,2025-11,9,Low,1.09
LANE-010147,Turkey,P10,Air,2025-05,2,Low,2.61
LANE-012736,France,P7,Ocean,2026-08,30,Low,0.64
LANE-000671,United States,P9,Air,2025-11,3,Low,3.05
LANE-006386,Brazil,P11,Ocean,2025-06,36,High,0.69
LANE-008158,South Korea,P9,Rail,2026-06,12,High,1.21
LANE-009772,Turkey,P5,Air,2025-04,3,High,2.39
LANE-002159,Germany,P5,Air,2025-03,1,Low,2.96
LANE-008631,Italy,P3,Truck,2025-07,5,Low,0.89
LANE-009015,Italy,P7,Ocean,2026-05,36,Medium,0.88
LANE-011502,Canada,P4,Rail,2026-06,13,Medium,0.89
LANE-000642,United States,P9,Ocean,2025-04,26,Medium,0.49
LANE-015875,Thailand,P11,Ocean,2026-01,27,High,0.49
LANE-014195,Czech Republic,P2,Rail,2025-05,11,Low,1.07
LANE-000501,United States,P7,Ocean,2026-05,30,Medium,0.79
LANE-007517,South Korea,P1,Rail,2026-03,8,Medium,1.05
LANE-006415,Brazil,P12,Truck,2026-01,3,Medium,0.99
LANE-010504,Vietnam,P3,Rail,2025-10,12,Low,1.05
LANE-000505,United States,P7,Ocean,2026-09,26,Medium,0.47
LANE-016140,United Kingdom,P2,Ocean,2026-02,28,Low,0.63
LANE-000427,United States,P6,Air,2025-09,2,Low,
LANE-004091,India,P6,Air,2026-09,3,High,2.11
LANE-012801,France,P8,Rail,2026-07,9,Medium,
LANE-015636,Thailand,P8,Ocean,2026-04,28,Low,0.78
LANE-004476,India,P12,Truck,2025-10,4,Medium,1.1
LANE-011327,Canada,P2,Truck,2026-07,5,Low,1.6
LANE-008393,South Korea,P12,Truck,2025-11,6,Low,
LANE-008046,South Korea,P8,Truck,2026-04,4,High,1.1
LANE-010646,Vietnam,P5,Truck,2026-08,4,Low,1.4
LANE-011066,Vietnam,P10,Ocean,2026-10,30,Medium,0.79
LANE-006607,Japan,P2,Rail,2025-07,13,Medium,1.16
LANE-007079,Japan,P7,Air,2026-05,2,Low,3.28
LANE-000915,Mexico,P1,Rail,2026-01,14,Medium,
LANE-013903,Spain,P10,Rail,2026-09,11,Low,0.71
LANE-013079,France,P12,Truck,2025-11,3,Medium,1.29
LANE-006789,Japan,P4,Ocean,2026-01,27,Low,0.8
LANE-013961,Spain,P11,Rail,2026-01,12,High,0.98
LANE-014630,Czech Republic,P7,Air,2026-10,2,Low,3.47
LANE-001108,Mexico,P4,Truck,2025-08,5,Low,1.51
LANE-002613,Germany,P11,Air,2026-05,3,Low,3.65
LANE-013721,Spain,P8,Rail,2026-03,12,Low,0.83
LANE-010860,Vietnam,P7,Ocean,2026-02,31,Low,0.67
LANE-002026,Germany,P3,Ocean,2025-02,21,Medium,0.64
LANE-004566,Poland,P1,Truck,2025-12,4,Medium,1.55
LANE-013176,Spain,P1,Rail,2026-08,11,Medium,0.66
LANE-011526,Canada,P4,Ocean,2026-08,28,Low,0.55
LANE-016647,United Kingdom,P8,Air,2026-03,3,Low,3.48
LANE-016389,United Kingdom,P5,Ocean,2026-09,27,Low,0.75
LANE-005080,Poland,P7,Rail,2026-08,15,Low,0.85
LANE-010849,Vietnam,P7,Ocean,2025-03,22,Low,0.72
LANE-004280,India,P9,Rail,2025-12,9,Medium,0.75
LANE-004412,India,P11,Truck,2025-12,4,High,1.39
LANE-010078,Turkey,P10,Truck,2025-02,5,Medium,0.88
LANE-011719,Canada,P6,Air,2026-03,2,Low,3.45
LANE-010533,Vietnam,P3,Ocean,2026-05,30,Low,0.79
LANE-014689,Czech Republic,P8,Ocean,2026-03,26,Medium,0.7
LANE-002197,Germany,P6,Truck,2026-07,4,Low,1.45
LANE-002593,Germany,P11,Ocean,2026-07,25,Low,0.87
LANE-007215,Japan,P9,Rail,2026-09,11,Low,1.01
LANE-000759,United States,P11,Truck,2025-11,1,Medium,0.81
LANE-016413,United Kingdom,P6,Truck,2025-01,4,High,1.0
LANE-008151,South Korea,P9,Rail,2025-11,10,High,0.77
LANE-007912,South Korea,P6,Rail,2026-02,12,Low,0.73
LANE-012106,Canada,P11,Ocean,2025-06,34,Low,0.64
LANE-015941,Thailand,P12,Rail,2026-01,14,Medium,0.68
LANE-000777,United States,P11,Rail,2025-07,8,Low,0.88
LANE-004047,India,P6,Rail,2026-09,9,Medium,
LANE-001738,Mexico,P11,Ocean,2026-10,31,High,0.61
LANE-011349,Canada,P2,Rail,2026-07,13,Medium,0.96
LANE-013946,Spain,P11,Truck,2026-08,6,Low,1.39
LANE-004335,India,P10,Rail,2025-01,9,Low,0.71
LANE-004251,India,P9,Truck,2025-05,1,Low,1.01
LANE-010241,Turkey,P11,Air,2025-11,3,High,2.79
LANE-012833,France,P8,Air,2025-07,2,Low,3.5
LANE-006391,Brazil,P11,Ocean,2025-11,26,High,0.79
LANE-008280,South Korea,P10,Air,2025-08,2,High,4.01
LANE-012541,France,P5,Truck,2025-01,5,Medium,1.4
LANE-003820,India,P3,Rail,2026-02,15,Low,1.23
LANE-000773,United States,P11,Rail,2025-03,7,Low,0.76
LANE-004050,India,P6,Ocean,2025-02,29,Medium,
LANE-000251,United States,P4,Ocean,2025-09,23,Low,0.48
LANE-007667,South Korea,P3,Rail,2025-11,9,Medium,0.9
LANE-012776,France,P8,Truck,2026-04,4,Medium,1.44
LANE-003985,India,P5,Air,2025-03,2,Low,3.87
LANE-000099,United States,P2,Air,2025-11,1,Low,3.9
LANE-004780,Poland,P3,Air,2025-06,2,Low,3.36
LANE-001321,Mexico,P6,Air,2025-01,3,Low,3.37
LANE-009252,Italy,P11,Truck,2025-12,3,Low,1.26
LANE-000509,United States,P7,Air,2025-03,3,Medium,
LANE-010617,Vietnam,P4,Air,2026-01,2,Medium,
LANE-009587,Turkey,P3,Rail,2026-05,11,Low,0.64
LANE-010933,Vietnam,P8,Ocean,2026-09,31,Low,0.71
LANE-008657,Italy,P3,Rail,2025-11,8,High,0.86
LANE-002188,Germany,P6,Truck,2025-10,4,Low,1.32
LANE-014190,Czech Republic,P2,Truck,2026-10,4,Low,1.25
LANE-006685,Japan,P3,Rail,2026-07,10,Low,0.9
LANE-012234,France,P1,Truck,2025-02,4,Medium,1.17
LANE-002155,Germany,P5,Rail,2026-09,9,Low,0.99
LANE-010328,Vietnam,P1,Truck,2025-10,4,Low,1.54
LANE-003783,India,P2,Ocean,2026-09,32,Low,0.53
LANE-005114,Poland,P7,Air,2025-10,2,Low,2.09
LANE-006223,Brazil,P9,Ocean,2026-07,31,Low,0.62
LANE-001983,Germany,P3,Truck,2025-03,4,Medium,1.54
LANE-014390,Czech Republic,P5,Truck,2025-02,4,Low,1.21
LANE-011992,Canada,P10,Rail,2025-02,13,Low,0.98
LANE-005333,Poland,P11,Truck,2025-09,4,Low,1.38
LANE-004376,India,P10,Ocean,2026-08,27,Medium,0.61
LANE-010547,Vietnam,P4,Truck,2025-09,4,Medium,1.21
LANE-003534,China,P11,Rail,2026-02,15,Medium,1.05
LANE-009369,Italy,P12,Ocean,2026-07,25,Low,0.68
LANE-013587,Spain,P6,Ocean,2026-01,25,Low,0.82
LANE-009340,Italy,P12,Rail,2025-12,11,Low,1.0
LANE-003038,China,P5,Truck,2025-02,5,Low,1.03
LANE-005341,Poland,P11,Truck,2026-05,4,Low,1.49
LANE-001800,Mexico,P12,Rail,2026-06,13,High,1.23
LANE-014178,Czech Republic,P2,Truck,2025-10,5,Low,1.13
LANE-008889,Italy,P6,Rail,2025-01,15,Low,0.99
LANE-016010,United Kingdom,P1,Truck,2026-04,5,Low,1.42
LANE-015262,Thailand,P4,Truck,2026-04,5,Low,0.88
LANE-006150,Brazil,P8,Air,2025-12,3,High,2.18
LANE-006962,Japan,P6,Ocean,2025-10,25,Low,0.67
LANE-012418,France,P3,Rail,2025-10,15,High,0.83
LANE-003220,China,P7,Truck,2025-08,5,Low,1.38
LANE-000203,United States,P4,Truck,2025-05,4,Low,1.42
LANE-003612,China,P12,Ocean,2025-04,29,Medium,0.85
LANE-016025,United Kingdom,P1,Rail,2025-09,12,High,0.96
LANE-000778,United States,P11,Rail,2025-08,12,Low,0.64
LANE-009196,Italy,P10,Truck,2026-10,5,Low,1.01
LANE-002707,China,P1,Truck,2025-01,4,Low,1.19
LANE-016568,United Kingdom,P8,Truck,2025-02,3,Medium,1.13
LANE-005698,Brazil,P3,Truck,2026-10,5,Low,
LANE-012863,France,P9,Truck,2026-03,4,Low,1.32
LANE-002609,Germany,P11,Air,2026-01,2,Low,3.06
LANE-005135,Poland,P8,Truck,2025-09,5,High,0.94
LANE-002428,Germany,P9,Rail,2025-08,9,Low,0.92
LANE-005278,Poland,P9,Ocean,2026-08,19,Medium,0.52
LANE-011217,Vietnam,P12,Rail,2026-07,10,High,1.05
LANE-010410,Vietnam,P2,Truck,2025-04,3,Low,1.38
LANE-002179,Germany,P6,Truck,2025-01,4,Low,1.36
LANE-009914,Turkey,P7,Rail,2026-02,13,Low,0.96
LANE-010060,Turkey,P9,Ocean,2025-06,20,Low,
LANE-005706,Brazil,P3,Rail,2025-08,12,High,0.97
LANE-008265,South Korea,P10,Ocean,2026-03,24,Low,0.45
LANE-001386,Mexico,P7,Rail,2026-10,13,High,0.75
LANE-006165,Brazil,P9,Truck,2025-05,6,Medium,1.43
LANE-013695,Spain,P8,Truck,2025-11,5,Medium,1.17
LANE-014355,Czech Republic,P4,Rail,2025-11,14,Medium,0.84
LANE-009034,Italy,P7,Air,2026-02,2,Medium,2.11
LANE-000596,United States,P9,Truck,2025-02,5,Low,0.94
LANE-010660,Vietnam,P5,Rail,2025-12,11,Low,0.84
LANE-009712,Turkey,P5,Truck,2025-10,5,High,0.88
LANE-010794,Vietnam,P6,Air,2026-02,3,Low,3.47
LANE-003303,China,P8,Truck,2025-03,1,Low,0.88
LANE-009612,Turkey,P3,Ocean,2026-08,33,Low,0.45
LANE-006984,Japan,P6,Air,2025-10,3,Medium,4.07
LANE-004489,India,P12,Rail,2025-01,11,Medium,1.21
LANE-003503,China,P11,Truck,2025-05,5,Medium,0.91
LANE-011750,Canada,P7,Rail,2025-02,12,Low,1.16
LANE-016147,United Kingdom,P2,Ocean,2026-09,30,Low,0.73
LANE-007664,South Korea,P3,Rail,2025-08,11,Medium,1.27
LANE-015082,Thailand,P1,Rail,2025-12,12,Low,1.01
LANE-009938,Turkey,P7,Ocean,2026-04,24,Low,0.46
LANE-007304,Japan,P10,Ocean,2026-10,29,Low,0.73
LANE-015267,Thailand,P4,Truck,2026-09,5,Low,1.39
LANE-004696,Poland,P2,Air,2025-10,2,Low,3.63
LANE-006319,Brazil,P10,Air,2025-05,3,Low,4.1
LANE-010801,Vietnam,P6,Air,2026-09,2,Low,2.31
LANE-003594,China,P12,Rail,2025-08,10,Medium,1.04
LANE-006754,Japan,P4,Truck,2026-10,4,Low,1.31
LANE-004796,Poland,P3,Air,2026-10,3,Low,3.89
LANE-012145,Canada,P12,Truck,2025-01,5,High,1.4
LANE-008530,Italy,P1,Ocean,2026-04,23,High,0.79
LANE-008511,Italy,P1,Rail,2026-07,10,Low,1.24
LANE-004439,India,P11,Rail,2026-05,13,Low,1.13
LANE-003675,India,P1,Ocean,2025-01,17,Low,0.52
LANE-009117,Italy,P9,Truck,2025-09,4,Low,0.99
LANE-012577,France,P5,Rail,2026-03,10,Medium,0.79
LANE-013871,Spain,P10,Truck,2025-11,5,High,0.85
LANE-002324,Germany,P8,Truck,2026-02,5,Medium,1.01
LANE-012275,France,P1,Rail,2026-09,14,Low,1.01
LANE-011181,Vietnam,P12,Truck,2025-05,5,Low,1.45
LANE-012324,France,P2,Truck,2025-04,4,Medium,1.58
LANE-005189,Poland,P8,Ocean,2026-07,25,Low,0.75
LANE-006818,Japan,P4,Air,2026-08,3,Low,2.21
LANE-012521,France,P4,Air,2025-03,1,High,3.96
LANE-000856,United States,P12,Ocean,2026-08,25,Low,0.44
LANE-000184,United States,P3,Air,2025-08,3,Low,2.53
LANE-001368,Mexico,P7,Rail,2025-04,13,High,
LANE-005115,Poland,P7,Air,2025-11,2,Low,4.08
LANE-000384,United States,P6,Rail,2025-10,13,Medium,0.92
LANE-010725,Vietnam,P6,Truck,2025-11,4,Low,0.8
LANE-006264,Brazil,P10,Truck,2026-04,6,Low,1.43
LANE-000673,United States,P9,Air,2026-01,3,Low,3.84
LANE-001434,Mexico,P8,Rail,2025-04,12,Low,0.74
LANE-011418,Canada,P3,Truck,2026-10,2,Low,1.4
LANE-004855,Poland,P4,Ocean,2026-03,30,Medium,0.59
LANE-016558,United Kingdom,P7,Air,2026-02,2,Medium,3.9
LANE-002019,Germany,P3,Rail,2026-05,15,Low,1.26
LANE-001947,Germany,P2,Rail,2025-11,11,Low,0.85
LANE-012769,France,P8,Truck,2025-09,5,Medium,0.9
LANE-005968,Brazil,P6,Ocean,2025-06,31,Low,0.73
LANE-011392,Canada,P2,Air,2026-06,2,Low,2.21
LANE-005720,Brazil,P3,Rail,2026-10,12,High,1.12
LANE-004190,India,P8,Truck,2025-10,5,Low,1.26
LANE-009384,Turkey,P1,Truck,2025-12,4,Medium,0.94
LANE-013698,Spain,P8,Truck,2026-02,5,Medium,1.55
LANE-004165,India,P7,Air,2025-07,3,Medium,3.06
LANE-010694,Vietnam,P5,Air,2025-02,3,Medium,3.83
LANE-013649,Spain,P7,Rail,2025-09,10,Low,0.85
LANE-009754,Turkey,P5,Ocean,2025-08,28,Low,0.73
LANE-004646,Poland,P2,Rail,2025-04,9,Low,0.77
LANE-016913,United Kingdom,P12,Truck,2026-05,4,High,1.44
LANE-006048,Brazil,P7,Rail,2026-08,11,Low,0.68
LANE-008722,Italy,P4,Truck,2025-10,4,Medium,1.52
LANE-002853,China,P2,Air,2026-03,3,Low,2.88
LANE-003056,China,P5,Truck,2026-08,5,Low,1.16
LANE-009014,Italy,P7,Ocean,2026-04,24,Medium,0.86
LANE-012154,Canada,P12,Truck,2025-10,5,High,1.47
LANE-008809,Italy,P5,Rail,2025-09,12,Low,0.86
LANE-012724,France,P7,Ocean,2025-08,28,Low,0.83
LANE-014488,Czech Republic,P6,Truck,2025-12,4,Low,1.6
LANE-012873,France,P9,Rail,2025-03,13,Medium,1.27
LANE-000382,United States,P6,Rail,2025-08,13,Medium,1.12
LANE-002220,Germany,P6,Rail,2026-08,13,Low,0.87
LANE-009862,Turkey,P6,Air,2025-06,3,Low,2.74
LANE-014053,Spain,P12,Ocean,2026-05,32,Medium,0.75
LANE-010831,Vietnam,P7,Rail,2025-07,12,Low,0.74
LANE-008474,Italy,P1,Truck,2025-04,4,Medium,1.46
LANE-011158,Vietnam,P11,Air,2025-04,2,Medium,2.45
LANE-012606,France,P5,Ocean,2026-10,18,Low,0.49
LANE-012307,France,P1,Air,2025-09,3,Medium,3.52
LANE-009518,Turkey,P2,Ocean,2026-02,24,Medium,0.53
LANE-011082,Vietnam,P10,Air,2026-04,2,Low,2.43
LANE-010367,Vietnam,P1,Ocean,2025-05,32,Low,0.48
LANE-013537,Spain,P6,Truck,2025-07,4,Low,1.37
LANE-003962,India,P5,Ocean,2025-02,27,High,0.74
LANE-010535,Vietnam,P3,Ocean,2026-07,18,Low,0.61
LANE-015629,Thailand,P8,Ocean,2025-09,26,Low,0.56
LANE-006562,Japan,P1,Air,2025-06,3,High,3.16
LANE-015455,Thailand,P6,Ocean,2025-11,26,High,0.87
LANE-006293,Brazil,P10,Ocean,2025-01,28,Medium,0.67
LANE-001020,Mexico,P2,Air,2025-08,3,Low,3.83
LANE-006143,Brazil,P8,Air,2025-05,3,High,3.16
LANE-012490,France,P4,Truck,2026-04,1,Low,1.06
LANE-004883,Poland,P4,Air,2026-09,3,Medium,2.42
LANE-004959,Poland,P5,Air,2025-09,3,Low,2.4
LANE-011968,Canada,P9,Air,2026-10,3,Medium,2.58
LANE-008833,Italy,P5,Ocean,2025-11,26,High,0.82
LANE-000292,United States,P5,Truck,2025-06,6,High,
LANE-010024,Turkey,P9,Truck,2026-02,5,High,0.83
LANE-006394,Brazil,P11,Ocean,2026-02,22,High,0.77
LANE-015309,Thailand,P4,Ocean,2026-07,32,Low,0.79
LANE-006159,Brazil,P8,Air,2026-09,2,High,2.43
LANE-004563,Poland,P1,Truck,2025-09,5,Medium,1.24
LANE-014519,Czech Republic,P6,Rail,2026-09,14,Medium,0.99
LANE-006146,Brazil,P8,Air,2025-08,2,High,3.28
LANE-000189,United States,P3,Air,2026-01,3,Low,3.04
LANE-001212,Mexico,P5,Ocean,2025-02,28,Low,0.84
LANE-005130,Poland,P8,Truck,2025-04,4,High,0.82
LANE-016700,United Kingdom,P9,Ocean,2025-02,27,High,0.74
LANE-012166,Canada,P12,Truck,2026-10,3,High,1.08
LANE-003841,India,P3,Ocean,2026-01,29,Low,
LANE-015424,Thailand,P6,Rail,2025-02,13,Low,1.1
LANE-014984,Czech Republic,P12,Rail,2025-02,13,Medium,1.23
LANE-004285,India,P9,Rail,2026-05,8,Medium,0.76
LANE-008227,South Korea,P10,Truck,2026-09,4,Medium,1.52
LANE-016137,United Kingdom,P2,Ocean,2025-11,26,Low,0.78
LANE-007975,South Korea,P7,Truck,2025-11,4,Low,0.91
LANE-011433,Canada,P3,Rail,2026-03,9,Low,0.78
LANE-010232,Turkey,P11,Air,2025-02,2,High,2.62
LANE-012288,France,P1,Ocean,2025-12,32,Medium,0.46
LANE-011264,Canada,P1,Truck,2026-10,4,Low,1.26
LANE-015461,Thailand,P6,Ocean,2026-05,33,High,0.76
LANE-010092,Turkey,P10,Truck,2026-04,5,Medium,1.6
LANE-014725,Czech Republic,P9,Truck,2025-07,5,Medium,1.3
LANE-003776,India,P2,Ocean,2026-02,28,Low,0.6
LANE-006779,Japan,P4,Ocean,2025-03,32,Low,0.61
LANE-013095,France,P12,Rail,2025-05,8,Low,1.11
LANE-000279,United States,P4,Air,2026-03,3,Low,3.31
LANE-003957,India,P5,Rail,2026-07,14,Medium,0.92
LANE-016471,United Kingdom,P6,Ocean,2026-03,34,Low,0.54
LANE-012743,France,P7,Air,2025-05,3,High,3.62
LANE-011845,Canada,P8,Ocean,2025-09,34,High,0.83
LANE-009880,Turkey,P7,Truck,2025-02,6,High,0.83
LANE-016897,United Kingdom,P12,Truck,2025-01,5,High,
LANE-004968,Poland,P5,Air,2026-06,2,Low,3.28
LANE-011124,Vietnam,P11,Rail,2026-02,8,Low,0.91
LANE-009928,Turkey,P7,Ocean,2025-06,29,Low,0.74
LANE-010406,Vietnam,P1,Air,2026-10,3,Medium,3.6
LANE-010826,Vietnam,P7,Rail,2025-02,13,Low,0.71
LANE-016618,United Kingdom,P8,Ocean,2025-08,31,Medium,0.64
LANE-014337,Czech Republic,P4,Truck,2026-03,5,High,0.91
LANE-015390,Thailand,P5,Ocean,2025-12,25,Medium,0.58
LANE-006958,Japan,P6,Ocean,2025-06,27,Low,0.72
LANE-014746,Czech Republic,P9,Rail,2025-06,9,Low,0.94
LANE-007807,South Korea,P5,Truck,2026-07,5,Low,0.97
LANE-013741,Spain,P8,Ocean,2026-01,30,Medium,0.79
LANE-016976,United Kingdom,P12,Air,2026-02,3,Low,2.23
LANE-000135,United States,P3,Rail,2025-03,7,Medium,0.9
LANE-005050,Poland,P7,Truck,2025-12,5,Low,1.38
LANE-011333,Canada,P2,Rail,2025-03,11,Medium,0.82
LANE-002935,China,P3,Air,2025-09,2,High,3.83
LANE-006731,Japan,P3,Air,2026-09,3,Low,2.6
LANE-010939,Vietnam,P9,Truck,2025-05,4,Medium,1.29
LANE-008281,South Korea,P10,Air,2025-09,2,High,2.71
LANE-004145,India,P7,Ocean,2025-09,26,Low,0.71
LANE-007558,South Korea,P2,Truck,2025-12,4,Low,1.43
LANE-007363,Japan,P11,Rail,2026-03,14,High,1.09
LANE-004052,India,P6,Ocean,2025-04,36,Medium,0.7
LANE-010329,Vietnam,P1,Truck,2025-11,6,Low,0.98
LANE-015479,Thailand,P6,Air,2026-01,3,Low,2.75
LANE-004789,Poland,P3,Air,2026-03,3,Low,4.11
LANE-003300,China,P7,Air,2026-10,3,Low,
LANE-016351,United Kingdom,P5,Rail,2025-05,8,Medium,0.91
LANE-002000,Germany,P3,Truck,2026-08,5,Medium,1.2
LANE-005966,Brazil,P6,Ocean,2025-04,31,Low,0.73
LANE-000857,United States,P12,Ocean,2026-09,28,Low,0.68
LANE-002171,Germany,P5,Air,2026-03,1,Low,2.83
LANE-002491,Germany,P10,Rail,2025-05,10,Medium,0.87
LANE-015401,Thailand,P6,Truck,2025-01,4,Low,1.21
LANE-011857,Canada,P8,Ocean,2026-09,33,High,0.85
LANE-005577,Brazil,P1,Air,2025-11,2,Medium,3.23
LANE-005758,Brazil,P3,Air,2026-04,2,Medium,3.62
LANE-009740,Turkey,P5,Rail,2026-04,12,Medium,1.2
LANE-006238,Brazil,P9,Air,2025-12,3,Low,4.05
LANE-009471,Turkey,P2,Truck,2025-11,5,Medium,1.07
LANE-001372,Mexico,P7,Rail,2025-08,13,High,0.76
LANE-016171,United Kingdom,P3,Rail,2025-01,11,Low,0.98
LANE-015509,Thailand,P7,Truck,2026-09,4,Low,0.96
LANE-008464,South Korea,P12,Air,2026-04,3,Medium,4.06
LANE-004833,Poland,P4,Rail,2026-03,12,Low,0.74
LANE-000053,United States,P2,Truck,2025-09,1,Low,1.26
LANE-016730,United Kingdom,P9,Air,2025-10,2,Medium,2.37
LANE-004323,India,P10,Truck,2025-11,4,Medium,1.53
LANE-004475,India,P12,Truck,2025-09,6,Medium,0.99
LANE-010123,Turkey,P10,Ocean,2025-03,24,Medium,0.75
LANE-004867,Poland,P4,Air,2025-05,2,Medium,3.41
LANE-001565,Mexico,P9,Air,2025-03,4,Medium,2.89
LANE-010252,Turkey,P11,Air,2026-10,3,High,2.16
LANE-005137,Poland,P8,Truck,2025-11,5,High,0.86
LANE-007316,Japan,P10,Air,2025-12,3,Medium,3.6
LANE-016397,United Kingdom,P5,Air,2025-07,3,Low,2.24
LANE-007702,South Korea,P4,Truck,2025-02,3,Low,1.24
LANE-005941,Brazil,P6,Rail,2025-01,10,Medium,1.13
LANE-000150,United States,P3,Rail,2026-06,12,Medium,0.64
LANE-001680,Mexico,P11,Truck,2025-08,4,Low,1.16
LANE-000392,United States,P6,Rail,2026-06,12,Medium,0.66
LANE-008070,South Korea,P8,Rail,2026-06,8,High,1.13
LANE-005897,Brazil,P5,Air,2025-01,2,Low,3.64
LANE-003365,China,P8,Air,2026-09,1,Low,3.43
LANE-010069,Turkey,P9,Ocean,2026-03,23,Low,0.81
LANE-003204,China,P6,Air,2026-02,3,Medium,2.29
LANE-009762,Turkey,P5,Ocean,2026-04,31,Low,0.88
LANE-003108,China,P5,Air,2025-06,4,Low,2.92
LANE-016650,United Kingdom,P8,Air,2026-06,3,Low,
LANE-016420,United Kingdom,P6,Truck,2025-08,4,High,0.81
LANE-015183,Thailand,P3,Truck,2025-03,5,Low,
LANE-015214,Thailand,P3,Rail,2025-12,9,Low,1.07
LANE-011682,Canada,P6,Rail,2026-10,12,Low,1.25
LANE-013972,Spain,P11,Ocean,2025-02,26,Low,
LANE-013460,Spain,P4,Air,2026-06,2,Low,3.27
LANE-016900,United Kingdom,P12,Truck,2025-04,5,High,1.45
LANE-010968,Vietnam,P9,Rail,2025-12,12,Medium,0.75
LANE-009504,Turkey,P2,Rail,2026-10,14,Medium,0.8
LANE-002552,Germany,P11,Truck,2026-10,4,High,0.93
LANE-006055,Brazil,P7,Air,2025-05,1,High,2.6
LANE-014200,Czech Republic,P2,Rail,2025-10,10,Low,1.26
LANE-002454,Germany,P9,Ocean,2025-12,25,Low,0.55
LANE-005714,Brazil,P3,Rail,2026-04,11,High,1.21
LANE-002893,China,P3,Rail,2025-11,12,Medium,0.81
LANE-008504,Italy,P1,Rail,2025-12,12,Low,1.1
LANE-015131,Thailand,P2,Truck,2026-05,4,Medium,1.51
LANE-014854,Czech Republic,P10,Ocean,2025-04,24,Medium,0.81
LANE-005212,Poland,P8,Air,2026-08,2,Medium,3.1
LANE-007223,Japan,P9,Ocean,2025-07,29,Low,0.55
LANE-010514,Vietnam,P3,Rail,2026-08,15,Low,0.74
LANE-004081,India,P6,Air,2025-11,3,High,3.27
LANE-014867,Czech Republic,P10,Ocean,2026-05,32,Medium,0.45
LANE-000092,United States,P2,Air,2025-04,1,Low,3.22
LANE-012997,France,P10,Ocean,2026-05,32,Low,0.55
LANE-013909,Spain,P10,Ocean,2025-05,20,Low,0.52
LANE-004344,India,P10,Rail,2025-10,12,Low,1.14
LANE-005989,Brazil,P6,Air,2025-05,2,Low,3.14
LANE-015910,Thailand,P12,Truck,2025-04,4,High,1.18
LANE-001674,Mexico,P11,Truck,2025-02,6,Low,1.55
LANE-006282,Brazil,P10,Rail,2025-12,10,Low,0.66
LANE-016532,United Kingdom,P7,Ocean,2025-10,29,High,0.64
LANE-000653,United States,P9,Ocean,2026-03,26,Medium,0.53
LANE-005170,Poland,P8,Rail,2026-10,12,Low,0.64
LANE-016295,United Kingdom,P4,Ocean,2026-03,25,Low,0.84
LANE-013200,Spain,P1,Ocean,2026-10,31,Low,0.5
LANE-004888,Poland,P5,Truck,2025-04,5,High,1.57
LANE-015261,Thailand,P4,Truck,2026-03,3,Low,1.12
LANE-000520,United States,P7,Air,2026-02,3,Medium,2.79
LANE-002860,China,P2,Air,2026-10,3,Low,2.59
LANE-009991,Turkey,P8,Ocean,2025-03,18,Medium,0.82
LANE-016089,United Kingdom,P2,Truck,2025-07,4,Low,1.59
LANE-008991,Italy,P7,Rail,2026-03,13,High,1.01
LANE-014977,Czech Republic,P12,Truck,2026-05,5,Low,
LANE-008349,South Korea,P11,Ocean,2025-11,40,Low,0.77
LANE-012318,France,P1,Air,2026-08,2,Medium,4.14
LANE-009972,Turkey,P8,Rail,2025-06,10,Low,0.78
LANE-001125,Mexico,P4,Rail,2025-03,10,Low,1.2
LANE-005815,Brazil,P4,Ocean,2025-07,30,Medium,0.64
LANE-009483,Turkey,P2,Rail,2025-01,15,Medium,0.69
LANE-010351,Vietnam,P1,Rail,2025-11,11,Low,1.08
LANE-002600,Germany,P11,Air,2025-04,3,Low,2.79
LANE-000768,United States,P11,Truck,2026-08,1,Medium,0.9
LANE-005890,Brazil,P5,Ocean,2026-04,25,Low,0.86
LANE-010296,Turkey,P12,Rail,2026-10,11,Low,0.68
LANE-013043,France,P11,Rail,2026-07,11,Medium,0.76
LANE-011758,Canada,P7,Rail,2025-10,11,Low,1.02
LANE-015854,Thailand,P11,Rail,2026-02,11,Low,0.73
LANE-003556,China,P11,Ocean,2026-02,31,Low,0.45
LANE-006994,Japan,P6,Air,2026-08,2,Medium,2.35
LANE-007152,Japan,P8,Air,2025-02,3,High,2.52
LANE-011763,Canada,P7,Rail,2026-03,10,Low,0.65
LANE-015608,Thailand,P8,Rail,2025-10,12,Low,
LANE-012657,France,P6,Ocean,2025-07,28,Medium,0.69
LANE-007390,Japan,P11,Ocean,2026-08,30,Low,
LANE-011745,Canada,P7,Truck,2026-07,6,Low,1.44
LANE-007115,Japan,P8,Rail,2025-09,9,Low,0.81
LANE-011317,Canada,P2,Truck,2025-09,6,Low,1.07
LANE-007280,Japan,P10,Rail,2026-08,10,Medium,0.76
LANE-012038,Canada,P10,Air,2025-04,3,Low,3.33
LANE-010157,Turkey,P10,Air,2026-03,2,Low,2.44
LANE-012796,France,P8,Rail,2026-02,13,Medium,0.85
LANE-000828,United States,P12,Rail,2026-02,12,Low,1.08
LANE-010961,Vietnam,P9,Rail,2025-05,14,Medium,1.27
LANE-000068,United States,P2,Rail,2025-02,9,Low,0.86
LANE-012991,France,P10,Ocean,2025-11,22,Low,
LANE-000484,United States,P7,Rail,2026-10,9,Medium,0.76
LANE-015757,Thailand,P10,Truck,2025-05,5,Low,1.16
LANE-004311,India,P9,Air,2026-09,1,Medium,2.45
LANE-016583,United Kingdom,P8,Truck,2026-05,4,Medium,1.44
LANE-001678,Mexico,P11,Truck,2025-06,5,Low,1.14
LANE-002949,China,P4,Truck,2025-01,4,Low,1.0
LANE-012992,France,P10,Ocean,2025-12,27,Low,0.49
LANE-007785,South Korea,P4,Air,2026-07,3,Low,2.94
LANE-015567,Thailand,P7,Air,2026-01,3,Low,3.64
LANE-007794,South Korea,P5,Truck,2025-06,5,Low,1.12
LANE-012798,France,P8,Rail,2026-04,12,Medium,0.67
LANE-002317,Germany,P8,Truck,2025-07,5,Medium,1.23
LANE-002411,Germany,P9,Truck,2026-01,5,Medium,1.27
LANE-006400,Brazil,P11,Ocean,2026-08,23,High,0.73
LANE-007021,Japan,P7,Rail,2025-03,12,Low,0.68
LANE-010307,Turkey,P12,Ocean,2025-11,28,Low,0.63
LANE-014361,Czech Republic,P4,Rail,2026-05,13,Medium,0.65
LANE-006502,Japan,P1,Truck,2025-12,5,Low,1.24
LANE-002645,Germany,P12,Rail,2025-05,11,Medium,0.96
LANE-002473,Germany,P10,Truck,2025-09,5,Medium,0.86
LANE-015127,Thailand,P2,Truck,2026-01,5,Medium,0.82
LANE-007016,Japan,P7,Truck,2026-08,5,Medium,1.06
LANE-012977,France,P10,Rail,2026-07,8,Medium,0.64
LANE-008246,South Korea,P10,Rail,2026-06,13,Low,0.92
LANE-006228,Brazil,P9,Air,2025-02,3,Low,3.08
LANE-001636,Mexico,P10,Ocean,2025-08,26,Low,0.46
LANE-005651,Brazil,P2,Ocean,2026-07,25,Low,0.82
LANE-004955,Poland,P5,Air,2025-05,2,Low,3.95
LANE-010299,Turkey,P12,Ocean,2025-03,27,Low,0.57
LANE-015225,Thailand,P3,Ocean,2025-01,27,Low,0.76
LANE-004359,India,P10,Ocean,2025-03,26,Medium,0.84
LANE-012966,France,P10,Rail,2025-08,11,Medium,0.87
LANE-001314,Mexico,P6,Ocean,2026-04,30,Low,0.77
LANE-013502,Spain,P5,Rail,2026-04,11,Low,1.24
LANE-008182,South Korea,P9,Ocean,2026-08,24,Medium,0.72
LANE-005252,Poland,P9,Rail,2026-04,10,Low,1.2
LANE-008099,South Korea,P8,Air,2025-03,2,Low,3.34
LANE-008291,South Korea,P10,Air,2026-07,2,High,3.59
LANE-015554,Thailand,P7,Ocean,2026-10,27,Low,0.46
LANE-008607,Italy,P2,Ocean,2025-05,28,Low,0.87
LANE-006904,Japan,P5,Air,2026-06,3,High,4.02
LANE-015397,Thailand,P5,Ocean,2026-07,27,Medium,0.81
LANE-008507,Italy,P1,Rail,2026-03,11,Low,0.84
LANE-004939,Poland,P5,Ocean,2025-11,36,Low,0.69
LANE-004428,India,P11,Rail,2025-06,13,Low,0.82
LANE-009292,Italy,P11,Ocean,2025-08,28,Low,0.66
LANE-012302,France,P1,Air,2025-04,3,Medium,3.62
LANE-005078,Poland,P7,Rail,2026-06,16,Low,1.04
LANE-013533,Spain,P6,Truck,2025-03,5,Low,1.38
LANE-002361,Germany,P8,Ocean,2025-07,30,Medium,0.56
LANE-010865,Vietnam,P7,Ocean,2026-07,32,Low,0.53
LANE-005206,Poland,P8,Air,2026-02,3,Medium,2.27
LANE-013057,France,P11,Ocean,2025-11,21,Medium,0.83
LANE-012570,France,P5,Rail,2025-08,14,Medium,0.75
LANE-000300,United States,P5,Truck,2026-02,5,High,1.01
LANE-007113,Japan,P8,Rail,2025-07,13,Low,1.27
LANE-010770,Vietnam,P6,Ocean,2025-12,19,Low,0.75
LANE-007336,Japan,P11,Truck,2025-10,6,Low,1.39
LANE-001892,Germany,P1,Ocean,2026-10,34,Low,
LANE-013760,Spain,P8,Air,2025-10,2,Low,3.7
LANE-015921,Thailand,P12,Truck,2026-03,4,High,1.3
LANE-009432,Turkey,P1,Ocean,2026-04,22,Low,0.72
LANE-013843,Spain,P9,Air,2025-05,3,Low,2.57
LANE-007754,South Korea,P4,Ocean,2025-10,34,Medium,0.75
LANE-005678,Brazil,P3,Truck,2025-02,5,Low,1.39
LANE-011389,Canada,P2,Air,2026-03,2,Low,2.87
LANE-003659,India,P1,Rail,2025-07,13,Medium,0.92
LANE-011798,Canada,P8,Truck,2025-06,4,Medium,1.09
LANE-009927,Turkey,P7,Ocean,2025-05,32,Low,0.82
LANE-015946,Thailand,P12,Rail,2026-06,11,Medium,1.04
LANE-007983,South Korea,P7,Truck,2026-07,5,Low,0.91
LANE-012328,France,P2,Truck,2025-08,5,Medium,1.55
LANE-008878,Italy,P6,Truck,2025-12,5,Medium,1.16
LANE-012338,France,P2,Truck,2026-06,5,Medium,0.8
LANE-012590,France,P5,Ocean,2025-06,31,Low,0.46
LANE-013781,Spain,P9,Truck,2025-09,5,Low,1.35
LANE-006610,Japan,P2,Rail,2025-10,9,Medium,0.84
LANE-011534,Canada,P4,Air,2025-06,3,Low,3.33
LANE-013780,Spain,P9,Truck,2025-08,5,Low,0.9
LANE-011428,Canada,P3,Rail,2025-10,8,Low,0.99
LANE-007757,South Korea,P4,Ocean,2026-01,32,Medium,0.83
LANE-006163,Brazil,P9,Truck,2025-03,5,Medium,1.47
LANE-004740,Poland,P3,Rail,2025-10,13,Medium,1.17
LANE-010153,Turkey,P10,Air,2025-11,3,Low,2.6
LANE-007045,Japan,P7,Ocean,2025-05,30,High,
LANE-003937,India,P5,Truck,2026-09,5,Medium,1.43
LANE-009568,Turkey,P3,Truck,2026-08,5,Medium,1.25
LANE-009106,Italy,P8,Ocean,2026-08,23,Low,0.51
LANE-015534,Thailand,P7,Ocean,2025-02,21,Low,0.83
LANE-016573,United Kingdom,P8,Truck,2025-07,5,Medium,1.39
LANE-003316,China,P8,Truck,2026-04,2,Low,1.06
LANE-012582,France,P5,Rail,2026-08,13,Medium,0.81
LANE-000406,United States,P6,Ocean,2025-10,27,Low,0.86
LANE-008633,Italy,P3,Truck,2025-09,4,Low,
LANE-005360,Poland,P11,Rail,2026-02,14,High,0.8
LANE-006936,Japan,P6,Rail,2025-06,14,Medium,0.78
LANE-007936,South Korea,P6,Ocean,2026-04,18,Medium,0.54
LANE-001043,Mexico,P3,Truck,2025-09,4,Low,1.05
LANE-014089,Czech Republic,P1,Truck,2025-09,4,Low,
LANE-000550,United States,P8,Truck,2026-10,3,High,
LANE-011262,Canada,P1,Truck,2026-08,6,Low,0.97
LANE-011352,Canada,P2,Rail,2026-10,13,Medium,0.71
LANE-012434,France,P3,Ocean,2025-04,35,Low,0.58
LANE-007689,South Korea,P3,Ocean,2025-11,22,High,0.62
LANE-015372,Thailand,P5,Rail,2026-04,12,Low,0.79
LANE-010422,Vietnam,P2,Truck,2026-04,5,Low,0.88
LANE-015885,Thailand,P11,Air,2025-01,2,Medium,2.21
LANE-010700,Vietnam,P5,Air,2025-08,3,Medium,2.46
LANE-001472,Mexico,P8,Ocean,2026-08,32,Low,0.63
LANE-014502,Czech Republic,P6,Rail,2025-04,11,Medium,1.23
LANE-000714,United States,P10,Rail,2025-10,7,Low,1.14
LANE-006454,Brazil,P12,Ocean,2025-08,28,Low,0.58
LANE-011655,Canada,P6,Truck,2026-05,4,Low,1.15
LANE-006852,Japan,P5,Rail,2025-10,12,Low,0.69
LANE-010727,Vietnam,P6,Truck,2026-01,5,Low,0.91
LANE-011459,Canada,P3,Air,2026-07,1,Low,2.75
LANE-003296,China,P7,Air,2026-06,2,Low,3.29
LANE-005631,Brazil,P2,Rail,2026-09,8,Low,0.92
LANE-004987,Poland,P6,Truck,2026-03,5,Low,0.83
LANE-015545,Thailand,P7,Ocean,2026-01,27,Low,0.67
LANE-001222,Mexico,P5,Ocean,2025-12,20,Low,0.61
LANE-010116,Turkey,P10,Rail,2026-06,9,Medium,
LANE-012146,Canada,P12,Truck,2025-02,5,High,1.45
LANE-005927,Brazil,P6,Truck,2025-09,5,Low,1.15
LANE-005013,Poland,P6,Rail,2026-07,9,Medium,0.79
LANE-013528,Spain,P5,Ocean,2026-08,25,Low,0.65
LANE-006276,Brazil,P10,Rail,2025-06,11,Low,0.76
LANE-014276,Czech Republic,P3,Truck,2026-08,4,Medium,1.46
LANE-009248,Italy,P11,Truck,2025-08,5,Low,1.0
LANE-012088,Canada,P11,Rail,2025-10,12,Low,0.76
LANE-011938,Canada,P9,Ocean,2026-02,24,High,0.86
LANE-010304,Turkey,P12,Ocean,2025-08,26,Low,0.82
LANE-011438,Canada,P3,Rail,2026-08,7,Low,1.04
LANE-011939,Canada,P9,Ocean,2026-03,27,High,0.78
LANE-010982,Vietnam,P9,Ocean,2025-04,28,Low,
LANE-004299,India,P9,Air,2025-09,1,Medium,4.1
LANE-004220,India,P8,Rail,2026-06,14,Medium,1.08
LANE-015690,Thailand,P9,Rail,2025-04,10,Low,0.69
LANE-002785,China,P2,Truck,2026-01,6,Medium,1.13
LANE-009300,Italy,P11,Ocean,2026-04,27,Low,0.85
LANE-015660,Thailand,P8,Air,2026-06,3,Low,3.84
LANE-016970,United Kingdom,P12,Air,2025-08,2,Low,3.35
LANE-001044,Mexico,P3,Truck,2025-10,5,Low,1.23
LANE-014311,Czech Republic,P3,Ocean,2025-11,27,Medium,0.75
LANE-009350,Italy,P12,Rail,2026-10,13,Low,1.01
LANE-014599,Czech Republic,P7,Ocean,2026-01,29,Medium,
LANE-008685,Italy,P3,Ocean,2026-05,37,High,0.81
LANE-004077,India,P6,Air,2025-07,3,High,4.12
LANE-011476,Canada,P4,Truck,2026-02,6,Low,0.97
LANE-001236,Mexico,P5,Air,2025-04,3,High,3.33
LANE-001299,Mexico,P6,Ocean,2025-01,35,Low,0.63
LANE-001269,Mexico,P6,Truck,2026-03,3,Low,1.37
LANE-001928,Germany,P2,Truck,2026-02,4,Low,0.89
LANE-003721,India,P2,Truck,2025-03,5,Low,
LANE-012071,Canada,P11,Truck,2026-03,6,Medium,0.87
LANE-002734,China,P1,Rail,2025-06,10,Medium,0.99
LANE-013802,Spain,P9,Rail,2025-08,13,Low,
LANE-010372,Vietnam,P1,Ocean,2025-10,23,Low,0.83
LANE-000863,United States,P12,Air,2025-05,2,Low,2.74
LANE-007264,Japan,P10,Rail,2025-04,11,Medium,0.96
LANE-003681,India,P1,Ocean,2025-07,28,Low,0.77
LANE-014458,Czech Republic,P5,Air,2025-04,3,Low,2.99
LANE-010361,Vietnam,P1,Rail,2026-09,13,Low,0.66
LANE-006358,Brazil,P11,Truck,2026-10,5,Medium,1.58
LANE-013566,Spain,P6,Rail,2026-02,13,Low,1.04
LANE-005540,Brazil,P1,Rail,2026-06,14,Medium,0.95
LANE-008972,Italy,P7,Truck,2026-06,6,High,1.08
LANE-009717,Turkey,P5,Truck,2026-03,4,High,1.17
LANE-002438,Germany,P9,Rail,2026-06,12,Low,1.21
LANE-007713,South Korea,P4,Truck,2026-01,3,Low,0.86
LANE-003328,China,P8,Rail,2025-06,6,High,0.81
LANE-008755,Italy,P4,Rail,2026-09,11,Low,0.81
LANE-009311,Italy,P12,Truck,2025-05,4,High,0.83
LANE-003532,China,P11,Rail,2025-12,12,Medium,1.0
LANE-012478,France,P4,Truck,2025-04,1,Low,1.06
LANE-008374,South Korea,P11,Air,2026-02,3,Medium,3.22
LANE-008469,South Korea,P12,Air,2026-09,2,Medium,3.96
LANE-012767,France,P8,Truck,2025-07,6,Medium,
LANE-007474,Japan,P12,Air,2026-04,2,Medium,3.9
LANE-008141,South Korea,P9,Rail,2025-01,10,High,1.02
LANE-011448,Canada,P3,Air,2025-08,1,Low,3.28
LANE-009765,Turkey,P5,Ocean,2026-07,23,Low,0.71
LANE-013983,Spain,P11,Ocean,2026-01,28,Low,0.76
LANE-008904,Italy,P6,Rail,2026-04,14,Low,0.79
LANE-013384,Spain,P4,Truck,2025-08,4,Low,0.85
LANE-011489,Canada,P4,Rail,2025-05,15,Medium,1.14
LANE-016024,United Kingdom,P1,Rail,2025-08,10,High,0.67
LANE-001876,Germany,P1,Ocean,2025-06,29,Low,0.84
LANE-003175,China,P6,Ocean,2025-07,29,Medium,0.54
LANE-012531,France,P4,Air,2026-01,1,High,4.15
LANE-004645,Poland,P2,Rail,2025-03,13,Low,1.13
LANE-011013,Vietnam,P10,Truck,2026-01,5,Medium,1.49
LANE-016277,United Kingdom,P4,Rail,2026-07,11,Low,1.27
LANE-015426,Thailand,P6,Rail,2025-04,14,Low,
LANE-009876,Turkey,P6,Air,2026-08,3,Low,3.78
LANE-016890,United Kingdom,P11,Ocean,2026-04,31,Low,0.45
LANE-003468,China,P10,Rail,2026-02,12,Low,0.9
LANE-016958,United Kingdom,P12,Ocean,2026-06,31,Low,
LANE-002388,Germany,P8,Air,2025-12,2,Low,4.09
LANE-006566,Japan,P1,Air,2025-10,1,High,3.41
LANE-001732,Mexico,P11,Ocean,2026-04,32,High,0.59
LANE-007736,South Korea,P4,Rail,2026-02,10,Low,0.87
LANE-003525,China,P11,Rail,2025-05,15,Medium,0.72
LANE-007806,South Korea,P5,Truck,2026-06,4,Low,0.97
LANE-010987,Vietnam,P9,Ocean,2025-09,31,Low,
LANE-003735,India,P2,Truck,2026-05,5,Low,1.16
LANE-008594,Italy,P2,Rail,2026-02,16,Low,1.2
LANE-005072,Poland,P7,Rail,2025-12,11,Low,1.28
LANE-010948,Vietnam,P9,Truck,2026-02,5,Medium,1.36
LANE-003797,India,P3,Truck,2026-01,4,Low,1.13
LANE-014657,Czech Republic,P8,Rail,2025-05,11,Medium,0.91
LANE-012345,France,P2,Rail,2025-03,11,Low,1.22
LANE-016572,United Kingdom,P8,Truck,2025-06,5,Medium,1.46
LANE-011928,Canada,P9,Ocean,2025-04,30,High,0.61
LANE-015934,Thailand,P12,Rail,2025-06,14,Medium,1.21
LANE-003785,India,P3,Truck,2025-01,5,Low,
LANE-003760,India,P2,Rail,2026-08,14,Low,
LANE-012311,France,P1,Air,2026-01,2,Medium,2.4
LANE-014168,Czech Republic,P1,Air,2026-10,3,Low,3.63
LANE-014183,Czech Republic,P2,Truck,2026-03,5,Low,0.85
LANE-008307,South Korea,P11,Truck,2026-01,4,Low,1.02
LANE-008018,South Korea,P7,Ocean,2025-10,30,Low,0.79
LANE-012609,France,P6,Truck,2025-03,3,Medium,1.17
LANE-005687,Brazil,P3,Truck,2025-11,6,Low,1.08
LANE-006436,Brazil,P12,Rail,2025-12,13,Medium,1.27
LANE-009380,Turkey,P1,Truck,2025-08,4,Medium,
LANE-014831,Czech Republic,P10,Rail,2025-03,14,Low,1.26
LANE-012010,Canada,P10,Rail,2026-08,13,Low,1.05
LANE-013907,Spain,P10,Ocean,2025-03,27,Low,0.57
LANE-001743,Mexico,P11,Air,2025-05,2,Low,2.47
LANE-006403,Brazil,P12,Truck,2025-01,4,Medium,1.56
LANE-010376,Vietnam,P1,Ocean,2026-02,20,Low,0.8
LANE-013703,Spain,P8,Truck,2026-07,5,Medium,1.17
LANE-009221,Italy,P10,Ocean,2025-03,19,Low,0.53
LANE-008910,Italy,P6,Rail,2026-10,11,Low,1.23
LANE-006479,Brazil,P12,Air,2025-11,3,Low,3.51
LANE-005387,Poland,P11,Ocean,2026-07,29,Medium,0.77
LANE-005661,Brazil,P2,Air,2025-07,2,Low,2.36
LANE-003492,China,P10,Ocean,2026-04,23,Low,0.88
LANE-000003,United States,P1,Truck,2025-03,1,Low,1.25
LANE-016739,United Kingdom,P9,Air,2026-07,2,Medium,3.5
LANE-002669,Germany,P12,Ocean,2025-07,28,Low,0.84
LANE-009629,Turkey,P3,Air,2026-03,3,Low,2.75
LANE-008110,South Korea,P8,Air,2026-02,3,Low,3.46
LANE-009874,Turkey,P6,Air,2026-06,3,Low,3.19
LANE-006108,Brazil,P8,Rail,2026-02,10,Low,0.86
LANE-004506,India,P12,Rail,2026-06,9,Medium,0.64
LANE-004364,India,P10,Ocean,2025-08,21,Medium,0.55
LANE-000770,United States,P11,Truck,2026-10,1,Medium,1.19
LANE-002056,Germany,P4,Truck,2025-10,6,Low,1.15
LANE-008925,Italy,P6,Ocean,2026-03,25,Low,0.56
LANE-015908,Thailand,P12,Truck,2025-02,4,High,1.57
LANE-002431,Germany,P9,Rail,2025-11,9,Low,0.89
LANE-009262,Italy,P11,Truck,2026-10,6,Low,1.48
LANE-004585,Poland,P1,Rail,2025-09,13,High,0.97
LANE-013170,Spain,P1,Rail,2026-02,9,Medium,1.17
LANE-001998,Germany,P3,Truck,2026-06,6,Medium,0.83
LANE-007430,Japan,P12,Rail,2026-04,12,Medium,1.14
LANE-004032,India,P6,Rail,2025-06,10,Medium,0.8
LANE-008733,Italy,P4,Truck,2026-09,4,Medium,1.36
LANE-004295,India,P9,Air,2025-05,1,Medium,3.73
LANE-009293,Italy,P11,Ocean,2025-09,33,Low,0.52
LANE-002185,Germany,P6,Truck,2025-07,6,Low,1.41
LANE-001437,Mexico,P8,Rail,2025-07,12,Low,0.67
LANE-015466,Thailand,P6,Ocean,2026-10,31,High,0.45
LANE-004059,India,P6,Ocean,2025-11,33,Medium,0.5
LANE-008157,South Korea,P9,Rail,2026-05,11,High,1.26
LANE-001526,Mexico,P9,Rail,2025-08,11,Low,
LANE-000028,United States,P1,Rail,2025-06,7,Low,0.83
LANE-011290,Canada,P1,Ocean,2025-04,30,Low,
LANE-010488,Vietnam,P3,Truck,2026-04,4,Medium,0.91
LANE-001963,Germany,P2,Ocean,2025-05,32,Low,0.6
LANE-012787,France,P8,Rail,2025-05,10,Medium,1.21
LANE-003213,China,P7,Truck,2025-01,5,Low,1.39
LANE-016554,United Kingdom,P7,Air,2025-10,4,Medium,3.73
LANE-011279,Canada,P1,Rail,2026-03,13,Medium,1.17
LANE-010841,Vietnam,P7,Rail,2026-05,14,Low,1.04
LANE-009605,Turkey,P3,Ocean,2026-01,30,Low,0.57
LANE-012122,Canada,P11,Ocean,2026-10,24,Low,0.55
LANE-000488,United States,P7,Ocean,2025-04,26,Medium,0.73
LANE-008999,Italy,P7,Ocean,2025-01,27,Medium,0.64
LANE-003103,China,P5,Air,2025-01,1,Low,2.8
LANE-016933,United Kingdom,P12,Rail,2026-03,12,Medium,0.94
LANE-009764,Turkey,P5,Ocean,2026-06,28,Low,
LANE-002161,Germany,P5,Air,2025-05,1,Low,2.55
LANE-005906,Brazil,P5,Air,2025-10,3,Low,2.68
LANE-003260,China,P7,Ocean,2025-04,29,Low,0.47
LANE-010588,Vietnam,P4,Ocean,2025-06,27,Low,0.84
LANE-002616,Germany,P11,Air,2026-08,3,Low,2.59
LANE-005903,Brazil,P5,Air,2025-07,2,Low,3.29
LANE-015379,Thailand,P5,Ocean,2025-01,28,Medium,0.55
LANE-011572,Canada,P5,Truck,2026-10,6,High,0.99
LANE-009767,Turkey,P5,Ocean,2026-09,28,Low,0.73
LANE-012795,France,P8,Rail,2026-01,11,Medium,1.12
LANE-009844,Turkey,P6,Ocean,2025-10,34,Low,0.87
LANE-009758,Turkey,P5,Ocean,2025-12,24,Low,0.48
LANE-014212,Czech Republic,P2,Rail,2026-10,12,Low,0.83
LANE-004639,Poland,P2,Truck,2026-07,5,Low,1.02
LANE-011617,Canada,P5,Air,2025-01,2,Low,3.08
LANE-009141,Italy,P9,Rail,2025-11,13,High,0.82
LANE-010665,Vietnam,P5,Rail,2026-05,13,Low,1.24
LANE-008419,South Korea,P12,Rail,2026-03,10,Low,0.72
LANE-002109,Germany,P4,Ocean,2026-07,24,High,0.6
LANE-013806,Spain,P9,Rail,2025-12,14,Low,0.78
LANE-007992,South Korea,P7,Rail,2025-06,11,Low,0.84
LANE-009907,Turkey,P7,Rail,2025-07,11,Low,0.89
LANE-003246,China,P7,Rail,2025-12,11,Medium,
LANE-010030,Turkey,P9,Truck,2026-08,4,High,1.51
LANE-012717,France,P7,Ocean,2025-01,30,Low,0.62
LANE-013520,Spain,P5,Ocean,2025-12,25,Low,0.67
LANE-003558,China,P11,Ocean,2026-04,29,Low,0.63
LANE-007994,South Korea,P7,Rail,2025-08,13,Low,1.0
LANE-013021,France,P11,Truck,2026-07,5,Medium,1.53
LANE-010857,Vietnam,P7,Ocean,2025-11,35,Low,0.5
LANE-008156,South Korea,P9,Rail,2026-04,12,High,0.94
LANE-010561,Vietnam,P4,Rail,2025-01,10,Low,0.84
LANE-005852,Brazil,P5,Truck,2026-10,4,Low,
LANE-010799,Vietnam,P6,Air,2026-07,3,Low,3.69
LANE-011574,Canada,P5,Rail,2025-02,10,Low,1.24
LANE-005891,Brazil,P5,Ocean,2026-05,25,Low,
LANE-014188,Czech Republic,P2,Truck,2026-08,5,Low,1.0
LANE-013201,Spain,P2,Truck,2025-01,6,Low,1.17
LANE-007768,South Korea,P4,Air,2025-02,2,Low,3.39
LANE-000318,United States,P5,Rail,2025-10,15,Low,0.66
LANE-007387,Japan,P11,Ocean,2026-05,31,Low,0.76
LANE-014873,Czech Republic,P10,Air,2025-01,2,Low,3.31
LANE-004733,Poland,P3,Rail,2025-03,8,Medium,1.25
LANE-012939,France,P10,Truck,2025-03,5,Medium,0.81
LANE-016979,United Kingdom,P12,Air,2026-05,3,Low,2.81
LANE-007428,Japan,P12,Rail,2026-02,13,Medium,0.81
LANE-015356,Thailand,P5,Truck,2026-10,5,Low,1.29
LANE-013124,France,P12,Ocean,2025-12,26,High,0.69
LANE-010556,Vietnam,P4,Truck,2026-06,6,Medium,1.49
LANE-001808,Mexico,P12,Ocean,2025-04,18,High,0.71
LANE-005342,Poland,P11,Truck,2026-06,4,Low,0.97
LANE-002215,Germany,P6,Rail,2026-03,10,Low,1.09
LANE-010549,Vietnam,P4,Truck,2025-11,4,Medium,0.85
LANE-009562,Turkey,P3,Truck,2026-02,4,Medium,0.92
LANE-004654,Poland,P2,Rail,2025-12,14,Low,1.0
LANE-004116,India,P7,Rail,2025-02,13,High,1.05
LANE-012360,France,P2,Rail,2026-06,14,Low,0.68
LANE-014578,Czech Republic,P7,Rail,2026-02,12,Low,1.19
LANE-009711,Turkey,P5,Truck,2025-09,5,High,1.5
LANE-015100,Thailand,P1,Ocean,2025-08,27,High,0.81
LANE-010975,Vietnam,P9,Rail,2026-07,9,Medium,0.67
LANE-006063,Brazil,P7,Air,2026-01,1,High,3.68
LANE-007471,Japan,P12,Air,2026-01,3,Medium,4.15
LANE-009081,Italy,P8,Rail,2026-05,13,Medium,1.0
LANE-012195,Canada,P12,Ocean,2025-07,29,Medium,0.47
LANE-007424,Japan,P12,Rail,2025-10,15,Medium,0.93
LANE-015004,Czech Republic,P12,Rail,2026-10,13,Medium,1.26
LANE-015386,Thailand,P5,Ocean,2025-08,28,Medium,0.75
LANE-010957,Vietnam,P9,Rail,2025-01,10,Medium,0.76
LANE-012576,France,P5,Rail,2026-02,13,Medium,0.9
LANE-009999,Turkey,P8,Ocean,2025-11,24,Medium,0.82
LANE-016643,United Kingdom,P8,Air,2025-11,3,Low,2.41
LANE-008974,Italy,P7,Truck,2026-08,4,High,0.85
LANE-003134,China,P6,Truck,2025-10,4,Low,1.0
LANE-001997,Germany,P3,Truck,2026-05,4,Medium,1.12
LANE-005184,Poland,P8,Ocean,2026-02,28,Low,0.85
LANE-007334,Japan,P11,Truck,2025-08,5,Low,1.54
LANE-007660,South Korea,P3,Rail,2025-04,12,Medium,1.14
LANE-009684,Turkey,P4,Ocean,2025-04,38,Medium,0.63
LANE-011981,Canada,P10,Truck,2026-01,5,Medium,1.43
LANE-011645,Canada,P6,Truck,2025-07,5,Low,0.87
LANE-008478,Italy,P1,Truck,2025-08,4,Medium,1.03
LANE-000389,United States,P6,Rail,2026-03,14,Medium,0.97
LANE-000554,United States,P8,Rail,2025-04,12,Low,0.71
LANE-001514,Mexico,P9,Truck,2026-06,5,Low,1.59
LANE-000608,United States,P9,Truck,2026-02,5,Low,1.07
LANE-013756,Spain,P8,Air,2025-06,3,Low,2.18
LANE-012123,Canada,P11,Air,2025-01,3,Low,4.04
LANE-000202,United States,P4,Truck,2025-04,5,Low,1.16
LANE-001748,Mexico,P11,Air,2025-10,2,Low,2.51
LANE-016901,United Kingdom,P12,Truck,2025-05,4,High,0.93
LANE-008995,Italy,P7,Rail,2026-07,11,High,0.95
LANE-003467,China,P10,Rail,2026-01,10,Low,0.93
LANE-001606,Mexico,P10,Truck,2026-10,4,Low,0.96
LANE-001880,Germany,P1,Ocean,2025-10,29,Low,0.51
LANE-016342,United Kingdom,P5,Truck,2026-06,5,Low,
LANE-010195,Turkey,P11,Rail,2025-09,10,Low,0.73
LANE-009807,Turkey,P6,Truck,2026-05,4,Medium,1.27
LANE-011481,Canada,P4,Truck,2026-07,4,Low,1.02
LANE-004039,India,P6,Rail,2026-01,15,Medium,0.77
LANE-000638,United States,P9,Rail,2026-10,10,Low,1.24
LANE-002368,Germany,P8,Ocean,2026-02,20,Medium,0.53
LANE-012800,France,P8,Rail,2026-06,9,Medium,0.65
LANE-012929,France,P9,Air,2026-03,2,Medium,3.15
LANE-003645,India,P1,Truck,2026-03,4,Medium,1.59
LANE-005813,Brazil,P4,Ocean,2025-05,28,Medium,0.46
LANE-008946,Italy,P6,Air,2026-02,2,Low,4.02
LANE-000305,United States,P5,Truck,2026-07,4,High,1.21
LANE-010302,Turkey,P12,Ocean,2025-06,26,Low,0.46
LANE-010795,Vietnam,P6,Air,2026-03,2,Low,2.74
LANE-014112,Czech Republic,P1,Rail,2025-10,14,Low,0.79
LANE-010398,Vietnam,P1,Air,2026-02,2,Medium,2.79
LANE-004436,India,P11,Rail,2026-02,9,Low,1.08
LANE-012259,France,P1,Rail,2025-05,11,Low,1.0
LANE-010751,Vietnam,P6,Rail,2026-03,12,Medium,0.64
LANE-010235,Turkey,P11,Air,2025-05,3,High,4.01
LANE-016695,United Kingdom,P9,Rail,2026-07,12,High,1.05
LANE-004018,India,P6,Truck,2026-02,4,Low,1.52
LANE-014040,Spain,P12,Ocean,2025-04,26,Medium,0.73
LANE-001180,Mexico,P5,Truck,2026-02,4,Low,1.5
LANE-004744,Poland,P3,Rail,2026-02,12,Medium,0.92
LANE-015711,Thailand,P9,Ocean,2025-03,27,High,0.48
LANE-004519,India,P12,Ocean,2025-09,28,Low,0.55
LANE-007897,South Korea,P6,Truck,2026-09,5,High,1.08
LANE-014446,Czech Republic,P5,Ocean,2026-02,24,High,0.86
LANE-008339,South Korea,P11,Ocean,2025-01,24,Low,0.85
LANE-013677,Spain,P7,Ocean,2026-03,35,High,0.73
LANE-016556,United Kingdom,P7,Air,2025-12,2,Medium,2.42
LANE-011429,Canada,P3,Rail,2025-11,11,Low,1.02
LANE-002748,China,P1,Rail,2026-08,9,Medium,0.75
LANE-005725,Brazil,P3,Ocean,2025-05,21,Medium,0.52
LANE-010532,Vietnam,P3,Ocean,2026-04,23,Low,0.8
LANE-002641,Germany,P12,Rail,2025-01,8,Medium,1.01
LANE-016304,United Kingdom,P4,Air,2025-02,2,Low,2.57
LANE-010405,Vietnam,P1,Air,2026-09,3,Medium,2.39
LANE-013459,Spain,P4,Air,2026-05,3,Low,4.04
LANE-001216,Mexico,P5,Ocean,2025-06,31,Low,0.88
LANE-014875,Czech Republic,P10,Air,2025-03,2,Low,3.82
LANE-001414,Mexico,P8,Truck,2025-06,5,Low,1.26
LANE-004456,India,P11,Ocean,2025-12,30,Low,0.49
LANE-010823,Vietnam,P7,Truck,2026-09,4,Low,
LANE-012565,France,P5,Rail,2025-03,11,Medium,0.73
LANE-004516,India,P12,Ocean,2025-06,30,Low,0.73
LANE-008945,Italy,P6,Air,2026-01,2,Low,2.71
LANE-001466,Mexico,P8,Ocean,2026-02,24,Low,0.62
LANE-002733,China,P1,Rail,2025-05,11,Medium,0.74
LANE-014592,Czech Republic,P7,Ocean,2025-06,28,Medium,0.55
LANE-013731,Spain,P8,Ocean,2025-03,28,Medium,0.72
LANE-000985,Mexico,P2,Rail,2026-05,12,Low,0.86
LANE-009184,Italy,P10,Truck,2025-10,4,Low,1.46
LANE-000366,United States,P6,Truck,2026-02,5,Low,1.09
LANE-012076,Canada,P11,Truck,2026-08,5,Medium,0.83
LANE-005268,Poland,P9,Ocean,2025-10,23,Medium,0.49
LANE-000074,United States,P2,Rail,2025-08,7,Low,1.26
LANE-000387,United States,P6,Rail,2026-01,11,Medium,1.25
LANE-014812,Czech Republic,P10,Truck,2025-06,3,Low,0.96
LANE-004984,Poland,P6,Truck,2025-12,6,Low,1.06
LANE-007360,Japan,P11,Rail,2025-12,10,High,0.81
LANE-011998,Canada,P10,Rail,2025-08,13,Low,0.96
LANE-006056,Brazil,P7,Air,2025-06,1,High,2.28
LANE-013190,Spain,P1,Ocean,2025-12,29,Low,0.6
LANE-003210,China,P6,Air,2026-08,3,Medium,2.4
LANE-007313,Japan,P10,Air,2025-09,2,Medium,2.6
LANE-003198,China,P6,Air,2025-08,2,Medium,3.57
LANE-006089,Brazil,P8,Truck,2026-05,5,Medium,1.14
LANE-013764,Spain,P8,Air,2026-02,2,Low,2.71
LANE-015924,Thailand,P12,Truck,2026-06,5,High,1.27
LANE-011353,Canada,P2,Ocean,2025-01,25,Medium,0.85
LANE-006537,Japan,P1,Ocean,2025-03,22,Low,
LANE-005775,Brazil,P4,Truck,2025-11,4,High,1.3
LANE-001841,Germany,P1,Truck,2026-03,3,Low,0.99
LANE-007404,Japan,P12,Truck,2025-12,5,Medium,0.89
LANE-005781,Brazil,P4,Truck,2026-05,4,High,1.43
LANE-008644,Italy,P3,Truck,2026-08,6,Low,1.51
LANE-009250,Italy,P11,Truck,2025-10,5,Low,1.49
LANE-000035,United States,P1,Rail,2026-01,11,Low,1.08
LANE-014917,Czech Republic,P11,Rail,2025-01,11,Low,1.17
LANE-016969,United Kingdom,P12,Air,2025-07,2,Low,3.03
LANE-011409,Canada,P3,Truck,2026-01,1,Low,0.9
LANE-011436,Canada,P3,Rail,2026-06,9,Low,1.16
LANE-011691,Canada,P6,Ocean,2025-09,19,Low,0.78
LANE-004640,Poland,P2,Truck,2026-08,5,Low,1.06
LANE-012445,France,P3,Ocean,2026-03,30,Low,0.52
LANE-016312,United Kingdom,P4,Air,2025-10,1,Low,2.13
LANE-000814,United States,P12,Truck,2026-10,4,Medium,0.88
LANE-006237,Brazil,P9,Air,2025-11,3,Low,2.36
LANE-011437,Canada,P3,Rail,2026-07,7,Low,
LANE-004723,Poland,P3,Truck,2026-03,5,Low,0.85
LANE-006991,Japan,P6,Air,2026-05,2,Medium,3.58
LANE-016477,United Kingdom,P6,Ocean,2026-09,27,Low,0.55
LANE-011440,Canada,P3,Rail,2026-10,9,Low,0.9
LANE-005868,Brazil,P5,Rail,2026-04,11,Medium,0.65
LANE-013596,Spain,P6,Ocean,2026-10,27,Low,0.69
LANE-000260,United States,P4,Ocean,2026-06,27,Low,
LANE-009940,Turkey,P7,Ocean,2026-06,30,Low,0.74
LANE-003704,India,P1,Air,2025-08,3,Low,3.65
LANE-000523,United States,P7,Air,2026-05,2,Medium,3.79
LANE-000862,United States,P12,Air,2025-04,2,Low,3.76
LANE-016109,United Kingdom,P2,Rail,2025-05,8,High,1.24
LANE-006305,Brazil,P10,Ocean,2026-01,29,Medium,0.51
LANE-004804,Poland,P4,Truck,2025-08,4,Medium,1.38
LANE-001649,Mexico,P10,Ocean,2026-09,37,Low,0.76
LANE-015328,Thailand,P4,Air,2026-04,2,Low,3.19
LANE-002741,China,P1,Rail,2026-01,13,Medium,0.91
LANE-016644,United Kingdom,P8,Air,2025-12,2,Low,2.24
LANE-002339,Germany,P8,Rail,2025-07,14,Low,1.12
LANE-010740,Vietnam,P6,Rail,2025-04,13,Medium,0.89
LANE-014937,Czech Republic,P11,Rail,2026-09,11,Low,1.01
LANE-006219,Brazil,P9,Ocean,2026-03,27,Low,0.51
LANE-011989,Canada,P10,Truck,2026-09,5,Medium,1.3
LANE-006741,Japan,P4,Truck,2025-09,4,Low,1.19
LANE-001945,Germany,P2,Rail,2025-09,8,Low,1.27
LANE-000590,United States,P8,Ocean,2026-06,27,Medium,0.78
LANE-012542,France,P5,Truck,2025-02,5,Medium,1.15
LANE-013612,Spain,P6,Air,2026-04,2,Medium,3.69
LANE-012891,France,P9,Rail,2026-09,14,Medium,0.84
LANE-002804,China,P2,Rail,2025-10,11,Low,1.04
LANE-014043,Spain,P12,Ocean,2025-07,28,Medium,0.82
LANE-003015,China,P4,Air,2025-01,2,Medium,2.49
LANE-004734,Poland,P3,Rail,2025-04,9,Medium,1.11
LANE-009399,Turkey,P1,Rail,2025-05,9,Medium,1.06
LANE-013180,Spain,P1,Ocean,2025-02,29,Low,0.79
LANE-000688,United States,P10,Truck,2025-06,5,Low,1.4
LANE-002576,Germany,P11,Ocean,2025-02,29,Low,0.66
LANE-010662,Vietnam,P5,Rail,2026-02,12,Low,1.13
LANE-015814,Thailand,P10,Ocean,2026-06,30,Low,0.85
LANE-010569,Vietnam,P4,Rail,2025-09,11,Low,1.04
LANE-005285,Poland,P10,Truck,2025-05,1,Medium,1.32
LANE-005435,Poland,P12,Rail,2025-01,13,Low,1.09
LANE-007233,Japan,P9,Ocean,2026-05,28,Low,0.78
LANE-004775,Poland,P3,Air,2025-01,3,Low,2.58
LANE-004603,Poland,P1,Ocean,2025-05,23,Medium,0.6
LANE-007398,Japan,P12,Truck,2025-06,6,Medium,1.04
LANE-011204,Vietnam,P12,Rail,2025-06,10,High,1.04
LANE-001257,Mexico,P6,Truck,2025-03,5,Low,1.46
LANE-013234,Spain,P2,Rail,2025-12,14,Medium,0.91
LANE-003786,India,P3,Truck,2025-02,2,Low,0.91
LANE-012464,France,P3,Air,2025-12,2,Medium,
LANE-001245,Mexico,P5,Air,2026-01,2,High,3.3
LANE-015102,Thailand,P1,Ocean,2025-10,25,High,0.49
LANE-007190,Japan,P9,Truck,2026-06,4,High,1.59
LANE-009682,Turkey,P4,Ocean,2025-02,27,Medium,0.46
LANE-009546,Turkey,P2,Air,2026-08,2,Medium,3.59
LANE-008484,Italy,P1,Truck,2026-02,5,Medium,0.96
LANE-016571,United Kingdom,P8,Truck,2025-05,6,Medium,0.96
LANE-007848,South Korea,P5,Ocean,2026-04,29,Medium,0.66
LANE-014461,Czech Republic,P5,Air,2025-07,2,Low,3.47
LANE-004904,Poland,P5,Truck,2026-08,6,High,0.8
LANE-006768,Japan,P4,Rail,2026-02,14,Low,0.69
LANE-000230,United States,P4,Rail,2025-10,10,Low,0.98
LANE-002464,Germany,P9,Ocean,2026-10,24,Low,0.69
LANE-001551,Mexico,P9,Ocean,2025-11,22,Low,0.44
LANE-009028,Italy,P7,Air,2025-08,3,Medium,3.19
LANE-002282,Germany,P7,Rail,2026-04,13,Low,1.15
LANE-016763,United Kingdom,P10,Truck,2026-09,4,Low,1.53
LANE-005352,Poland,P11,Rail,2025-06,14,High,0.92
LANE-004358,India,P10,Ocean,2025-02,31,Medium,0.48
LANE-009277,Italy,P11,Rail,2026-03,11,Low,1.08
LANE-004084,India,P6,Air,2026-02,3,High,2.55
LANE-011173,Vietnam,P11,Air,2026-07,3,Medium,2.8
LANE-006970,Japan,P6,Ocean,2026-06,31,Low,0.58
LANE-004783,Poland,P3,Air,2025-09,2,Low,3.42
LANE-006866,Japan,P5,Ocean,2025-02,24,Low,0.76
LANE-007265,Japan,P10,Rail,2025-05,10,Medium,0.77
LANE-000516,United States,P7,Air,2025-10,3,Medium,4.05
LANE-002099,Germany,P4,Ocean,2025-09,30,High,0.49
LANE-014356,Czech Republic,P4,Rail,2025-12,11,Medium,1.2
LANE-006076,Brazil,P8,Truck,2025-04,5,Medium,1.09
LANE-008512,Italy,P1,Rail,2026-08,12,Low,1.24
LANE-000749,United States,P11,Truck,2025-01,2,Medium,1.01
LANE-011355,Canada,P2,Ocean,2025-03,22,Medium,0.62
LANE-005901,Brazil,P5,Air,2025-05,3,Low,2.95
LANE-005672,Brazil,P2,Air,2026-06,3,Low,3.69
LANE-012432,France,P3,Ocean,2025-02,31,Low,0.81
LANE-010697,Vietnam,P5,Air,2025-05,3,Medium,2.93
LANE-003012,China,P4,Ocean,2026-08,26,Low,0.66
LANE-016040,United Kingdom,P1,Ocean,2025-02,25,Low,
LANE-005611,Brazil,P2,Rail,2025-01,12,Low,0.73
LANE-011718,Canada,P6,Air,2026-02,2,Low,3.41
LANE-011162,Vietnam,P11,Air,2025-08,3,Medium,2.94
LANE-000098,United States,P2,Air,2025-10,1,Low,3.65
LANE-007366,Japan,P11,Rail,2026-06,10,High,0.97
LANE-003966,India,P5,Ocean,2025-06,32,High,0.85
LANE-001756,Mexico,P11,Air,2026-06,3,Low,2.54
LANE-009405,Turkey,P1,Rail,2025-11,10,Medium,1.2
LANE-012196,Canada,P12,Ocean,2025-08,22,Medium,0.87
LANE-006304,Brazil,P10,Ocean,2025-12,28,Medium,0.45
LANE-009271,Italy,P11,Rail,2025-09,10,Low,1.04
LANE-016764,United Kingdom,P10,Truck,2026-10,5,Low,0.86
LANE-000079,United States,P2,Rail,2026-01,7,Low,0.9
LANE-003996,India,P5,Air,2026-02,3,Low,2.2
LANE-012426,France,P3,Rail,2026-06,14,High,
LANE-013409,Spain,P4,Rail,2025-11,14,Low,1.12
LANE-012450,France,P3,Ocean,2026-08,37,Low,
LANE-016844,United Kingdom,P11,Truck,2026-02,3,Medium,1.37
LANE-005690,Brazil,P3,Truck,2026-02,5,Low,1.27
LANE-004577,Poland,P1,Rail,2025-01,12,High,1.11
LANE-008603,Italy,P2,Ocean,2025-01,27,Low,0.44
LANE-003332,China,P8,Rail,2025-10,9,High,1.22
LANE-006147,Brazil,P8,Air,2025-09,3,High,2.56
LANE-014931,Czech Republic,P11,Rail,2026-03,10,Low,0.7
LANE-010364,Vietnam,P1,Ocean,2025-02,28,Low,0.76
LANE-014234,Czech Republic,P2,Ocean,2026-10,33,Low,0.47
LANE-005142,Poland,P8,Truck,2026-04,5,High,0.99
LANE-013209,Spain,P2,Truck,2025-09,5,Low,1.5
LANE-001319,Mexico,P6,Ocean,2026-09,32,Low,0.83
LANE-016616,United Kingdom,P8,Ocean,2025-06,26,Medium,0.56
LANE-000541,United States,P8,Truck,2026-01,4,High,1.01
LANE-013901,Spain,P10,Rail,2026-07,11,Low,1.16
LANE-000009,United States,P1,Truck,2025-09,2,Low,
LANE-006689,Japan,P3,Ocean,2025-01,29,Medium,0.76
LANE-002036,Germany,P3,Ocean,2025-12,28,Medium,0.85
LANE-005830,Brazil,P4,Ocean,2026-10,33,Medium,0.87
LANE-001668,Mexico,P10,Air,2026-06,2,Low,3.06
LANE-005579,Brazil,P1,Air,2026-01,2,Medium,3.43
LANE-000426,United States,P6,Air,2025-08,2,Low,3.59
LANE-009192,Italy,P10,Truck,2026-06,5,Low,1.05
LANE-015202,Thailand,P3,Truck,2026-10,4,Low,1.42
LANE-003504,China,P11,Truck,2025-06,3,Medium,0.8
LANE-016811,United Kingdom,P10,Air,2025-03,2,Low,2.77
LANE-001022,Mexico,P2,Air,2025-10,3,Low,3.15
LANE-012575,France,P5,Rail,2026-01,13,Medium,0.76
LANE-000719,United States,P10,Rail,2026-03,9,Low,1.08
LANE-016810,United Kingdom,P10,Air,2025-02,3,Low,3.75
LANE-000419,United States,P6,Air,2025-01,3,Low,3.08
LANE-016521,United Kingdom,P7,Rail,2026-09,12,Medium,0.85
LANE-009646,Turkey,P4,Truck,2025-10,6,Low,1.41
LANE-000141,United States,P3,Rail,2025-09,12,Medium,0.91
LANE-015490,Thailand,P7,Truck,2025-02,4,Low,1.53
LANE-013009,France,P11,Truck,2025-07,3,Medium,0.92
LANE-006993,Japan,P6,Air,2026-07,2,Medium,2.69
LANE-004089,India,P6,Air,2026-07,3,High,
LANE-012824,France,P8,Ocean,2026-08,33,Low,0.57
LANE-011183,Vietnam,P12,Truck,2025-07,3,Low,1.14
LANE-000839,United States,P12,Ocean,2025-03,23,Low,0.74
LANE-006538,Japan,P1,Ocean,2025-04,29,Low,0.52
LANE-002726,China,P1,Truck,2026-08,5,Low,1.08
LANE-002965,China,P4,Truck,2026-05,4,Low,1.39
LANE-011298,Canada,P1,Ocean,2025-12,34,Low,
LANE-005535,Brazil,P1,Rail,2026-01,9,Medium,0.92
LANE-010066,Turkey,P9,Ocean,2025-12,21,Low,0.57
LANE-009167,Italy,P9,Ocean,2026-03,27,Low,0.46
LANE-010110,Turkey,P10,Rail,2025-12,12,Medium,0.66
LANE-009810,Turkey,P6,Truck,2026-08,5,Medium,1.34
LANE-013635,Spain,P7,Truck,2026-05,5,Medium,1.57
LANE-012000,Canada,P10,Rail,2025-10,10,Low,0.9
LANE-010042,Turkey,P9,Rail,2025-10,13,Medium,0.74
LANE-004151,India,P7,Ocean,2026-03,31,Low,0.67
LANE-006491,Japan,P1,Truck,2025-01,5,Low,1.11
LANE-011523,Canada,P4,Ocean,2026-05,25,Low,0.77
LANE-011407,Canada,P3,Truck,2025-11,1,Low,1.51
LANE-011556,Canada,P5,Truck,2025-06,4,High,1.47
LANE-001087,Mexico,P3,Ocean,2025-09,31,Medium,0.75
LANE-004951,Poland,P5,Air,2025-01,2,Low,3.37
LANE-001624,Mexico,P10,Rail,2026-06,11,Medium,0.99
LANE-013391,Spain,P4,Truck,2026-03,5,Low,1.48
LANE-008628,Italy,P3,Truck,2025-04,4,Low,1.37
LANE-002551,Germany,P11,Truck,2026-09,6,High,0.85
LANE-015340,Thailand,P5,Truck,2025-06,5,Low,1.12
LANE-012353,France,P2,Rail,2025-11,8,Low,1.04
LANE-007695,South Korea,P3,Ocean,2026-05,23,High,0.52
LANE-004432,India,P11,Rail,2025-10,13,Low,1.14
LANE-011417,Canada,P3,Truck,2026-09,1,Low,
LANE-016187,United Kingdom,P3,Rail,2026-05,11,Low,0.99
LANE-004487,India,P12,Truck,2026-09,5,Medium,0.85
LANE-002335,Germany,P8,Rail,2025-03,14,Low,0.72
LANE-006536,Japan,P1,Ocean,2025-02,24,Low,0.66
LANE-013898,Spain,P10,Rail,2026-04,12,Low,0.86
LANE-006134,Brazil,P8,Ocean,2026-06,27,Low,0.7
LANE-012558,France,P5,Truck,2026-06,6,Medium,1.08
LANE-013786,Spain,P9,Truck,2026-02,5,Low,
LANE-001206,Mexico,P5,Rail,2026-06,12,Medium,0.96
LANE-011283,Canada,P1,Rail,2026-07,14,Medium,0.93
LANE-008456,South Korea,P12,Air,2025-08,3,Medium,2.94
LANE-011878,Canada,P8,Air,2026-08,3,Low,3.37
LANE-014326,Czech Republic,P4,Truck,2025-04,4,High,0.95
LANE-007188,Japan,P9,Truck,2026-04,4,High,1.26
LANE-001121,Mexico,P4,Truck,2026-09,5,Low,1.18
LANE-011639,Canada,P6,Truck,2025-01,6,Low,1.25
LANE-007261,Japan,P10,Rail,2025-01,9,Medium,0.73
LANE-000062,United States,P2,Truck,2026-06,2,Low,1.24
LANE-014732,Czech Republic,P9,Truck,2026-02,5,Medium,1.37
LANE-004480,India,P12,Truck,2026-02,3,Medium,1.55
LANE-014735,Czech Republic,P9,Truck,2026-05,4,Medium,1.54
LANE-015922,Thailand,P12,Truck,2026-04,5,High,1.38
LANE-008256,South Korea,P10,Ocean,2025-06,22,Low,0.5
LANE-013345,Spain,P3,Ocean,2026-01,27,Low,0.69
LANE-002063,Germany,P4,Truck,2026-05,5,Low,
LANE-009775,Turkey,P5,Air,2025-07,2,High,3.66
LANE-009093,Italy,P8,Ocean,2025-07,26,Low,0.54
LANE-016682,United Kingdom,P9,Rail,2025-06,9,High,0.84
LANE-007684,South Korea,P3,Ocean,2025-06,27,High,0.58
LANE-016026,United Kingdom,P1,Rail,2025-10,12,High,1.11
LANE-011220,Vietnam,P12,Rail,2026-10,16,High,1.11
LANE-013981,Spain,P11,Ocean,2025-11,27,Low,0.48
LANE-008009,South Korea,P7,Ocean,2025-01,30,Low,0.61
LANE-002292,Germany,P7,Ocean,2025-04,29,Medium,0.7
LANE-009010,Italy,P7,Ocean,2025-12,31,Medium,0.66
LANE-015274,Thailand,P4,Rail,2025-06,10,Low,1.05
LANE-000706,United States,P10,Rail,2025-02,14,Low,
LANE-014141,Czech Republic,P1,Ocean,2026-05,23,Low,0.68
LANE-006184,Brazil,P9,Rail,2025-02,11,Medium,0.96
LANE-008585,Italy,P2,Rail,2025-05,11,Low,0.65
LANE-010301,Turkey,P12,Ocean,2025-05,42,Low,0.55
LANE-015680,Thailand,P9,Truck,2026-04,4,Low,1.6
LANE-016808,United Kingdom,P10,Ocean,2026-10,25,Low,0.54
LANE-003671,India,P1,Rail,2026-07,11,Medium,0.93
LANE-000334,United States,P5,Ocean,2025-04,31,Low,0.64
LANE-001596,Mexico,P10,Truck,2025-12,4,Low,1.04
LANE-016640,United Kingdom,P8,Air,2025-08,3,Low,2.99
LANE-011587,Canada,P5,Rail,2026-03,12,Low,0.72
LANE-013910,Spain,P10,Ocean,2025-06,23,Low,0.67
LANE-013355,Spain,P3,Air,2025-01,2,High,3.28
LANE-013904,Spain,P10,Rail,2026-10,11,Low,1.16
LANE-000771,United States,P11,Rail,2025-01,9,Low,0.91
LANE-003969,India,P5,Ocean,2025-09,20,High,0.56
LANE-008345,South Korea,P11,Ocean,2025-07,19,Low,
LANE-011175,Vietnam,P11,Air,2026-09,3,Medium,2.31
LANE-010927,Vietnam,P8,Ocean,2026-03,28,Low,0.72
LANE-000291,United States,P5,Truck,2025-05,5,High,1.16
LANE-016741,United Kingdom,P9,Air,2026-09,2,Medium,2.44
LANE-013971,Spain,P11,Ocean,2025-01,27,Low,0.53
LANE-005866,Brazil,P5,Rail,2026-02,14,Medium,1.1
LANE-015872,Thailand,P11,Ocean,2025-10,23,High,0.55
LANE-010213,Turkey,P11,Ocean,2025-05,26,Low,0.87
LANE-008401,South Korea,P12,Truck,2026-07,6,Low,
LANE-001852,Germany,P1,Rail,2025-04,9,Low,1.2
LANE-008326,South Korea,P11,Rail,2025-10,10,Medium,0.71
LANE-008331,South Korea,P11,Rail,2026-03,16,Medium,1.22
LANE-010931,Vietnam,P8,Ocean,2026-07,25,Low,0.74
LANE-005349,Poland,P11,Rail,2025-03,15,High,1.14
LANE-012875,France,P9,Rail,2025-05,12,Medium,1.25
LANE-004127,India,P7,Rail,2026-01,13,High,1.17
LANE-008197,South Korea,P9,Air,2026-01,2,Low,2.21
LANE-015194,Thailand,P3,Truck,2026-02,6,Low,0.93
LANE-008648,Italy,P3,Rail,2025-02,10,High,1.05
LANE-007511,South Korea,P1,Rail,2025-09,10,Medium,1.19
LANE-016001,United Kingdom,P1,Truck,2025-07,5,Low,0.81
LANE-007417,Japan,P12,Rail,2025-03,14,Medium,0.86
LANE-005633,Brazil,P2,Ocean,2025-01,22,Low,0.6
LANE-015416,Thailand,P6,Truck,2026-04,4,Low,0.97
LANE-014912,Czech Republic,P11,Truck,2026-06,5,Medium,0.98
LANE-011322,Canada,P2,Truck,2026-02,5,Low,1.04
LANE-012658,France,P6,Ocean,2025-08,37,Medium,0.53
LANE-011231,Vietnam,P12,Ocean,2025-11,36,Low,0.6
LANE-001993,Germany,P3,Truck,2026-01,5,Medium,1.14
LANE-013448,Spain,P4,Air,2025-06,2,Low,4.15
LANE-004182,India,P8,Truck,2025-02,4,Low,0.88
LANE-016787,United Kingdom,P10,Ocean,2025-01,26,Low,0.59
LANE-003615,China,P12,Ocean,2025-07,33,Medium,0.73
LANE-011704,Canada,P6,Ocean,2026-10,29,Low,0.82
LANE-004983,Poland,P6,Truck,2025-11,4,Low,0.93
LANE-012908,France,P9,Ocean,2026-04,36,Low,0.68
LANE-011334,Canada,P2,Rail,2025-04,14,Medium,1.21
LANE-012226,Canada,P12,Air,2026-04,2,Medium,2.12
LANE-013160,Spain,P1,Rail,2025-04,8,Medium,0.73
LANE-001218,Mexico,P5,Ocean,2025-08,26,Low,0.81
LANE-015803,Thailand,P10,Ocean,2025-07,25,Low,0.66
LANE-012765,France,P8,Truck,2025-05,4,Medium,1.51
LANE-016907,United Kingdom,P12,Truck,2025-11,5,High,1.22
LANE-000453,United States,P7,Truck,2026-01,4,High,0.9
LANE-015770,Thailand,P10,Truck,2026-06,5,Low,1.12
LANE-011040,Vietnam,P10,Rail,2026-06,8,Medium,0.87
LANE-006250,Brazil,P10,Truck,2025-02,5,Low,1.03
LANE-003422,China,P9,Ocean,2025-12,32,Low,0.61
LANE-005489,Poland,P12,Air,2025-11,3,Low,
LANE-008693,Italy,P3,Air,2025-03,3,High,3.67
LANE-008575,Italy,P2,Truck,2026-05,4,Low,0.85
LANE-011414,Canada,P3,Truck,2026-06,1,Low,1.35
LANE-005083,Poland,P7,Ocean,2025-01,22,Low,0.84
LANE-009297,Italy,P11,Ocean,2026-01,28,Low,0.77
LANE-010843,Vietnam,P7,Rail,2026-07,10,Low,0.67
LANE-009307,Italy,P12,Truck,2025-01,4,High,0.87
LANE-004132,India,P7,Rail,2026-06,13,High,1.11
LANE-015935,Thailand,P12,Rail,2025-07,11,Medium,1.05
LANE-004449,India,P11,Ocean,2025-05,36,Low,0.5
LANE-001371,Mexico,P7,Rail,2025-07,9,High,1.09
LANE-016909,United Kingdom,P12,Truck,2026-01,5,High,1.22
LANE-013693,Spain,P8,Truck,2025-09,5,Medium,
LANE-012180,Canada,P12,Rail,2026-02,11,Low,1.27
LANE-004105,India,P7,Truck,2026-01,5,Low,0.85
LANE-000326,United States,P5,Rail,2026-06,11,Low,0.88
LANE-015988,Thailand,P12,Air,2026-04,2,Low,3.96
LANE-008557,Italy,P1,Air,2026-09,3,Low,2.6
LANE-010028,Turkey,P9,Truck,2026-06,5,High,1.0
LANE-016920,United Kingdom,P12,Rail,2025-02,11,Medium,1.22
LANE-005549,Brazil,P1,Ocean,2025-05,26,Medium,0.55
LANE-013040,France,P11,Rail,2026-04,10,Medium,0.72
LANE-014902,Czech Republic,P11,Truck,2025-08,4,Medium,1.35
LANE-016221,United Kingdom,P3,Air,2025-07,3,Low,3.05
LANE-011067,Vietnam,P10,Air,2025-01,3,Low,2.59
LANE-012168,Canada,P12,Rail,2025-02,14,Low,1.21
LANE-016127,United Kingdom,P2,Ocean,2025-01,28,Low,0.87
LANE-002263,Germany,P7,Truck,2026-07,5,High,1.59
LANE-013325,Spain,P3,Rail,2026-03,12,Low,0.68
LANE-007399,Japan,P12,Truck,2025-07,4,Medium,1.14
LANE-006927,Japan,P6,Truck,2026-07,3,Low,1.59
LANE-014818,Czech Republic,P10,Truck,2025-12,4,Low,
LANE-007475,Japan,P12,Air,2026-05,2,Medium,3.33
LANE-015696,Thailand,P9,Rail,2025-10,11,Low,0.71
LANE-000555,United States,P8,Rail,2025-05,12,Low,0.85
LANE-016298,United Kingdom,P4,Ocean,2026-06,27,Low,0.86
LANE-002676,Germany,P12,Ocean,2026-02,30,Low,0.7
LANE-005838,Brazil,P5,Truck,2025-08,4,Low,
LANE-012746,France,P7,Air,2025-08,3,High,2.4
LANE-003083,China,P5,Ocean,2025-03,25,Medium,0.87
LANE-006601,Japan,P2,Rail,2025-01,12,Medium,0.7
LANE-010118,Turkey,P10,Rail,2026-08,12,Medium,
LANE-007116,Japan,P8,Rail,2025-10,9,Low,1.1
LANE-003921,India,P5,Truck,2025-05,5,Medium,1.06
LANE-002143,Germany,P5,Rail,2025-09,11,Low,1.15
LANE-011474,Canada,P4,Truck,2025-12,5,Low,1.1
LANE-001364,Mexico,P7,Truck,2026-10,5,High,1.46
LANE-009059,Italy,P8,Truck,2026-05,7,Low,1.58
LANE-013798,Spain,P9,Rail,2025-04,12,Low,0.74
LANE-009702,Turkey,P4,Ocean,2026-10,24,Medium,0.65
LANE-011466,Canada,P4,Truck,2025-04,4,Low,0.97
LANE-013472,Spain,P5,Truck,2025-08,5,Low,1.28
LANE-015528,Thailand,P7,Rail,2026-06,13,Low,0.72
LANE-004638,Poland,P2,Truck,2026-06,4,Low,1.53
LANE-001845,Germany,P1,Truck,2026-07,4,Low,1.19
LANE-013015,France,P11,Truck,2026-01,6,Medium,1.42
LANE-010600,Vietnam,P4,Ocean,2026-06,22,Low,0.65
LANE-011922,Canada,P9,Rail,2026-08,12,Medium,1.24
LANE-001204,Mexico,P5,Rail,2026-04,10,Medium,0.73
LANE-008989,Italy,P7,Rail,2026-01,10,High,0.82
LANE-012245,France,P1,Truck,2026-01,5,Medium,1.41
LANE-001837,Germany,P1,Truck,2025-11,5,Low,1.5
LANE-013648,Spain,P7,Rail,2025-08,9,Low,0.88
LANE-012022,Canada,P10,Ocean,2025-10,32,Medium,0.85
LANE-009887,Turkey,P7,Truck,2025-09,6,High,1.18
LANE-000880,United States,P12,Air,2026-10,3,Low,3.96
LANE-002945,China,P3,Air,2026-07,3,High,2.12
LANE-014889,Czech Republic,P10,Air,2026-05,2,Low,
LANE-016469,United Kingdom,P6,Ocean,2026-01,31,Low,0.87
LANE-015016,Czech Republic,P12,Ocean,2025-12,23,Low,0.68
LANE-012673,France,P7,Truck,2025-01,6,Medium,0.89
LANE-003818,India,P3,Rail,2025-12,12,Low,0.94
LANE-000371,United States,P6,Truck,2026-07,5,Low,1.27
LANE-015575,Thailand,P7,Air,2026-09,3,Low,2.65
LANE-000821,United States,P12,Rail,2025-07,15,Low,1.17
LANE-004070,India,P6,Ocean,2026-10,34,Medium,0.63
LANE-010022,Turkey,P9,Truck,2025-12,5,High,1.29
LANE-016337,United Kingdom,P5,Truck,2026-01,4,Low,0.84
LANE-005163,Poland,P8,Rail,2026-03,12,Low,0.66
LANE-011434,Canada,P3,Rail,2026-04,7,Low,1.19
LANE-010126,Turkey,P10,Ocean,2025-06,29,Medium,0.76
LANE-007315,Japan,P10,Air,2025-11,2,Medium,3.39
LANE-011965,Canada,P9,Air,2026-07,3,Medium,3.1
LANE-008358,South Korea,P11,Ocean,2026-08,27,Low,0.65
LANE-000369,United States,P6,Truck,2026-05,4,Low,1.44
LANE-012459,France,P3,Air,2025-07,2,Medium,3.09
LANE-004957,Poland,P5,Air,2025-07,2,Low,2.67
LANE-003836,India,P3,Ocean,2025-08,23,Low,0.59
LANE-013705,Spain,P8,Truck,2026-09,4,Medium,1.52
LANE-002951,China,P4,Truck,2025-03,6,Low,1.37
LANE-009360,Italy,P12,Ocean,2025-10,24,Low,0.83
LANE-011185,Vietnam,P12,Truck,2025-09,5,Low,1.43
LANE-005029,Poland,P6,Ocean,2026-01,29,High,0.58
LANE-014806,Czech Republic,P9,Air,2026-10,2,Medium,4.15
LANE-015298,Thailand,P4,Ocean,2025-08,30,Low,0.63
LANE-003029,China,P4,Air,2026-03,2,Medium,3.52
LANE-013253,Spain,P2,Ocean,2025-09,31,Medium,0.7
LANE-005079,Poland,P7,Rail,2026-07,10,Low,0.85
LANE-015753,Thailand,P10,Truck,2025-01,3,Low,1.3
LANE-014604,Czech Republic,P7,Ocean,2026-06,20,Medium,0.64
LANE-002881,China,P3,Truck,2026-09,4,High,1.4
LANE-009284,Italy,P11,Rail,2026-10,12,Low,0.94
LANE-003181,China,P6,Ocean,2026-01,19,Medium,0.49
LANE-014583,Czech Republic,P7,Rail,2026-07,13,Low,0.83
LANE-015733,Thailand,P9,Air,2025-03,2,Low,2.65
LANE-009352,Italy,P12,Ocean,2025-02,32,Low,0.8
LANE-004448,India,P11,Ocean,2025-04,23,Low,0.76
LANE-011282,Canada,P1,Rail,2026-06,11,Medium,1.25
LANE-003021,China,P4,Air,2025-07,3,Medium,3.38
LANE-004907,Poland,P5,Rail,2025-01,9,Medium,0.72
LANE-002650,Germany,P12,Rail,2025-10,10,Medium,1.12
LANE-011611,Canada,P5,Ocean,2026-05,25,Low,0.85
LANE-016232,United Kingdom,P3,Air,2026-06,3,Low,3.74
LANE-014590,Czech Republic,P7,Ocean,2025-04,32,Medium,0.76
LANE-004068,India,P6,Ocean,2026-08,30,Medium,0.49
LANE-002333,Germany,P8,Rail,2025-01,13,Low,1.28
LANE-012285,France,P1,Ocean,2025-09,29,Medium,0.84
LANE-003358,China,P8,Air,2026-02,1,Low,2.5
LANE-000723,United States,P10,Rail,2026-07,17,Low,0.66
LANE-014410,Czech Republic,P5,Truck,2026-10,3,Low,1.3
LANE-000110,United States,P2,Air,2026-10,1,Low,4.06
LANE-009501,Turkey,P2,Rail,2026-07,14,Medium,1.14
LANE-009036,Italy,P7,Air,2026-04,2,Medium,3.36
LANE-013857,Spain,P9,Air,2026-07,3,Low,4.07
LANE-008953,Italy,P6,Air,2026-09,3,Low,2.82
LANE-011356,Canada,P2,Ocean,2025-04,26,Medium,0.75
LANE-001104,Mexico,P4,Truck,2025-04,4,Low,1.4
LANE-015535,Thailand,P7,Ocean,2025-03,23,Low,0.8
LANE-008423,South Korea,P12,Rail,2026-07,12,Low,1.27
LANE-009475,Turkey,P2,Truck,2026-03,5,Medium,0.97
LANE-010256,Turkey,P12,Truck,2025-04,3,Low,1.56
LANE-014162,Czech Republic,P1,Air,2026-04,4,Low,2.21
LANE-003515,China,P11,Truck,2026-05,5,Medium,1.19
LANE-000248,United States,P4,Ocean,2025-06,32,Low,0.85
LANE-001055,Mexico,P3,Truck,2026-09,5,Low,1.5
LANE-013867,Spain,P10,Truck,2025-07,4,High,0.89
LANE-001491,Mexico,P8,Air,2026-05,2,Low,3.72
LANE-014961,Czech Republic,P12,Truck,2025-01,4,Low,1.55
LANE-005499,Poland,P12,Air,2026-09,3,Low,3.49
LANE-008134,South Korea,P9,Truck,2026-04,4,Medium,0.99
LANE-011931,Canada,P9,Ocean,2025-07,26,High,0.51
LANE-016523,United Kingdom,P7,Ocean,2025-01,25,High,0.65
LANE-002005,Germany,P3,Rail,2025-03,11,Low,0.78
LANE-006021,Brazil,P7,Truck,2026-03,2,Low,1.57
LANE-007819,South Korea,P5,Rail,2025-09,10,Low,0.9
LANE-013865,Spain,P10,Truck,2025-05,5,High,1.22
LANE-015173,Thailand,P2,Ocean,2026-03,28,Medium,0.7
LANE-001016,Mexico,P2,Air,2025-04,3,Low,2.51
LANE-002449,Germany,P9,Ocean,2025-07,24,Low,0.83
LANE-006214,Brazil,P9,Ocean,2025-10,29,Low,0.87
LANE-013324,Spain,P3,Rail,2026-02,12,Low,
LANE-008193,South Korea,P9,Air,2025-09,2,Low,3.92
LANE-016266,United Kingdom,P4,Rail,2025-08,10,Low,
LANE-011621,Canada,P5,Air,2025-05,3,Low,3.0
LANE-006795,Japan,P4,Ocean,2026-07,26,Low,0.56
LANE-009703,Turkey,P5,Truck,2025-01,3,High,1.55
LANE-010143,Turkey,P10,Air,2025-01,2,Low,3.34
LANE-006764,Japan,P4,Rail,2025-10,10,Low,
LANE-008230,South Korea,P10,Rail,2025-02,9,Low,0.88
LANE-012773,France,P8,Truck,2026-01,6,Medium,1.25
LANE-015729,Thailand,P9,Ocean,2026-09,20,High,0.79
LANE-014033,Spain,P12,Rail,2026-07,14,Low,1.2
LANE-016184,United Kingdom,P3,Rail,2026-02,12,Low,0.85
LANE-014372,Czech Republic,P4,Ocean,2025-06,27,High,
LANE-001127,Mexico,P4,Rail,2025-05,13,Low,0.66
LANE-007448,Japan,P12,Ocean,2025-12,26,Low,0.71
LANE-003553,China,P11,Ocean,2025-11,35,Low,0.75
LANE-009947,Turkey,P8,Truck,2025-03,5,Low,0.81
LANE-012105,Canada,P11,Ocean,2025-05,18,Low,0.84
LANE-015216,Thailand,P3,Rail,2026-02,14,Low,1.08
LANE-009331,Italy,P12,Rail,2025-03,10,Low,1.23
LANE-011902,Canada,P9,Truck,2026-10,4,Low,1.44
LANE-015748,Thailand,P9,Air,2026-06,2,Low,3.29
LANE-003777,India,P2,Ocean,2026-03,27,Low,0.81
LANE-013774,Spain,P9,Truck,2025-02,3,Low,1.14
LANE-011241,Vietnam,P12,Ocean,2026-09,34,Low,0.77
LANE-002896,China,P3,Rail,2026-02,12,Medium,0.97
LANE-010710,Vietnam,P5,Air,2026-06,2,Medium,3.28
LANE-002230,Germany,P6,Ocean,2025-08,29,High,0.56
LANE-014004,Spain,P12,Truck,2025-12,3,High,0.89
LANE-006072,Brazil,P7,Air,2026-10,1,High,4.04
LANE-012802,France,P8,Rail,2026-08,12,Medium,0.84
LANE-006546,Japan,P1,Ocean,2025-12,32,Low,0.53
LANE-015611,Thailand,P8,Rail,2026-01,10,Low,0.78
LANE-013223,Spain,P2,Rail,2025-01,10,Medium,0.78
LANE-008207,South Korea,P10,Truck,2025-01,4,Medium,0.84
LANE-004950,Poland,P5,Ocean,2026-10,27,Low,0.55
LANE-012255,France,P1,Rail,2025-01,15,Low,1.07
LANE-008624,Italy,P2,Ocean,2026-10,29,Low,
LANE-014081,Czech Republic,P1,Truck,2025-01,5,Low,1.05
LANE-003436,China,P10,Truck,2025-04,3,Medium,1.47
LANE-006465,Brazil,P12,Ocean,2026-07,22,Low,
LANE-003938,India,P5,Truck,2026-10,4,Medium,0.91
LANE-005463,Poland,P12,Ocean,2025-07,25,Low,
LANE-002570,Germany,P11,Rail,2026-06,13,High,0.74
LANE-009241,Italy,P11,Truck,2025-01,5,Low,1.58
LANE-003242,China,P7,Rail,2025-08,10,Medium,0.75
LANE-000359,United States,P6,Truck,2025-07,4,Low,1.6
LANE-005730,Brazil,P3,Ocean,2025-10,27,Medium,0.62
LANE-008005,South Korea,P7,Rail,2026-07,15,Low,1.12
LANE-000167,United States,P3,Ocean,2026-01,25,Medium,0.86
LANE-008238,South Korea,P10,Rail,2025-10,11,Low,0.9
LANE-002424,Germany,P9,Rail,2025-04,12,Low,1.05
LANE-006090,Brazil,P8,Truck,2026-06,5,Medium,1.05
LANE-014646,Czech Republic,P8,Truck,2026-04,5,Medium,0.85
LANE-002905,China,P3,Ocean,2025-01,18,Low,0.69
LANE-009542,Turkey,P2,Air,2026-04,2,Medium,2.24
LANE-006895,Japan,P5,Air,2025-09,2,High,2.56
LANE-005443,Poland,P12,Rail,2025-09,11,Low,0.91
LANE-013425,Spain,P4,Ocean,2025-05,31,Low,0.77
LANE-007023,Japan,P7,Rail,2025-05,11,Low,0.85
LANE-007626,South Korea,P2,Air,2026-02,3,Medium,3.72
LANE-005002,Poland,P6,Rail,2025-08,8,Medium,1.2
LANE-016230,United Kingdom,P3,Air,2026-04,3,Low,3.8
LANE-014378,Czech Republic,P4,Ocean,2025-12,22,High,0.44
LANE-003195,China,P6,Air,2025-05,3,Medium,4.0
LANE-009675,Turkey,P4,Rail,2026-05,11,Low,0.93
LANE-011641,Canada,P6,Truck,2025-03,5,Low,0.93
LANE-009511,Turkey,P2,Ocean,2025-07,28,Medium,0.76
LANE-010679,Vietnam,P5,Ocean,2025-09,27,Medium,0.82
LANE-001150,Mexico,P4,Ocean,2025-06,34,Low,0.81
LANE-011589,Canada,P5,Rail,2026-05,12,Low,
LANE-005811,Brazil,P4,Ocean,2025-03,23,Medium,0.52
LANE-003446,China,P10,Truck,2026-02,4,Medium,0.88
LANE-009982,Turkey,P8,Rail,2026-04,15,Low,0.95
LANE-007784,South Korea,P4,Air,2026-06,3,Low,3.09
LANE-012158,Canada,P12,Truck,2026-02,5,High,0.86
LANE-016684,United Kingdom,P9,Rail,2025-08,14,High,1.15
LANE-000041,United States,P1,Rail,2026-07,9,Low,0.64
LANE-015283,Thailand,P4,Rail,2026-03,11,Low,1.11
LANE-004524,India,P12,Ocean,2026-02,31,Low,0.71
LANE-002531,Germany,P11,Truck,2025-01,4,High,0.91
LANE-010872,Vietnam,P8,Truck,2025-04,4,Medium,1.32
LANE-000998,Mexico,P2,Ocean,2025-08,25,Medium,0.52
LANE-012701,France,P7,Rail,2025-07,12,Low,1.2
LANE-013270,Spain,P2,Air,2025-04,2,Low,3.73
LANE-006688,Japan,P3,Rail,2026-10,12,Low,0.64
LANE-010009,Turkey,P8,Ocean,2026-09,33,Medium,0.75
LANE-006801,Japan,P4,Air,2025-03,3,Low,3.79
LANE-003975,India,P5,Ocean,2026-03,32,High,0.68
LANE-007586,South Korea,P2,Rail,2026-06,14,Low,0.75
LANE-010181,Turkey,P11,Truck,2026-05,6,Low,1.24
LANE-016478,United Kingdom,P6,Ocean,2026-10,34,Low,0.68
LANE-010530,Vietnam,P3,Ocean,2026-02,25,Low,0.85
LANE-012906,France,P9,Ocean,2026-02,23,Low,0.68
LANE-006190,Brazil,P9,Rail,2025-08,12,Medium,0.65
LANE-007257,Japan,P10,Truck,2026-07,6,High,0.89
LANE-013727,Spain,P8,Rail,2026-09,10,Low,1.02
LANE-014615,Czech Republic,P7,Air,2025-07,3,Low,4.02
LANE-000403,United States,P6,Ocean,2025-07,27,Low,0.66
LANE-009856,Turkey,P6,Ocean,2026-10,25,Low,0.58
LANE-009597,Turkey,P3,Ocean,2025-05,27,Low,0.44
LANE-007533,South Korea,P1,Ocean,2025-09,26,Low,0.55
LANE-006215,Brazil,P9,Ocean,2025-11,25,Low,0.64
LANE-016751,United Kingdom,P10,Truck,2025-09,2,Low,1.18
LANE-002556,Germany,P11,Rail,2025-04,9,High,0.93
LANE-003529,China,P11,Rail,2025-09,12,Medium,1.27
LANE-013615,Spain,P6,Air,2026-07,3,Medium,2.54
LANE-016888,United Kingdom,P11,Ocean,2026-02,29,Low,0.86
LANE-003591,China,P12,Rail,2025-05,11,Medium,0.65
LANE-011194,Vietnam,P12,Truck,2026-06,6,Low,1.53
LANE-007585,South Korea,P2,Rail,2026-05,11,Low,1.04
LANE-006101,Brazil,P8,Rail,2025-07,10,Low,0.88
LANE-010435,Vietnam,P2,Rail,2025-07,12,High,1.07
LANE-014064,Spain,P12,Air,2025-06,3,Medium,3.78
LANE-013709,Spain,P8,Rail,2025-03,9,Low,1.1
LANE-001988,Germany,P3,Truck,2025-08,5,Medium,0.96
LANE-010335,Vietnam,P1,Truck,2026-05,4,Low,1.43
LANE-013738,Spain,P8,Ocean,2025-10,30,Medium,0.85
LANE-016061,United Kingdom,P1,Air,2025-01,2,Low,3.52
LANE-008642,Italy,P3,Truck,2026-06,4,Low,1.57
LANE-001070,Mexico,P3,Rail,2026-02,11,Low,1.27
LANE-015811,Thailand,P10,Ocean,2026-03,31,Low,0.53
LANE-016044,United Kingdom,P1,Ocean,2025-06,25,Low,0.62
LANE-016767,United Kingdom,P10,Rail,2025-03,12,Medium,0.82
LANE-002532,Germany,P11,Truck,2025-02,5,High,0.81
LANE-009830,Turkey,P6,Rail,2026-06,14,Low,0.77
LANE-005295,Poland,P10,Truck,2026-03,2,Medium,1.31
LANE-010373,Vietnam,P1,Ocean,2025-11,22,Low,0.67
LANE-014652,Czech Republic,P8,Truck,2026-10,5,Medium,1.56
LANE-015648,Thailand,P8,Air,2025-06,3,Low,3.62
LANE-009836,Turkey,P6,Ocean,2025-02,26,Low,0.55
LANE-016369,United Kingdom,P5,Ocean,2025-01,26,Low,0.44
LANE-012025,Canada,P10,Ocean,2026-01,24,Medium,0.45
LANE-010285,Turkey,P12,Rail,2025-11,12,Low,0.96
LANE-001570,Mexico,P9,Air,2025-08,3,Medium,2.25
LANE-003949,India,P5,Rail,2025-11,15,Medium,1.16
LANE-014699,Czech Republic,P8,Air,2025-03,3,Medium,3.64
LANE-001507,Mexico,P9,Truck,2025-11,6,Low,1.49
LANE-015128,Thailand,P2,Truck,2026-02,6,Medium,1.17
LANE-002980,China,P4,Rail,2025-10,14,Medium,1.03
LANE-002583,Germany,P11,Ocean,2025-09,26,Low,0.46
LANE-000829,United States,P12,Rail,2026-03,11,Low,
LANE-001909,Germany,P1,Air,2026-05,1,High,2.67
LANE-012517,France,P4,Rail,2026-09,9,Low,1.06
LANE-016300,United Kingdom,P4,Ocean,2026-08,25,Low,
LANE-008499,Italy,P1,Rail,2025-07,12,Low,1.26
LANE-008531,Italy,P1,Ocean,2026-05,25,High,0.87
LANE-013452,Spain,P4,Air,2025-10,3,Low,2.26
LANE-016893,United Kingdom,P11,Ocean,2026-07,35,Low,0.47
LANE-008536,Italy,P1,Ocean,2026-10,23,High,0.71
LANE-016834,United Kingdom,P11,Truck,2025-04,6,Medium,1.56
LANE-007096,Japan,P8,Truck,2025-12,6,High,1.59
LANE-015889,Thailand,P11,Air,2025-05,2,Medium,3.76
LANE-016018,United Kingdom,P1,Rail,2025-02,13,High,0.83
LANE-006232,Brazil,P9,Air,2025-06,2,Low,2.58
LANE-002323,Germany,P8,Truck,2026-01,5,Medium,0.92
LANE-001666,Mexico,P10,Air,2026-04,2,Low,3.89
LANE-004375,India,P10,Ocean,2026-07,30,Medium,
LANE-001769,Mexico,P12,Truck,2025-09,4,High,1.14
LANE-016334,United Kingdom,P5,Truck,2025-10,4,Low,0.82
LANE-010511,Vietnam,P3,Rail,2026-05,14,Low,0.99
LANE-007504,South Korea,P1,Rail,2025-02,9,Medium,0.76
LANE-000568,United States,P8,Rail,2026-06,12,Low,0.81
LANE-000126,United States,P3,Truck,2026-04,5,Low,1.14
LANE-014920,Czech Republic,P11,Rail,2025-04,14,Low,0.97
LANE-016978,United Kingdom,P12,Air,2026-04,2,Low,2.22
LANE-009971,Turkey,P8,Rail,2025-05,9,Low,1.15
LANE-008094,South Korea,P8,Ocean,2026-08,24,Low,0.53
LANE-014170,Czech Republic,P2,Truck,2025-02,5,Low,1.44
LANE-014859,Czech Republic,P10,Ocean,2025-09,29,Medium,0.6
LANE-005652,Brazil,P2,Ocean,2026-08,28,Low,0.47
LANE-003931,India,P5,Truck,2026-03,5,Medium,1.13
LANE-011644,Canada,P6,Truck,2025-06,4,Low,0.8
LANE-009096,Italy,P8,Ocean,2025-10,28,Low,0.84
LANE-003378,China,P9,Truck,2025-12,4,Low,0.87
LANE-008431,South Korea,P12,Ocean,2025-05,23,Low,0.85
LANE-010144,Turkey,P10,Air,2025-02,3,Low,3.42
LANE-011683,Canada,P6,Ocean,2025-01,33,Low,0.8
LANE-009165,Italy,P9,Ocean,2026-01,28,Low,0.68
LANE-002854,China,P2,Air,2026-04,3,Low,2.26
LANE-003819,India,P3,Rail,2026-01,10,Low,1.19
LANE-008317,South Korea,P11,Rail,2025-01,14,Medium,0.99
LANE-000587,United States,P8,Ocean,2026-03,24,Medium,0.85
LANE-001591,Mexico,P10,Truck,2025-07,5,Low,1.54
LANE-007185,Japan,P9,Truck,2026-01,5,High,0.81
LANE-004055,India,P6,Ocean,2025-07,22,Medium,0.7
LANE-004356,India,P10,Rail,2026-10,13,Low,0.66
LANE-016099,United Kingdom,P2,Truck,2026-05,4,Low,1.16
LANE-007915,South Korea,P6,Rail,2026-05,10,Low,0.65
LANE-007581,South Korea,P2,Rail,2026-01,9,Low,1.21
LANE-010744,Vietnam,P6,Rail,2025-08,9,Medium,0.99
LANE-015325,Thailand,P4,Air,2026-01,2,Low,2.88
LANE-001302,Mexico,P6,Ocean,2025-04,25,Low,0.57
LANE-015387,Thailand,P5,Ocean,2025-09,27,Medium,0.67
LANE-011191,Vietnam,P12,Truck,2026-03,4,Low,1.33
LANE-009538,Turkey,P2,Air,2025-12,2,Medium,2.68
LANE-016793,United Kingdom,P10,Ocean,2025-07,24,Low,0.48
LANE-007218,Japan,P9,Ocean,2025-02,26,Low,0.44
LANE-016634,United Kingdom,P8,Air,2025-02,3,Low,2.45
LANE-004131,India,P7,Rail,2026-05,14,High,1.16
LANE-002050,Germany,P4,Truck,2025-04,4,Low,1.36
LANE-005176,Poland,P8,Ocean,2025-06,34,Low,0.84
LANE-015337,Thailand,P5,Truck,2025-03,4,Low,1.11
LANE-009998,Turkey,P8,Ocean,2025-10,24,Medium,0.58
LANE-000650,United States,P9,Ocean,2025-12,29,Medium,0.63
LANE-009753,Turkey,P5,Ocean,2025-07,29,Low,0.85
LANE-000735,United States,P10,Ocean,2025-09,31,Medium,0.49
LANE-008836,Italy,P5,Ocean,2026-02,31,High,0.73
LANE-005504,Brazil,P1,Truck,2025-04,3,Low,1.11
LANE-009189,Italy,P10,Truck,2026-03,5,Low,1.54
LANE-006511,Japan,P1,Truck,2026-09,4,Low,1.25
LANE-007697,South Korea,P3,Ocean,2026-07,24,High,
LANE-004113,India,P7,Truck,2026-09,4,Low,1.41
LANE-012385,France,P2,Ocean,2026-09,32,Medium,0.75
LANE-000284,United States,P4,Air,2026-08,2,Low,2.23
LANE-012436,France,P3,Ocean,2025-06,28,Low,0.56
LANE-011179,Vietnam,P12,Truck,2025-03,4,Low,1.41
LANE-011712,Canada,P6,Air,2025-08,2,Low,3.69
LANE-001787,Mexico,P12,Rail,2025-05,12,High,1.06
LANE-004144,India,P7,Ocean,2025-08,23,Low,0.81
LANE-004706,Poland,P2,Air,2026-08,2,Low,2.96
LANE-011698,Canada,P6,Ocean,2026-04,26,Low,0.84
LANE-011907,Canada,P9,Rail,2025-05,11,Medium,
LANE-011128,Vietnam,P11,Rail,2026-06,13,Low,0.82
LANE-005165,Poland,P8,Rail,2026-05,12,Low,0.97
LANE-006337,Brazil,P11,Truck,2025-01,4,Medium,0.82
LANE-004612,Poland,P1,Ocean,2026-02,27,Medium,0.73
LANE-009813,Turkey,P6,Rail,2025-01,12,Low,0.68
LANE-014052,Spain,P12,Ocean,2026-04,24,Medium,0.56
LANE-003146,China,P6,Truck,2026-10,5,Low,0.85
LANE-005468,Poland,P12,Ocean,2025-12,29,Low,0.84
LANE-009119,Italy,P9,Truck,2025-11,3,Low,1.16
LANE-008405,South Korea,P12,Rail,2025-01,14,Low,0.66
LANE-005607,Brazil,P2,Truck,2026-07,5,Low,1.35
LANE-005898,Brazil,P5,Air,2025-02,2,Low,3.39
LANE-010448,Vietnam,P2,Rail,2026-08,14,High,0.93
LANE-012331,France,P2,Truck,2025-11,4,Medium,1.2
LANE-006300,Brazil,P10,Ocean,2025-08,23,Medium,0.86
LANE-007393,Japan,P12,Truck,2025-01,6,Medium,1.41
LANE-015302,Thailand,P4,Ocean,2025-12,23,Low,0.46
LANE-003958,India,P5,Rail,2026-08,8,Medium,0.98
LANE-005055,Poland,P7,Truck,2026-05,4,Low,1.23
LANE-013958,Spain,P11,Rail,2025-10,15,High,1.19
LANE-014571,Czech Republic,P7,Rail,2025-07,15,Low,0.98
LANE-002789,China,P2,Truck,2026-05,3,Medium,1.16
LANE-015230,Thailand,P3,Ocean,2025-06,29,Low,0.53
LANE-006761,Japan,P4,Rail,2025-07,9,Low,
LANE-001419,Mexico,P8,Truck,2025-11,4,Low,1.1
LANE-004154,India,P7,Ocean,2026-06,26,Low,0.59
LANE-013012,France,P11,Truck,2025-10,5,Medium,1.45
LANE-012400,France,P3,Truck,2026-02,5,Medium,1.52
LANE-006320,Brazil,P10,Air,2025-06,2,Low,3.83
LANE-010390,Vietnam,P1,Air,2025-06,3,Medium,3.56
LANE-011236,Vietnam,P12,Ocean,2026-04,30,Low,0.49
LANE-015203,Thailand,P3,Rail,2025-01,14,Low,1.27
LANE-009183,Italy,P10,Truck,2025-09,4,Low,0.8
LANE-016748,United Kingdom,P10,Truck,2025-06,5,Low,1.31
LANE-013311,Spain,P3,Rail,2025-01,12,Low,1.19
LANE-008566,Italy,P2,Truck,2025-08,4,Low,1.59
LANE-006718,Japan,P3,Air,2025-08,2,Low,2.2
LANE-008108,South Korea,P8,Air,2025-12,3,Low,2.19
LANE-001796,Mexico,P12,Rail,2026-02,11,High,1.22
LANE-010250,Turkey,P11,Air,2026-08,4,High,2.62
LANE-006081,Brazil,P8,Truck,2025-09,5,Medium,1.14
LANE-011005,Vietnam,P10,Truck,2025-05,4,Medium,0.91
LANE-006434,Brazil,P12,Rail,2025-10,13,Medium,1.2
LANE-008780,Italy,P5,Truck,2025-02,4,Low,1.16
LANE-004763,Poland,P3,Ocean,2025-11,24,Medium,0.62
LANE-008298,South Korea,P11,Truck,2025-04,6,Low,0.98
LANE-016493,United Kingdom,P7,Truck,2026-03,4,Medium,1.13
LANE-008681,Italy,P3,Ocean,2026-01,28,High,0.48
LANE-000046,United States,P2,Truck,2025-02,1,Low,1.17
LANE-013162,Spain,P1,Rail,2025-06,13,Medium,0.96
LANE-010194,Turkey,P11,Rail,2025-08,8,Low,0.81
LANE-003286,China,P7,Air,2025-08,2,Low,2.61
LANE-004827,Poland,P4,Rail,2025-09,10,Low,1.15
LANE-012026,Canada,P10,Ocean,2026-02,21,Medium,0.8
LANE-013571,Spain,P6,Rail,2026-07,12,Low,0.71
LANE-005682,Brazil,P3,Truck,2025-06,6,Low,1.25
LANE-006251,Brazil,P10,Truck,2025-03,4,Low,1.41
LANE-006099,Brazil,P8,Rail,2025-05,12,Low,0.93
LANE-006226,Brazil,P9,Ocean,2026-10,26,Low,0.6
LANE-007444,Japan,P12,Ocean,2025-08,33,Low,0.83
LANE-014199,Czech Republic,P2,Rail,2025-09,11,Low,
LANE-015641,Thailand,P8,Ocean,2026-09,21,Low,0.77
LANE-000168,United States,P3,Ocean,2026-02,30,Medium,0.55
LANE-016942,United Kingdom,P12,Ocean,2025-02,27,Low,0.72
LANE-015326,Thailand,P4,Air,2026-02,2,Low,3.55
LANE-015569,Thailand,P7,Air,2026-03,3,Low,4.07
LANE-004553,India,P12,Air,2026-09,2,Medium,3.55
LANE-015856,Thailand,P11,Rail,2026-04,11,Low,0.85
LANE-008417,South Korea,P12,Rail,2026-01,10,Low,1.03
LANE-007249,Japan,P10,Truck,2025-11,5,High,1.2
LANE-010300,Turkey,P12,Ocean,2025-04,21,Low,0.83
LANE-010242,Turkey,P11,Air,2025-12,2,High,2.18
LANE-001747,Mexico,P11,Air,2025-09,2,Low,2.76
LANE-001733,Mexico,P11,Ocean,2026-05,23,High,0.48
LANE-000153,United States,P3,Rail,2026-09,10,Medium,0.96
LANE-014596,Czech Republic,P7,Ocean,2025-10,27,Medium,0.63
LANE-006481,Brazil,P12,Air,2026-01,3,Low,3.75
LANE-004307,India,P9,Air,2026-05,1,Medium,3.19
LANE-002820,China,P2,Ocean,2025-04,24,Low,0.84
LANE-007301,Japan,P10,Ocean,2026-07,27,Low,0.88
LANE-006893,Japan,P5,Air,2025-07,3,High,2.6
LANE-001401,Mexico,P7,Ocean,2026-03,33,Low,0.45
LANE-016164,United Kingdom,P3,Truck,2026-04,4,Low,1.5
LANE-015314,Thailand,P4,Air,2025-02,3,Low,4.05
LANE-000640,United States,P9,Ocean,2025-02,29,Medium,0.59
LANE-005938,Brazil,P6,Truck,2026-08,3,Low,0.94
LANE-002070,Germany,P4,Rail,2025-02,14,Low,0.98
LANE-009488,Turkey,P2,Rail,2025-06,13,Medium,1.11
LANE-014150,Czech Republic,P1,Air,2025-04,3,Low,3.36
LANE-010088,Turkey,P10,Truck,2025-12,4,Medium,1.28
LANE-005544,Brazil,P1,Rail,2026-10,12,Medium,1.24
LANE-008180,South Korea,P9,Ocean,2026-06,24,Medium,0.77
LANE-005750,Brazil,P3,Air,2025-08,3,Medium,4.04
LANE-014505,Czech Republic,P6,Rail,2025-07,11,Medium,0.74
LANE-002995,China,P4,Ocean,2025-03,28,Low,0.75
LANE-000665,United States,P9,Air,2025-05,2,Low,2.44
LANE-002739,China,P1,Rail,2025-11,13,Medium,0.86
LANE-005147,Poland,P8,Truck,2026-09,3,High,0.95
LANE-015606,Thailand,P8,Rail,2025-08,12,Low,0.71
LANE-005486,Poland,P12,Air,2025-08,3,Low,3.8
LANE-011946,Canada,P9,Ocean,2026-10,23,High,0.83
LANE-015538,Thailand,P7,Ocean,2025-06,32,Low,
LANE-013804,Spain,P9,Rail,2025-10,10,Low,1.21
LANE-005548,Brazil,P1,Ocean,2025-04,25,Medium,0.46
LANE-012975,France,P10,Rail,2026-05,11,Medium,0.65
LANE-010759,Vietnam,P6,Ocean,2025-01,26,Low,0.77
LANE-004382,India,P10,Air,2025-04,3,Medium,2.25
LANE-015242,Thailand,P3,Ocean,2026-06,30,Low,0.78
LANE-016885,United Kingdom,P11,Ocean,2025-11,26,Low,0.75
LANE-008462,South Korea,P12,Air,2026-02,2,Medium,3.72
LANE-010291,Turkey,P12,Rail,2026-05,11,Low,1.09
LANE-013284,Spain,P2,Air,2026-06,2,Low,4.06
LANE-000020,United States,P1,Truck,2026-08,2,Low,0.83
LANE-007623,South Korea,P2,Air,2025-11,2,Medium,4.04
LANE-008820,Italy,P5,Rail,2026-08,11,Low,1.01
LANE-012651,France,P6,Ocean,2025-01,26,Medium,0.69
LANE-013426,Spain,P4,Ocean,2025-06,24,Low,0.44
LANE-009361,Italy,P12,Ocean,2025-11,31,Low,0.83
LANE-007570,South Korea,P2,Rail,2025-02,12,Low,0.7
LANE-009355,Italy,P12,Ocean,2025-05,34,Low,0.65
LANE-003691,India,P1,Ocean,2026-05,32,Low,0.48
LANE-001084,Mexico,P3,Ocean,2025-06,34,Medium,0.51
LANE-002068,Germany,P4,Truck,2026-10,4,Low,1.35
LANE-008293,South Korea,P10,Air,2026-09,2,High,2.41
LANE-007861,South Korea,P5,Air,2025-07,3,Medium,3.17
LANE-004022,India,P6,Truck,2026-06,4,Low,0.9
LANE-008461,South Korea,P12,Air,2026-01,3,Medium,2.2
LANE-009913,Turkey,P7,Rail,2026-01,10,Low,0.89
LANE-014006,Spain,P12,Truck,2026-02,5,High,1.27
LANE-009484,Turkey,P2,Rail,2025-02,8,Medium,0.8
LANE-013100,France,P12,Rail,2025-10,14,Low,1.05
LANE-014575,Czech Republic,P7,Rail,2025-11,11,Low,0.78
LANE-003657,India,P1,Rail,2025-05,9,Medium,0.82
LANE-007458,Japan,P12,Ocean,2026-10,31,Low,0.59
LANE-008140,South Korea,P9,Truck,2026-10,6,Medium,1.43
LANE-013483,Spain,P5,Truck,2026-07,4,Low,1.42
LANE-006554,Japan,P1,Ocean,2026-08,27,Low,0.65
LANE-000206,United States,P4,Truck,2025-08,5,Low,1.02
LANE-015742,Thailand,P9,Air,2025-12,3,Low,3.79
LANE-008428,South Korea,P12,Ocean,2025-02,25,Low,0.53
LANE-001397,Mexico,P7,Ocean,2025-11,30,Low,0.59
LANE-015709,Thailand,P9,Ocean,2025-01,22,High,0.87
LANE-008285,South Korea,P10,Air,2026-01,2,High,2.33
LANE-007442,Japan,P12,Ocean,2025-06,32,Low,0.85
LANE-001381,Mexico,P7,Rail,2026-05,16,High,1.11
LANE-013381,Spain,P4,Truck,2025-05,5,Low,1.55
LANE-002595,Germany,P11,Ocean,2026-09,24,Low,0.56
LANE-008165,South Korea,P9,Ocean,2025-03,26,Medium,0.87
LANE-000161,United States,P3,Ocean,2025-07,26,Medium,0.72
LANE-004863,Poland,P4,Air,2025-01,3,Medium,3.46
LANE-006393,Brazil,P11,Ocean,2026-01,24,High,0.77
LANE-000423,United States,P6,Air,2025-05,2,Low,3.92
LANE-005482,Poland,P12,Air,2025-04,3,Low,2.8
LANE-011332,Canada,P2,Rail,2025-02,10,Medium,0.87
LANE-009918,Turkey,P7,Rail,2026-06,11,Low,0.84
LANE-012133,Canada,P11,Air,2025-11,2,Low,2.5
LANE-000836,United States,P12,Rail,2026-10,11,Low,1.26
LANE-007312,Japan,P10,Air,2025-08,2,Medium,2.84
LANE-002418,Germany,P9,Truck,2026-08,4,Medium,1.41
LANE-003999,India,P5,Air,2026-05,2,Low,2.94
LANE-002716,China,P1,Truck,2025-10,5,Low,1.47
LANE-015651,Thailand,P8,Air,2025-09,2,Low,2.1
LANE-010719,Vietnam,P6,Truck,2025-05,4,Low,1.13
LANE-003869,India,P4,Truck,2026-07,4,Medium,0.99
LANE-006060,Brazil,P7,Air,2025-10,1,High,3.08
LANE-000746,United States,P10,Ocean,2026-08,28,Medium,0.56
LANE-010883,Vietnam,P8,Truck,2026-03,5,Medium,1.51
LANE-013122,France,P12,Ocean,2025-10,34,High,0.46
LANE-013595,Spain,P6,Ocean,2026-09,35,Low,0.48
LANE-000004,United States,P1,Truck,2025-04,1,Low,1.52
LANE-000016,United States,P1,Truck,2026-04,1,Low,
LANE-011543,Canada,P4,Air,2026-03,1,Low,3.64
LANE-008664,Italy,P3,Rail,2026-06,14,High,1.01
LANE-005956,Brazil,P6,Rail,2026-04,13,Medium,0.75
LANE-013481,Spain,P5,Truck,2026-05,4,Low,0.99
LANE-015250,Thailand,P4,Truck,2025-04,4,Low,1.19
LANE-011873,Canada,P8,Air,2026-03,3,Low,3.16
LANE-010877,Vietnam,P8,Truck,2025-09,4,Medium,1.26
LANE-000405,United States,P6,Ocean,2025-09,19,Low,0.46
LANE-007917,South Korea,P6,Rail,2026-07,12,Low,0.89
LANE-010476,Vietnam,P3,Truck,2025-04,6,Medium,0.91
LANE-006751,Japan,P4,Truck,2026-07,5,Low,1.58
LANE-016455,United Kingdom,P6,Rail,2026-09,13,Low,0.8
LANE-012057,Canada,P11,Truck,2025-01,4,Medium,1.35
LANE-006121,Brazil,P8,Ocean,2025-05,27,Low,0.88
LANE-005649,Brazil,P2,Ocean,2026-05,23,Low,0.51
LANE-005699,Brazil,P3,Rail,2025-01,13,High,0.9
LANE-007244,Japan,P10,Truck,2025-06,4,High,1.06
LANE-015156,Thailand,P2,Rail,2026-08,10,Low,0.79
LANE-014025,Spain,P12,Rail,2025-11,12,Low,1.01
LANE-004531,India,P12,Ocean,2026-09,29,Low,0.77
LANE-003248,China,P7,Rail,2026-02,12,Medium,
LANE-014054,Spain,P12,Ocean,2026-06,25,Medium,0.61
LANE-005735,Brazil,P3,Ocean,2026-03,31,Medium,0.73
LANE-015378,Thailand,P5,Rail,2026-10,13,Low,0.96
LANE-015186,Thailand,P3,Truck,2025-06,5,Low,1.46
LANE-009219,Italy,P10,Ocean,2025-01,21,Low,0.71
LANE-000594,United States,P8,Ocean,2026-10,29,Medium,0.54
LANE-008790,Italy,P5,Truck,2025-12,4,Low,1.41
LANE-013839,Spain,P9,Air,2025-01,2,Low,3.24
LANE-010427,Vietnam,P2,Truck,2026-09,5,Low,1.01
LANE-008647,Italy,P3,Rail,2025-01,12,High,1.27
LANE-015700,Thailand,P9,Rail,2026-02,11,Low,0.64
LANE-005958,Brazil,P6,Rail,2026-06,12,Medium,0.9
LANE-008817,Italy,P5,Rail,2026-05,12,Low,0.92
LANE-013968,Spain,P11,Rail,2026-08,10,High,0.74
LANE-013034,France,P11,Rail,2025-10,10,Medium,0.69
LANE-014468,Czech Republic,P5,Air,2026-02,3,Low,2.13
LANE-001082,Mexico,P3,Ocean,2025-04,22,Medium,0.73
LANE-004391,India,P10,Air,2026-01,2,Medium,
LANE-005794,Brazil,P4,Rail,2025-08,13,Low,0.88
LANE-014215,Czech Republic,P2,Ocean,2025-03,31,Low,0.71
LANE-009534,Turkey,P2,Air,2025-08,3,Medium,2.17
LANE-003862,India,P4,Truck,2025-12,5,Medium,0.97
LANE-003071,China,P5,Rail,2026-01,10,Low,0.82
LANE-004838,Poland,P4,Rail,2026-08,13,Low,0.65
LANE-011161,Vietnam,P11,Air,2025-07,3,Medium,2.86
LANE-016555,United Kingdom,P7,Air,2025-11,2,Medium,3.56
LANE-004988,Poland,P6,Truck,2026-04,5,Low,1.2
LANE-010237,Turkey,P11,Air,2025-07,3,High,3.63
LANE-000843,United States,P12,Ocean,2025-07,23,Low,0.45
LANE-014837,Czech Republic,P10,Rail,2025-09,12,Low,1.17
LANE-003709,India,P1,Air,2026-01,3,Low,2.68
LANE-013394,Spain,P4,Truck,2026-06,4,Low,1.32
LANE-015986,Thailand,P12,Air,2026-02,2,Low,3.71
LANE-012468,France,P3,Air,2026-04,3,Medium,3.11
LANE-015165,Thailand,P2,Ocean,2025-07,28,Medium,0.84
LANE-008075,South Korea,P8,Ocean,2025-01,29,Low,0.73
LANE-015688,Thailand,P9,Rail,2025-02,14,Low,1.26
LANE-001692,Mexico,P11,Truck,2026-08,3,Low,1.18
LANE-016579,United Kingdom,P8,Truck,2026-01,4,Medium,1.3
LANE-013768,Spain,P8,Air,2026-06,3,Low,2.48
LANE-005064,Poland,P7,Rail,2025-04,12,Low,0.73
LANE-000228,United States,P4,Rail,2025-08,12,Low,0.93
LANE-005039,Poland,P7,Truck,2025-01,3,Low,0.88
LANE-003939,India,P5,Rail,2025-01,12,Medium,0.99
LANE-006699,Japan,P3,Ocean,2025-11,29,Medium,0.57
LANE-016550,United Kingdom,P7,Air,2025-06,2,Medium,3.35
LANE-005826,Brazil,P4,Ocean,2026-06,20,Medium,0.7
LANE-010558,Vietnam,P4,Truck,2026-08,4,Medium,1.4
LANE-002223,Germany,P6,Ocean,2025-01,22,High,0.66
LANE-009797,Turkey,P6,Truck,2025-07,4,Medium,1.36
LANE-010698,Vietnam,P5,Air,2025-06,2,Medium,3.58
LANE-006217,Brazil,P9,Ocean,2026-01,26,Low,0.59
LANE-005052,Poland,P7,Truck,2026-02,5,Low,1.05
LANE-005038,Poland,P6,Ocean,2026-10,23,High,0.75
LANE-014676,Czech Republic,P8,Ocean,2025-02,25,Medium,0.79
LANE-007890,South Korea,P6,Truck,2026-02,5,High,1.58
LANE-005046,Poland,P7,Truck,2025-08,4,Low,1.16
LANE-001488,Mexico,P8,Air,2026-02,2,Low,
LANE-002622,Germany,P12,Truck,2025-04,4,High,1.35
LANE-015546,Thailand,P7,Ocean,2026-02,30,Low,0.5
LANE-009868,Turkey,P6,Air,2025-12,3,Low,3.49
LANE-002040,Germany,P3,Ocean,2026-04,27,Medium,0.8
LANE-013244,Spain,P2,Rail,2026-10,7,Medium,1.16
LANE-006532,Japan,P1,Rail,2026-08,14,Low,1.05
LANE-009548,Turkey,P2,Air,2026-10,2,Medium,2.38
LANE-005437,Poland,P12,Rail,2025-03,12,Low,0.88
LANE-002950,China,P4,Truck,2025-02,5,Low,0.96
LANE-007873,South Korea,P5,Air,2026-07,2,Medium,3.54
LANE-003801,India,P3,Truck,2026-05,6,Low,1.29
LANE-001463,Mexico,P8,Ocean,2025-11,27,Low,0.58
LANE-001992,Germany,P3,Truck,2025-12,6,Medium,
LANE-002549,Germany,P11,Truck,2026-07,5,High,1.08
LANE-003748,India,P2,Rail,2025-08,16,Low,1.18
LANE-002002,Germany,P3,Truck,2026-10,5,Medium,
LANE-006659,Japan,P3,Truck,2026-03,3,Low,1.2
LANE-007747,South Korea,P4,Ocean,2025-03,27,Medium,0.81
LANE-009547,Turkey,P2,Air,2026-09,3,Medium,3.69
LANE-008604,Italy,P2,Ocean,2025-02,32,Low,0.62
LANE-004493,India,P12,Rail,2025-05,12,Medium,1.24
LANE-010938,Vietnam,P9,Truck,2025-04,5,Medium,1.31
LANE-010643,Vietnam,P5,Truck,2026-05,4,Low,1.23
LANE-007650,South Korea,P3,Truck,2026-04,5,Low,0.95
LANE-008121,South Korea,P9,Truck,2025-03,4,Medium,1.18
LANE-014656,Czech Republic,P8,Rail,2025-04,13,Medium,0.89
LANE-012417,France,P3,Rail,2025-09,13,High,1.0
LANE-001280,Mexico,P6,Rail,2025-04,12,Low,1.2
LANE-000205,United States,P4,Truck,2025-07,5,Low,
LANE-010915,Vietnam,P8,Ocean,2025-03,27,Low,0.76
LANE-003265,China,P7,Ocean,2025-09,33,Low,0.5
LANE-008229,South Korea,P10,Rail,2025-01,12,Low,0.73
LANE-015211,Thailand,P3,Rail,2025-09,10,Low,1.14
LANE-011751,Canada,P7,Rail,2025-03,11,Low,0.99
LANE-000796,United States,P12,Truck,2025-04,4,Medium,1.6
LANE-014786,Czech Republic,P9,Air,2025-02,2,Medium,4.0
LANE-000346,United States,P5,Ocean,2026-04,24,Low,0.83
LANE-010080,Turkey,P10,Truck,2025-04,4,Medium,1.14
LANE-003045,China,P5,Truck,2025-09,3,Low,1.06
LANE-016564,United Kingdom,P7,Air,2026-08,2,Medium,2.3
LANE-004934,Poland,P5,Ocean,2025-06,31,Low,0.77
LANE-009497,Turkey,P2,Rail,2026-03,14,Medium,1.05
LANE-000302,United States,P5,Truck,2026-04,5,High,1.38
LANE-010187,Turkey,P11,Rail,2025-01,12,Low,1.02
LANE-011450,Canada,P3,Air,2025-10,1,Low,3.55
LANE-003121,China,P5,Air,2026-07,1,Low,2.99
LANE-013471,Spain,P5,Truck,2025-07,4,Low,
LANE-010428,Vietnam,P2,Truck,2026-10,3,Low,1.24
LANE-012948,France,P10,Truck,2025-12,5,Medium,1.04
LANE-005961,Brazil,P6,Rail,2026-09,11,Medium,1.04
LANE-000967,Mexico,P2,Truck,2026-09,4,High,0.8
LANE-013239,Spain,P2,Rail,2026-05,10,Medium,1.05
LANE-013850,Spain,P9,Air,2025-12,2,Low,2.8
LANE-014955,Czech Republic,P11,Ocean,2026-05,34,Medium,0.49
LANE-008113,South Korea,P8,Air,2026-05,2,Low,2.84
LANE-004552,India,P12,Air,2026-08,2,Medium,2.93
LANE-005648,Brazil,P2,Ocean,2026-04,28,Low,0.63
LANE-012631,France,P6,Rail,2025-03,14,Low,1.05
LANE-006693,Japan,P3,Ocean,2025-05,24,Medium,0.75
LANE-012052,Canada,P10,Air,2026-06,3,Low,
LANE-012938,France,P10,Truck,2025-02,4,Medium,1.31
LANE-004572,Poland,P1,Truck,2026-06,4,Medium,1.17
LANE-008545,Italy,P1,Air,2025-09,3,Low,3.13
LANE-010468,Vietnam,P2,Ocean,2026-06,29,Low,
LANE-012705,France,P7,Rail,2025-11,12,Low,0.68
LANE-012069,Canada,P11,Truck,2026-01,3,Medium,0.92
LANE-000502,United States,P7,Ocean,2026-06,27,Medium,0.46
LANE-012981,France,P10,Ocean,2025-01,31,Low,0.84
LANE-014465,Czech Republic,P5,Air,2025-11,3,Low,3.48
LANE-013646,Spain,P7,Rail,2025-06,7,Low,0.68
LANE-009647,Turkey,P4,Truck,2025-11,4,Low,1.14
LANE-016362,United Kingdom,P5,Rail,2026-04,12,Medium,0.7
LANE-014833,Czech Republic,P10,Rail,2025-05,10,Low,1.15
LANE-007567,South Korea,P2,Truck,2026-09,5,Low,1.21
LANE-000363,United States,P6,Truck,2025-11,5,Low,1.23
LANE-015006,Czech Republic,P12,Ocean,2025-02,28,Low,0.56
LANE-014668,Czech Republic,P8,Rail,2026-04,7,Medium,1.14
LANE-008665,Italy,P3,Rail,2026-07,10,High,0.65
LANE-001214,Mexico,P5,Ocean,2025-04,29,Low,0.53
LANE-001098,Mexico,P3,Ocean,2026-08,26,Medium,0.6
LANE-008764,Italy,P4,Ocean,2025-08,25,Low,0.74
LANE-008811,Italy,P5,Rail,2025-11,11,Low,0.75
LANE-015270,Thailand,P4,Rail,2025-02,10,Low,0.85
LANE-001141,Mexico,P4,Rail,2026-07,12,Low,0.93
LANE-002365,Germany,P8,Ocean,2025-11,31,Medium,0.81
LANE-008969,Italy,P7,Truck,2026-03,6,High,1.37
LANE-016806,United Kingdom,P10,Ocean,2026-08,26,Low,0.57
LANE-009965,Turkey,P8,Truck,2026-09,4,Low,1.53
LANE-002382,Germany,P8,Air,2025-06,3,Low,3.82
LANE-014208,Czech Republic,P2,Rail,2026-06,10,Low,1.01
LANE-003479,China,P10,Ocean,2025-03,21,Low,0.63
LANE-005461,Poland,P12,Ocean,2025-05,31,Low,
LANE-015000,Czech Republic,P12,Rail,2026-06,11,Medium,0.69
LANE-012144,Canada,P11,Air,2026-10,3,Low,2.21
LANE-010461,Vietnam,P2,Ocean,2025-11,33,Low,0.88
LANE-008964,Italy,P7,Truck,2025-10,3,High,1.3
LANE-000151,United States,P3,Rail,2026-07,10,Medium,1.06
LANE-009033,Italy,P7,Air,2026-01,4,Medium,2.19
LANE-005842,Brazil,P5,Truck,2025-12,5,Low,1.44
LANE-005110,Poland,P7,Air,2025-06,3,Low,3.57
LANE-004839,Poland,P4,Rail,2026-09,13,Low,0.98
LANE-014934,Czech Republic,P11,Rail,2026-06,8,Low,1.21
LANE-015734,Thailand,P9,Air,2025-04,2,Low,3.68
LANE-012087,Canada,P11,Rail,2025-09,9,Low,0.69
LANE-015543,Thailand,P7,Ocean,2025-11,29,Low,0.87
LANE-007031,Japan,P7,Rail,2026-01,8,Low,1.21
LANE-014240,Czech Republic,P2,Air,2025-06,3,High,3.56
LANE-005916,Brazil,P5,Air,2026-08,2,Low,2.67
LANE-015376,Thailand,P5,Rail,2026-08,10,Low,0.67
LANE-016440,United Kingdom,P6,Rail,2025-06,9,Low,1.26
LANE-010274,Turkey,P12,Truck,2026-10,4,Low,1.43
LANE-014595,Czech Republic,P7,Ocean,2025-09,26,Medium,0.69
LANE-016586,United Kingdom,P8,Truck,2026-08,5,Medium,1.42
LANE-005728,Brazil,P3,Ocean,2025-08,29,Medium,0.83
LANE-016652,United Kingdom,P8,Air,2026-08,3,Low,2.34
LANE-013733,Spain,P8,Ocean,2025-05,31,Medium,0.74
LANE-014251,Czech Republic,P2,Air,2026-05,3,High,3.18
LANE-002446,Germany,P9,Ocean,2025-04,30,Low,0.57
LANE-015513,Thailand,P7,Rail,2025-03,11,Low,1.11
LANE-003831,India,P3,Ocean,2025-03,26,Low,0.63
LANE-006642,Japan,P2,Ocean,2026-08,31,Low,0.53
LANE-015223,Thailand,P3,Rail,2026-09,11,Low,1.08
LANE-001304,Mexico,P6,Ocean,2025-06,28,Low,0.55
LANE-004427,India,P11,Rail,2025-05,10,Low,1.23
LANE-008848,Italy,P5,Air,2025-04,3,Low,3.26
LANE-007479,Japan,P12,Air,2026-09,3,Medium,4.09
LANE-012551,France,P5,Truck,2025-11,5,Medium,0.94
LANE-012848,France,P8,Air,2026-10,3,Low,2.56
LANE-016595,United Kingdom,P8,Rail,2025-07,12,Medium,0.99
LANE-005836,Brazil,P5,Truck,2025-06,4,Low,0.97
LANE-000893,Mexico,P1,Truck,2026-01,5,Medium,0.88
LANE-012357,France,P2,Rail,2026-03,12,Low,0.78
LANE-010012,Turkey,P9,Truck,2025-02,4,High,1.47
LANE-006452,Brazil,P12,Ocean,2025-06,31,Low,0.82
LANE-008687,Italy,P3,Ocean,2026-07,28,High,0.54
LANE-001577,Mexico,P9,Air,2026-03,2,Medium,3.64
LANE-001146,Mexico,P4,Ocean,2025-02,28,Low,0.77
LANE-009175,Italy,P10,Truck,2025-01,4,Low,1.27
LANE-001111,Mexico,P4,Truck,2025-11,5,Low,1.42
LANE-016383,United Kingdom,P5,Ocean,2026-03,33,Low,0.65
LANE-014036,Spain,P12,Rail,2026-10,10,Low,1.2
LANE-012512,France,P4,Rail,2026-04,9,Low,0.72
LANE-002953,China,P4,Truck,2025-05,3,Low,0.89
LANE-001091,Mexico,P3,Ocean,2026-01,26,Medium,0.66
LANE-006774,Japan,P4,Rail,2026-08,12,Low,1.13
LANE-012044,Canada,P10,Air,2025-10,3,Low,4.05
LANE-013959,Spain,P11,Rail,2025-11,10,High,1.19
LANE-011207,Vietnam,P12,Rail,2025-09,11,High,0.69
LANE-009906,Turkey,P7,Rail,2025-06,12,Low,1.1
LANE-005755,Brazil,P3,Air,2026-01,3,Medium,3.38
LANE-016183,United Kingdom,P3,Rail,2026-01,11,Low,1.25
LANE-002325,Germany,P8,Truck,2026-03,4,Medium,1.14
LANE-010677,Vietnam,P5,Ocean,2025-07,27,Medium,0.73
LANE-006437,Brazil,P12,Rail,2026-01,13,Medium,1.12
LANE-013474,Spain,P5,Truck,2025-10,5,Low,0.91
LANE-016275,United Kingdom,P4,Rail,2026-05,11,Low,1.17
LANE-005793,Brazil,P4,Rail,2025-07,10,Low,
LANE-009086,Italy,P8,Rail,2026-10,11,Medium,1.17
LANE-007067,Japan,P7,Air,2025-05,2,Low,3.8
LANE-004938,Poland,P5,Ocean,2025-10,25,Low,0.5
LANE-016894,United Kingdom,P11,Ocean,2026-08,34,Low,0.52
LANE-010383,Vietnam,P1,Ocean,2026-09,29,Low,0.83
LANE-006558,Japan,P1,Air,2025-02,3,High,3.51
LANE-002690,Germany,P12,Air,2025-06,2,Low,2.47
LANE-014625,Czech Republic,P7,Air,2026-05,2,Low,4.0
LANE-002495,Germany,P10,Rail,2025-09,13,Medium,1.1
LANE-000730,United States,P10,Ocean,2025-04,25,Medium,0.77
LANE-009212,Italy,P10,Rail,2026-04,12,Medium,1.14
LANE-002062,Germany,P4,Truck,2026-04,4,Low,
LANE-010529,Vietnam,P3,Ocean,2026-01,33,Low,0.68
LANE-002476,Germany,P10,Truck,2025-12,4,Medium,0.95
LANE-008147,South Korea,P9,Rail,2025-07,11,High,
LANE-002373,Germany,P8,Ocean,2026-07,29,Medium,0.65
LANE-016011,United Kingdom,P1,Truck,2026-05,4,Low,1.26
LANE-006783,Japan,P4,Ocean,2025-07,32,Low,0.56
LANE-004001,India,P5,Air,2026-07,2,Low,3.57
LANE-011892,Canada,P9,Truck,2025-12,5,Low,1.4
LANE-011754,Canada,P7,Rail,2025-06,10,Low,0.99
LANE-002346,Germany,P8,Rail,2026-02,11,Low,1.26
LANE-015079,Thailand,P1,Rail,2025-09,13,Low,0.8
LANE-002660,Germany,P12,Rail,2026-08,8,Medium,1.21
LANE-012349,France,P2,Rail,2025-07,9,Low,1.0
LANE-016945,United Kingdom,P12,Ocean,2025-05,20,Low,0.64
LANE-007035,Japan,P7,Rail,2026-05,13,Low,0.97
LANE-013735,Spain,P8,Ocean,2025-07,38,Medium,0.77
LANE-014319,Czech Republic,P3,Ocean,2026-07,32,Medium,0.78
LANE-001300,Mexico,P6,Ocean,2025-02,33,Low,0.6
LANE-014067,Spain,P12,Air,2025-09,2,Medium,4.12
LANE-006651,Japan,P3,Truck,2025-07,6,Low,1.54
LANE-003634,India,P1,Truck,2025-04,6,Medium,0.88
LANE-001230,Mexico,P5,Ocean,2026-08,25,Low,0.48
LANE-010581,Vietnam,P4,Rail,2026-09,7,Low,1.04
LANE-006748,Japan,P4,Truck,2026-04,5,Low,1.6
LANE-002290,Germany,P7,Ocean,2025-02,18,Medium,0.75
LANE-004109,India,P7,Truck,2026-05,5,Low,
LANE-000740,United States,P10,Ocean,2026-02,26,Medium,0.66
LANE-006193,Brazil,P9,Rail,2025-11,11,Medium,1.06
LANE-011382,Canada,P2,Air,2025-08,3,Low,2.67
LANE-000249,United States,P4,Ocean,2025-07,24,Low,0.74
LANE-008854,Italy,P5,Air,2025-10,2,Low,
LANE-005575,Brazil,P1,Air,2025-09,2,Medium,3.54
LANE-002944,China,P3,Air,2026-06,3,High,
LANE-005357,Poland,P11,Rail,2025-11,13,High,1.28
LANE-014546,Czech Republic,P7,Truck,2025-04,4,Low,0.89
LANE-005193,Poland,P8,Air,2025-01,1,Medium,3.75
LANE-006112,Brazil,P8,Rail,2026-06,16,Low,1.14
LANE-005749,Brazil,P3,Air,2025-07,3,Medium,2.74
LANE-015226,Thailand,P3,Ocean,2025-02,36,Low,0.57
LANE-001221,Mexico,P5,Ocean,2025-11,20,Low,0.63
LANE-005973,Brazil,P6,Ocean,2025-11,28,Low,
LANE-007370,Japan,P11,Rail,2026-10,10,High,0.84
LANE-011075,Vietnam,P10,Air,2025-09,3,Low,4.0
LANE-005808,Brazil,P4,Rail,2026-10,13,Low,1.25
LANE-011864,Canada,P8,Air,2025-06,2,Low,2.61
LANE-005232,Poland,P9,Truck,2026-06,3,Low,0.83
LANE-016648,United Kingdom,P8,Air,2026-04,3,Low,3.59
LANE-008472,Italy,P1,Truck,2025-02,4,Medium,0.86
LANE-013582,Spain,P6,Ocean,2025-08,21,Low,0.45
LANE-014529,Czech Republic,P6,Ocean,2025-09,24,Medium,0.83
LANE-008123,South Korea,P9,Truck,2025-05,4,Medium,1.33
LANE-006586,Japan,P2,Truck,2025-08,4,Medium,0.8
LANE-012365,France,P2,Ocean,2025-01,22,Medium,0.76
LANE-009644,Turkey,P4,Truck,2025-08,4,Low,1.38
LANE-003635,India,P1,Truck,2025-05,6,Medium,1.18
LANE-000061,United States,P2,Truck,2026-05,1,Low,1.1
LANE-005951,Brazil,P6,Rail,2025-11,12,Medium,0.87
LANE-005818,Brazil,P4,Ocean,2025-10,31,Medium,0.44
LANE-014099,Czech Republic,P1,Truck,2026-07,5,Low,0.92
LANE-016639,United Kingdom,P8,Air,2025-07,2,Low,3.31
LANE-012675,France,P7,Truck,2025-03,5,Medium,1.39
LANE-001358,Mexico,P7,Truck,2026-04,4,High,1.35
LANE-005093,Poland,P7,Ocean,2025-11,32,Low,0.71
LANE-003148,China,P6,Rail,2025-02,10,Medium,1.01
LANE-001042,Mexico,P3,Truck,2025-08,4,Low,1.57
LANE-002492,Germany,P10,Rail,2025-06,9,Medium,0.79
LANE-008375,South Korea,P11,Air,2026-03,2,Medium,3.15
LANE-011830,Canada,P8,Rail,2026-04,12,Low,1.25
LANE-011668,Canada,P6,Rail,2025-08,11,Low,
LANE-001922,Germany,P2,Truck,2025-08,5,Low,0.97
LANE-006653,Japan,P3,Truck,2025-09,4,Low,1.32
LANE-003990,India,P5,Air,2025-08,2,Low,2.94
LANE-015433,Thailand,P6,Rail,2025-11,8,Low,1.16
LANE-012926,France,P9,Air,2025-12,2,Medium,3.43
LANE-004890,Poland,P5,Truck,2025-06,5,High,
LANE-014385,Czech Republic,P4,Ocean,2026-07,23,High,0.87
LANE-002429,Germany,P9,Rail,2025-09,11,Low,1.05
LANE-016819,United Kingdom,P10,Air,2025-11,3,Low,4.12
LANE-005561,Brazil,P1,Ocean,2026-05,28,Medium,0.55
LANE-012882,France,P9,Rail,2025-12,14,Medium,1.01
LANE-010258,Turkey,P12,Truck,2025-06,5,Low,1.09
LANE-002529,Germany,P10,Ocean,2026-09,29,Low,0.61
LANE-014312,Czech Republic,P3,Ocean,2025-12,21,Medium,0.63
LANE-012907,France,P9,Ocean,2026-03,23,Low,0.61
LANE-011042,Vietnam,P10,Rail,2026-08,9,Medium,0.71
LANE-001418,Mexico,P8,Truck,2025-10,3,Low,
LANE-001978,Germany,P2,Ocean,2026-08,25,Low,0.88
LANE-005783,Brazil,P4,Truck,2026-07,6,High,1.49
LANE-014749,Czech Republic,P9,Rail,2025-09,9,Low,1.13
LANE-002897,China,P3,Rail,2026-03,11,Medium,1.18
LANE-006453,Brazil,P12,Ocean,2025-07,34,Low,0.82
LANE-009822,Turkey,P6,Rail,2025-10,11,Low,0.67
LANE-013732,Spain,P8,Ocean,2025-04,33,Medium,0.8
LANE-015462,Thailand,P6,Ocean,2026-06,34,High,0.78
LANE-016375,United Kingdom,P5,Ocean,2025-07,25,Low,0.83
LANE-012703,France,P7,Rail,2025-09,9,Low,1.16
LANE-010707,Vietnam,P5,Air,2026-03,2,Medium,
LANE-016804,United Kingdom,P10,Ocean,2026-06,30,Low,0.86
LANE-014666,Czech Republic,P8,Rail,2026-02,13,Medium,1.16
LANE-000716,United States,P10,Rail,2025-12,13,Low,0.71
LANE-016190,United Kingdom,P3,Rail,2026-08,11,Low,0.82
LANE-002245,Germany,P7,Truck,2025-01,4,High,1.07
LANE-011557,Canada,P5,Truck,2025-07,5,High,0.83
LANE-008368,South Korea,P11,Air,2025-08,3,Medium,2.15
LANE-011335,Canada,P2,Rail,2025-05,10,Medium,1.05
LANE-002168,Germany,P5,Air,2025-12,1,Low,3.65
LANE-016600,United Kingdom,P8,Rail,2025-12,11,Medium,0.7
LANE-013476,Spain,P5,Truck,2025-12,3,Low,1.08
LANE-010333,Vietnam,P1,Truck,2026-03,4,Low,1.34
LANE-011889,Canada,P9,Truck,2025-09,4,Low,0.81
LANE-002013,Germany,P3,Rail,2025-11,9,Low,0.98
LANE-001191,Mexico,P5,Rail,2025-03,13,Medium,1.24
LANE-010785,Vietnam,P6,Air,2025-05,3,Low,
LANE-010682,Vietnam,P5,Ocean,2025-12,32,Medium,0.68
LANE-014233,Czech Republic,P2,Ocean,2026-09,24,Low,0.66
LANE-009049,Italy,P8,Truck,2025-07,5,Low,0.92
LANE-015677,Thailand,P9,Truck,2026-01,5,Low,1.23
LANE-013993,Spain,P12,Truck,2025-01,5,High,0.86
LANE-003808,India,P3,Rail,2025-02,11,Low,0.91
LANE-000449,United States,P7,Truck,2025-09,6,High,1.58
LANE-009078,Italy,P8,Rail,2026-02,10,Medium,0.65
LANE-007928,South Korea,P6,Ocean,2025-08,29,Medium,0.78
LANE-014791,Czech Republic,P9,Air,2025-07,3,Medium,2.22
LANE-004217,India,P8,Rail,2026-03,12,Medium,1.25
LANE-003279,China,P7,Air,2025-01,2,Low,2.48
LANE-006332,Brazil,P10,Air,2026-06,3,Low,2.89
LANE-015504,Thailand,P7,Truck,2026-04,4,Low,1.26
LANE-002960,China,P4,Truck,2025-12,5,Low,1.4
LANE-009466,Turkey,P2,Truck,2025-06,3,Medium,0.9
LANE-014821,Czech Republic,P10,Truck,2026-03,4,Low,1.31
LANE-010466,Vietnam,P2,Ocean,2026-04,25,Low,0.51
LANE-001477,Mexico,P8,Air,2025-03,2,Low,2.15
LANE-012941,France,P10,Truck,2025-05,6,Medium,1.47
LANE-008705,Italy,P3,Air,2026-03,2,High,2.8
LANE-009981,Turkey,P8,Rail,2026-03,11,Low,1.08
LANE-005955,Brazil,P6,Rail,2026-03,10,Medium,1.2
LANE-015251,Thailand,P4,Truck,2025-05,5,Low,1.39
LANE-015468,Thailand,P6,Air,2025-02,3,Low,3.06
LANE-006636,Japan,P2,Ocean,2026-02,31,Low,0.48
LANE-000877,United States,P12,Air,2026-07,3,Low,2.41
LANE-011967,Canada,P9,Air,2026-09,3,Medium,3.66
LANE-016941,United Kingdom,P12,Ocean,2025-01,25,Low,0.87
LANE-004194,India,P8,Truck,2026-02,5,Low,0.86
LANE-002421,Germany,P9,Rail,2025-01,10,Low,0.91
LANE-005597,Brazil,P2,Truck,2025-09,5,Low,1.27
LANE-009105,Italy,P8,Ocean,2026-07,23,Low,0.5
LANE-005124,Poland,P7,Air,2026-08,3,Low,2.79
LANE-012242,France,P1,Truck,2025-10,3,Medium,1.4
LANE-007486,South Korea,P1,Truck,2025-06,4,Medium,1.37
LANE-007310,Japan,P10,Air,2025-06,2,Medium,2.27
LANE-002384,Germany,P8,Air,2025-08,1,Low,
LANE-007293,Japan,P10,Ocean,2025-11,22,Low,0.69
LANE-014214,Czech Republic,P2,Ocean,2025-02,28,Low,0.7
LANE-009653,Turkey,P4,Truck,2026-05,4,Low,1.47
LANE-014938,Czech Republic,P11,Rail,2026-10,11,Low,0.71
LANE-006235,Brazil,P9,Air,2025-09,2,Low,2.54
LANE-008420,South Korea,P12,Rail,2026-04,15,Low,0.66
LANE-001270,Mexico,P6,Truck,2026-04,4,Low,0.95
LANE-002089,Germany,P4,Rail,2026-09,12,Low,1.03
LANE-010182,Turkey,P11,Truck,2026-06,3,Low,1.59
LANE-006658,Japan,P3,Truck,2026-02,5,Low,1.37
LANE-007034,Japan,P7,Rail,2026-04,11,Low,1.16
LANE-008675,Italy,P3,Ocean,2025-07,25,High,0.73
LANE-003420,China,P9,Ocean,2025-10,25,Low,0.5
LANE-000963,Mexico,P2,Truck,2026-05,4,High,1.28
LANE-015406,Thailand,P6,Truck,2025-06,5,Low,0.89
LANE-009206,Italy,P10,Rail,2025-10,9,Medium,0.74
LANE-012572,France,P5,Rail,2025-10,11,Medium,0.92
LANE-007097,Japan,P8,Truck,2026-01,5,High,1.34
LANE-016506,United Kingdom,P7,Rail,2025-06,10,Medium,1.16
LANE-005702,Brazil,P3,Rail,2025-04,11,High,0.95
LANE-014253,Czech Republic,P2,Air,2026-07,3,High,3.51
LANE-016599,United Kingdom,P8,Rail,2025-11,10,Medium,0.78
LANE-013752,Spain,P8,Air,2025-02,3,Low,3.92
LANE-003770,India,P2,Ocean,2025-08,31,Low,0.79
LANE-013816,Spain,P9,Rail,2026-10,13,Low,0.66
LANE-012554,France,P5,Truck,2026-02,3,Medium,1.02
LANE-000459,United States,P7,Truck,2026-07,4,High,0.94
LANE-012355,France,P2,Rail,2026-01,10,Low,0.91
LANE-007169,Japan,P8,Air,2026-07,3,High,2.28
LANE-006787,Japan,P4,Ocean,2025-11,33,Low,0.88
LANE-002137,Germany,P5,Rail,2025-03,7,Low,1.08
LANE-001454,Mexico,P8,Ocean,2025-02,20,Low,0.56
LANE-007247,Japan,P10,Truck,2025-09,5,High,1.5
LANE-012171,Canada,P12,Rail,2025-05,11,Low,1.1
LANE-013694,Spain,P8,Truck,2025-10,4,Medium,1.56
LANE-005925,Brazil,P6,Truck,2025-07,5,Low,1.48
LANE-005106,Poland,P7,Air,2025-02,3,Low,2.98
LANE-013412,Spain,P4,Rail,2026-02,12,Low,1.1
LANE-001651,Mexico,P10,Air,2025-01,3,Low,3.18
LANE-007789,South Korea,P5,Truck,2025-01,3,Low,1.48
LANE-009994,Turkey,P8,Ocean,2025-06,26,Medium,0.59
LANE-003549,China,P11,Ocean,2025-07,28,Low,0.67
LANE-010988,Vietnam,P9,Ocean,2025-10,29,Low,0.86
LANE-009968,Turkey,P8,Rail,2025-02,10,Low,1.26
LANE-011551,Canada,P5,Truck,2025-01,5,High,1.48
LANE-006254,Brazil,P10,Truck,2025-06,5,Low,1.24
LANE-005871,Brazil,P5,Rail,2026-07,10,Medium,1.17
LANE-015625,Thailand,P8,Ocean,2025-05,26,Low,0.87
LANE-011941,Canada,P9,Ocean,2026-05,29,High,0.61
LANE-003096,China,P5,Ocean,2026-04,24,Medium,0.49
LANE-000826,United States,P12,Rail,2025-12,11,Low,0.96
LANE-006682,Japan,P3,Rail,2026-04,9,Low,1.05
LANE-004495,India,P12,Rail,2025-07,12,Medium,1.25
LANE-016813,United Kingdom,P10,Air,2025-05,2,Low,4.11
LANE-003438,China,P10,Truck,2025-06,3,Medium,0.87
LANE-003254,China,P7,Rail,2026-08,13,Medium,1.0
LANE-016182,United Kingdom,P3,Rail,2025-12,13,Low,0.87
LANE-012632,France,P6,Rail,2025-04,13,Low,1.06
LANE-008073,South Korea,P8,Rail,2026-09,9,High,0.71
LANE-015591,Thailand,P8,Truck,2026-03,5,Low,1.22
LANE-012306,France,P1,Air,2025-08,3,Medium,2.98
LANE-011145,Vietnam,P11,Ocean,2026-01,21,Low,0.74
LANE-003987,India,P5,Air,2025-05,3,Low,3.41
LANE-012958,France,P10,Truck,2026-10,5,Medium,
LANE-007763,South Korea,P4,Ocean,2026-07,32,Medium,0.66
LANE-008458,South Korea,P12,Air,2025-10,2,Medium,3.54
LANE-003676,India,P1,Ocean,2025-02,29,Low,0.49
LANE-000097,United States,P2,Air,2025-09,1,Low,3.91
LANE-003161,China,P6,Rail,2026-03,13,Medium,0.8
LANE-010498,Vietnam,P3,Rail,2025-04,13,Low,1.17
LANE-003800,India,P3,Truck,2026-04,4,Low,1.58
LANE-012097,Canada,P11,Rail,2026-07,11,Low,0.72
LANE-010880,Vietnam,P8,Truck,2025-12,5,Medium,0.81
LANE-013060,France,P11,Ocean,2026-02,24,Medium,0.54
LANE-016580,United Kingdom,P8,Truck,2026-02,5,Medium,1.59
LANE-002478,Germany,P10,Truck,2026-02,4,Medium,1.04
LANE-006952,Japan,P6,Rail,2026-10,11,Medium,1.09
LANE-016964,United Kingdom,P12,Air,2025-02,2,Low,3.61
LANE-004467,India,P12,Truck,2025-01,4,Medium,1.17
LANE-016661,United Kingdom,P9,Truck,2025-07,5,Medium,1.3
LANE-016927,United Kingdom,P12,Rail,2025-09,6,Medium,1.21
LANE-002280,Germany,P7,Rail,2026-02,11,Low,1.13
LANE-004267,India,P9,Truck,2026-09,2,Low,0.8
LANE-015233,Thailand,P3,Ocean,2025-09,24,Low,0.58
LANE-001793,Mexico,P12,Rail,2025-11,10,High,0.97
LANE-011736,Canada,P7,Truck,2025-10,5,Low,1.47
LANE-000629,United States,P9,Rail,2026-01,13,Low,1.25
LANE-000269,United States,P4,Air,2025-05,2,Low,3.48
LANE-014918,Czech Republic,P11,Rail,2025-02,13,Low,1.01
LANE-015143,Thailand,P2,Rail,2025-07,11,Low,1.13
LANE-003743,India,P2,Rail,2025-03,11,Low,0.85
LANE-016336,United Kingdom,P5,Truck,2025-12,5,Low,1.39
LANE-010269,Turkey,P12,Truck,2026-05,4,Low,0.96
LANE-008567,Italy,P2,Truck,2025-09,4,Low,1.3
LANE-015161,Thailand,P2,Ocean,2025-03,28,Medium,0.58
LANE-010540,Vietnam,P4,Truck,2025-02,5,Medium,0.99
LANE-003459,China,P10,Rail,2025-05,10,Low,0.88
LANE-002918,China,P3,Ocean,2026-02,25,Low,0.61
LANE-001294,Mexico,P6,Rail,2026-06,12,Low,0.89
LANE-010076,Turkey,P9,Ocean,2026-10,27,Low,0.75
LANE-001802,Mexico,P12,Rail,2026-08,11,High,0.76
LANE-000030,United States,P1,Rail,2025-08,8,Low,0.86
LANE-012386,France,P2,Ocean,2026-10,31,Medium,0.55
LANE-009147,Italy,P9,Rail,2026-05,11,High,1.07
LANE-008057,South Korea,P8,Rail,2025-05,10,High,0.97
LANE-003477,China,P10,Ocean,2025-01,35,Low,0.44
LANE-013999,Spain,P12,Truck,2025-07,5,High,1.26
LANE-010349,Vietnam,P1,Rail,2025-09,12,Low,1.08
LANE-000347,United States,P5,Ocean,2026-05,24,Low,0.82
LANE-016716,United Kingdom,P9,Ocean,2026-06,29,High,0.58
LANE-007324,Japan,P10,Air,2026-08,2,Medium,2.94
LANE-013351,Spain,P3,Ocean,2026-07,28,Low,0.47
LANE-011824,Canada,P8,Rail,2025-10,12,Low,0.73
LANE-008544,Italy,P1,Air,2025-08,3,Low,2.2
LANE-009885,Turkey,P7,Truck,2025-07,5,High,1.09
LANE-011760,Canada,P7,Rail,2025-12,10,Low,1.21
LANE-016214,United Kingdom,P3,Ocean,2026-10,26,Low,0.5
LANE-008024,South Korea,P7,Ocean,2026-04,27,Low,0.49
LANE-016353,United Kingdom,P5,Rail,2025-07,14,Medium,1.1
LANE-005743,Brazil,P3,Air,2025-01,3,Medium,3.57
LANE-008100,South Korea,P8,Air,2025-04,3,Low,3.31
LANE-006323,Brazil,P10,Air,2025-09,3,Low,2.54
LANE-005343,Poland,P11,Truck,2026-07,4,Low,0.92
LANE-002311,Germany,P8,Truck,2025-01,5,Medium,
LANE-000588,United States,P8,Ocean,2026-04,34,Medium,0.45
LANE-011311,Canada,P2,Truck,2025-03,6,Low,1.51
LANE-016720,United Kingdom,P9,Ocean,2026-10,26,High,0.58
LANE-002756,China,P1,Ocean,2025-06,31,Low,
LANE-013240,Spain,P2,Rail,2026-06,15,Medium,1.18
LANE-006259,Brazil,P10,Truck,2025-11,4,Low,1.45
LANE-002322,Germany,P8,Truck,2025-12,5,Medium,0.98
LANE-001829,Germany,P1,Truck,2025-03,5,Low,1.07
LANE-015482,Thailand,P6,Air,2026-04,2,Low,3.72
LANE-007839,South Korea,P5,Ocean,2025-07,27,Medium,0.59
LANE-001031,Mexico,P2,Air,2026-07,3,Low,3.91
LANE-014115,Czech Republic,P1,Rail,2026-01,13,Low,1.22
LANE-001863,Germany,P1,Rail,2026-03,12,Low,0.74
LANE-003041,China,P5,Truck,2025-05,5,Low,1.56
LANE-015809,Thailand,P10,Ocean,2026-01,27,Low,0.63
LANE-010912,Vietnam,P8,Rail,2026-10,11,Low,0.73
LANE-003780,India,P2,Ocean,2026-06,24,Low,0.84
LANE-014894,Czech Republic,P10,Air,2026-10,3,Low,3.02
LANE-004653,Poland,P2,Rail,2025-11,9,Low,1.22
LANE-010105,Turkey,P10,Rail,2025-07,12,Medium,0.8
LANE-011728,Canada,P7,Truck,2025-02,4,Low,1.52
LANE-002152,Germany,P5,Rail,2026-06,10,Low,
LANE-007875,South Korea,P5,Air,2026-09,2,Medium,3.88
LANE-002094,Germany,P4,Ocean,2025-04,30,High,0.61
LANE-011794,Canada,P8,Truck,2025-02,7,Medium,1.41
LANE-004787,Poland,P3,Air,2026-01,2,Low,3.38
LANE-006449,Brazil,P12,Ocean,2025-03,27,Low,0.66
LANE-016080,United Kingdom,P1,Air,2026-08,3,Low,3.01
LANE-004179,India,P7,Air,2026-09,2,Medium,3.65
LANE-010966,Vietnam,P9,Rail,2025-10,12,Medium,1.11
LANE-014018,Spain,P12,Rail,2025-04,10,Low,0.85
LANE-013801,Spain,P9,Rail,2025-07,9,Low,0.66
LANE-007155,Japan,P8,Air,2025-05,2,High,3.2
LANE-002100,Germany,P4,Ocean,2025-10,26,High,0.74
LANE-015916,Thailand,P12,Truck,2025-10,5,High,1.24
LANE-006681,Japan,P3,Rail,2026-03,12,Low,0.94
LANE-010962,Vietnam,P9,Rail,2025-06,11,Medium,0.86
LANE-006634,Japan,P2,Ocean,2025-12,21,Low,0.73
LANE-000246,United States,P4,Ocean,2025-04,26,Low,0.66
LANE-006531,Japan,P1,Rail,2026-07,10,Low,0.74
LANE-002992,China,P4,Rail,2026-10,11,Medium,1.27
LANE-009077,Italy,P8,Rail,2026-01,12,Medium,0.69
LANE-010903,Vietnam,P8,Rail,2026-01,10,Low,0.72
LANE-005218,Poland,P9,Truck,2025-04,5,Low,0.85
LANE-009448,Turkey,P1,Air,2025-10,2,High,3.85
LANE-007225,Japan,P9,Ocean,2025-09,34,Low,0.48
LANE-016919,United Kingdom,P12,Rail,2025-01,8,Medium,1.03
LANE-013227,Spain,P2,Rail,2025-05,10,Medium,1.01
LANE-000112,United States,P3,Truck,2025-02,5,Low,1.11
LANE-006363,Brazil,P11,Rail,2025-05,16,Low,0.93
LANE-006098,Brazil,P8,Rail,2025-04,13,Low,1.26
LANE-000820,United States,P12,Rail,2025-06,13,Low,1.24
LANE-008093,South Korea,P8,Ocean,2026-07,28,Low,0.73
LANE-002562,Germany,P11,Rail,2025-10,12,High,0.78
LANE-009246,Italy,P11,Truck,2025-06,5,Low,1.47
LANE-007744,South Korea,P4,Rail,2026-10,10,Low,0.64
LANE-002477,Germany,P10,Truck,2026-01,5,Medium,1.33
LANE-004991,Poland,P6,Truck,2026-07,4,Low,1.4
LANE-005412,Poland,P11,Air,2026-10,3,High,3.28
LANE-015681,Thailand,P9,Truck,2026-05,5,Low,1.52
LANE-015553,Thailand,P7,Ocean,2026-09,32,Low,0.79
LANE-015280,Thailand,P4,Rail,2025-12,12,Low,0.73
LANE-015741,Thailand,P9,Air,2025-11,2,Low,3.63
LANE-006664,Japan,P3,Truck,2026-08,4,Low,1.22
LANE-016309,United Kingdom,P4,Air,2025-07,2,Low,3.64
LANE-004788,Poland,P3,Air,2026-02,2,Low,3.24
LANE-010944,Vietnam,P9,Truck,2025-10,4,Medium,1.19
LANE-005603,Brazil,P2,Truck,2026-03,5,Low,1.13
LANE-016718,United Kingdom,P9,Ocean,2026-08,30,High,0.47
LANE-005694,Brazil,P3,Truck,2026-06,4,Low,1.14
LANE-003013,China,P4,Ocean,2026-09,35,Low,0.46
LANE-003589,China,P12,Rail,2025-03,10,Medium,0.89
LANE-000969,Mexico,P2,Rail,2025-01,14,Low,0.64
LANE-009533,Turkey,P2,Air,2025-07,2,Medium,2.74
LANE-004900,Poland,P5,Truck,2026-04,4,High,
LANE-008837,Italy,P5,Ocean,2026-03,34,High,0.63
LANE-013629,Spain,P7,Truck,2025-11,4,Medium,1.34
LANE-015691,Thailand,P9,Rail,2025-05,11,Low,1.13
LANE-002916,China,P3,Ocean,2025-12,24,Low,0.45
LANE-015804,Thailand,P10,Ocean,2025-08,24,Low,0.47
LANE-003206,China,P6,Air,2026-04,2,Medium,2.39
LANE-016569,United Kingdom,P8,Truck,2025-03,4,Medium,1.36
LANE-006467,Brazil,P12,Ocean,2026-09,28,Low,0.75
LANE-011462,Canada,P3,Air,2026-10,1,Low,2.45
LANE-008120,South Korea,P9,Truck,2025-02,5,Medium,1.12
LANE-014152,Czech Republic,P1,Air,2025-06,3,Low,2.32
LANE-010425,Vietnam,P2,Truck,2026-07,5,Low,1.54
LANE-011921,Canada,P9,Rail,2026-07,12,Medium,0.87
LANE-004479,India,P12,Truck,2026-01,6,Medium,1.45
LANE-000245,United States,P4,Ocean,2025-03,28,Low,0.48
LANE-011499,Canada,P4,Rail,2026-03,12,Medium,0.65
LANE-000299,United States,P5,Truck,2026-01,4,High,1.17
LANE-005467,Poland,P12,Ocean,2025-11,30,Low,0.71
LANE-007773,South Korea,P4,Air,2025-07,3,Low,4.13
LANE-008711,Italy,P3,Air,2026-09,3,High,3.0
LANE-000207,United States,P4,Truck,2025-09,5,Low,1.43
LANE-004268,India,P9,Truck,2026-10,1,Low,0.97
LANE-015614,Thailand,P8,Rail,2026-04,12,Low,0.99
LANE-003450,China,P10,Truck,2026-06,6,Medium,0.91
LANE-015259,Thailand,P4,Truck,2026-01,4,Low,1.08
LANE-015989,Thailand,P12,Air,2026-05,2,Low,2.91
LANE-016428,United Kingdom,P6,Truck,2026-04,5,High,1.39
LANE-010947,Vietnam,P9,Truck,2026-01,4,Medium,1.24
LANE-014685,Czech Republic,P8,Ocean,2025-11,24,Medium,0.82
LANE-008071,South Korea,P8,Rail,2026-07,11,High,1.24
LANE-016126,United Kingdom,P2,Rail,2026-10,12,High,0.65
LANE-007566,South Korea,P2,Truck,2026-08,5,Low,0.86
LANE-006426,Brazil,P12,Rail,2025-02,14,Medium,1.26
LANE-000679,United States,P9,Air,2026-07,3,Low,2.32
LANE-009889,Turkey,P7,Truck,2025-11,4,High,1.42
LANE-014123,Czech Republic,P1,Rail,2026-09,13,Low,0.91
LANE-014422,Czech Republic,P5,Rail,2025-12,16,Low,1.17
LANE-001309,Mexico,P6,Ocean,2025-11,30,Low,0.56
LANE-005683,Brazil,P3,Truck,2025-07,6,Low,1.44
LANE-005571,Brazil,P1,Air,2025-05,2,Medium,4.05
LANE-004924,Poland,P5,Rail,2026-06,10,Medium,1.21
LANE-014394,Czech Republic,P5,Truck,2025-06,4,Low,1.35
LANE-000507,United States,P7,Air,2025-01,2,Medium,3.58
LANE-011717,Canada,P6,Air,2026-01,2,Low,3.59
LANE-008559,Italy,P2,Truck,2025-01,5,Low,1.27
LANE-007171,Japan,P8,Air,2026-09,2,High,2.31
LANE-015200,Thailand,P3,Truck,2026-08,5,Low,0.97
LANE-009449,Turkey,P1,Air,2025-11,2,High,3.42
LANE-003000,China,P4,Ocean,2025-08,25,Low,0.78
LANE-000953,Mexico,P2,Truck,2025-07,6,High,1.45
LANE-012327,France,P2,Truck,2025-07,5,Medium,1.06
LANE-000415,United States,P6,Ocean,2026-07,18,Low,0.69
LANE-007160,Japan,P8,Air,2025-10,3,High,3.77
LANE-012951,France,P10,Truck,2026-03,4,Medium,
LANE-005272,Poland,P9,Ocean,2026-02,29,Medium,0.62
LANE-001838,Germany,P1,Truck,2025-12,6,Low,1.45
LANE-004256,India,P9,Truck,2025-10,1,Low,1.12
LANE-009745,Turkey,P5,Rail,2026-09,8,Medium,1.22
LANE-005367,Poland,P11,Rail,2026-09,11,High,1.0
LANE-009459,Turkey,P1,Air,2026-09,3,High,3.95
LANE-013817,Spain,P9,Ocean,2025-01,22,Medium,0.86
LANE-000795,United States,P12,Truck,2025-03,3,Medium,1.33
LANE-001843,Germany,P1,Truck,2026-05,3,Low,1.25
LANE-007012,Japan,P7,Truck,2026-04,6,Medium,0.95
LANE-002329,Germany,P8,Truck,2026-07,4,Medium,
LANE-005861,Brazil,P5,Rail,2025-09,10,Medium,1.13
LANE-001263,Mexico,P6,Truck,2025-09,4,Low,1.4
LANE-009276,Italy,P11,Rail,2026-02,11,Low,0.97
LANE-005201,Poland,P8,Air,2025-09,2,Medium,3.13
LANE-012546,France,P5,Truck,2025-06,4,Medium,1.25
LANE-009926,Turkey,P7,Ocean,2025-04,30,Low,0.65
LANE-008243,South Korea,P10,Rail,2026-03,10,Low,0.66
LANE-016144,United Kingdom,P2,Ocean,2026-06,26,Low,0.57
LANE-007180,Japan,P9,Truck,2025-08,6,High,1.28
LANE-003575,China,P12,Truck,2025-11,5,High,1.37
LANE-001193,Mexico,P5,Rail,2025-05,10,Medium,0.72
LANE-013565,Spain,P6,Rail,2026-01,7,Low,1.15
LANE-000122,United States,P3,Truck,2025-12,4,Low,1.24
LANE-005552,Brazil,P1,Ocean,2025-08,27,Medium,0.63
LANE-001366,Mexico,P7,Rail,2025-02,14,High,1.13
LANE-014151,Czech Republic,P1,Air,2025-05,3,Low,4.09
LANE-006271,Brazil,P10,Rail,2025-01,10,Low,
LANE-000756,United States,P11,Truck,2025-08,1,Medium,
LANE-004561,Poland,P1,Truck,2025-07,4,Medium,0.93
LANE-001578,Mexico,P9,Air,2026-04,2,Medium,3.55
LANE-010584,Vietnam,P4,Ocean,2025-02,33,Low,0.65
LANE-009569,Turkey,P3,Truck,2026-09,3,Medium,1.12
LANE-008841,Italy,P5,Ocean,2026-07,25,High,0.5
LANE-005686,Brazil,P3,Truck,2025-10,5,Low,1.2
LANE-014517,Czech Republic,P6,Rail,2026-07,11,Medium,1.1
LANE-013744,Spain,P8,Ocean,2026-04,25,Medium,0.48
LANE-000962,Mexico,P2,Truck,2026-04,5,High,1.17
LANE-001135,Mexico,P4,Rail,2026-01,9,Low,0.81
LANE-000115,United States,P3,Truck,2025-05,6,Low,1.42
LANE-012204,Canada,P12,Ocean,2026-04,30,Medium,0.65
LANE-000329,United States,P5,Rail,2026-09,11,Low,1.03
LANE-000790,United States,P11,Rail,2026-08,8,Low,0.76
LANE-010051,Turkey,P9,Rail,2026-07,15,Medium,1.07
LANE-004094,India,P7,Truck,2025-02,6,Low,1.02
LANE-000325,United States,P5,Rail,2026-05,13,Low,1.23
LANE-002032,Germany,P3,Ocean,2025-08,24,Medium,
LANE-008541,Italy,P1,Air,2025-05,3,Low,3.41
LANE-010474,Vietnam,P3,Truck,2025-02,5,Medium,1.07
LANE-000077,United States,P2,Rail,2025-11,9,Low,0.66
LANE-007069,Japan,P7,Air,2025-07,3,Low,2.35
LANE-012124,Canada,P11,Air,2025-02,3,Low,4.15
LANE-013637,Spain,P7,Truck,2026-07,6,Medium,1.08
LANE-016452,United Kingdom,P6,Rail,2026-06,9,Low,0.94
LANE-015355,Thailand,P5,Truck,2026-09,4,Low,1.35
LANE-010908,Vietnam,P8,Rail,2026-06,11,Low,
LANE-010450,Vietnam,P2,Rail,2026-10,11,High,1.06
LANE-013496,Spain,P5,Rail,2025-10,12,Low,1.25
LANE-013782,Spain,P9,Truck,2025-10,5,Low,1.01
LANE-005650,Brazil,P2,Ocean,2026-06,27,Low,0.56
LANE-016829,United Kingdom,P10,Air,2026-09,2,Low,2.5
LANE-000281,United States,P4,Air,2026-05,2,Low,
LANE-008148,South Korea,P9,Rail,2025-08,12,High,1.0
LANE-011783,Canada,P7,Ocean,2026-01,29,Low,0.53
LANE-002688,Germany,P12,Air,2025-04,2,Low,4.15
LANE-011140,Vietnam,P11,Ocean,2025-08,32,Low,0.49
LANE-005422,Poland,P12,Truck,2025-10,4,Low,1.56
LANE-004342,India,P10,Rail,2025-08,12,Low,0.76
LANE-016635,United Kingdom,P8,Air,2025-03,3,Low,3.23
LANE-009951,Turkey,P8,Truck,2025-07,5,Low,1.2
LANE-011677,Canada,P6,Rail,2026-05,10,Low,1.27
LANE-000186,United States,P3,Air,2025-10,2,Low,4.1
LANE-002132,Germany,P5,Truck,2026-08,1,Low,1.05
LANE-002936,China,P3,Air,2025-10,2,High,4.03
LANE-001727,Mexico,P11,Ocean,2025-11,20,High,
LANE-001854,Germany,P1,Rail,2025-06,12,Low,0.67
LANE-002683,Germany,P12,Ocean,2026-09,34,Low,0.58
LANE-012128,Canada,P11,Air,2025-06,2,Low,3.59
LANE-013623,Spain,P7,Truck,2025-05,4,Medium,0.98
LANE-009002,Italy,P7,Ocean,2025-04,21,Medium,0.75
LANE-010317,Turkey,P12,Ocean,2026-09,29,Low,0.75
LANE-016605,United Kingdom,P8,Rail,2026-05,11,Medium,0.76
LANE-007731,South Korea,P4,Rail,2025-09,12,Low,1.23
LANE-000652,United States,P9,Ocean,2026-02,23,Medium,
LANE-008935,Italy,P6,Air,2025-03,2,Low,2.43
LANE-001134,Mexico,P4,Rail,2025-12,11,Low,1.06
LANE-009657,Turkey,P4,Truck,2026-09,4,Low,1.18
LANE-016689,United Kingdom,P9,Rail,2026-01,13,High,0.93
LANE-012486,France,P4,Truck,2025-12,2,Low,0.91
LANE-012413,France,P3,Rail,2025-05,12,High,0.86
LANE-009237,Italy,P10,Ocean,2026-07,18,Low,0.51
LANE-007011,Japan,P7,Truck,2026-03,5,Medium,0.91
LANE-015980,Thailand,P12,Air,2025-08,3,Low,3.44
LANE-002812,China,P2,Rail,2026-06,12,Low,0.66
LANE-015842,Thailand,P11,Rail,2025-02,11,Low,0.76
LANE-006831,Japan,P5,Truck,2025-11,5,Low,0.92
LANE-012696,France,P7,Rail,2025-02,10,Low,1.06
LANE-007641,South Korea,P3,Truck,2025-07,4,Low,1.5
LANE-011870,Canada,P8,Air,2025-12,3,Low,2.91
LANE-003946,India,P5,Rail,2025-08,11,Medium,1.07
LANE-009356,Italy,P12,Ocean,2025-06,35,Low,0.56
LANE-004157,India,P7,Ocean,2026-09,28,Low,0.84
LANE-014463,Czech Republic,P5,Air,2025-09,1,Low,3.97
LANE-001754,Mexico,P11,Air,2026-04,2,Low,2.77
LANE-002856,China,P2,Air,2026-06,3,Low,2.2
LANE-000337,United States,P5,Ocean,2025-07,25,Low,0.6
LANE-012251,France,P1,Truck,2026-07,7,Medium,1.44
LANE-003552,China,P11,Ocean,2025-10,26,Low,0.65
LANE-005474,Poland,P12,Ocean,2026-06,23,Low,0.63
LANE-008509,Italy,P1,Rail,2026-05,11,Low,0.82
LANE-004066,India,P6,Ocean,2026-06,25,Medium,
LANE-003421,China,P9,Ocean,2025-11,26,Low,
LANE-014003,Spain,P12,Truck,2025-11,4,High,0.98
LANE-014972,Czech Republic,P12,Truck,2025-12,3,Low,1.12
LANE-009509,Turkey,P2,Ocean,2025-05,32,Medium,0.5
LANE-015147,Thailand,P2,Rail,2025-11,14,Low,0.82
LANE-004825,Poland,P4,Rail,2025-07,11,Low,0.9
LANE-000220,United States,P4,Truck,2026-10,5,Low,0.81
LANE-007087,Japan,P8,Truck,2025-03,4,High,1.54
LANE-013191,Spain,P1,Ocean,2026-01,22,Low,0.77
LANE-005477,Poland,P12,Ocean,2026-09,31,Low,0.6
LANE-005704,Brazil,P3,Rail,2025-06,9,High,0.84
LANE-011111,Vietnam,P11,Rail,2025-01,13,Low,1.2
LANE-011940,Canada,P9,Ocean,2026-04,30,High,0.74
LANE-005305,Poland,P10,Rail,2025-03,10,Low,1.27
LANE-013692,Spain,P8,Truck,2025-08,4,Medium,1.16
LANE-009367,Italy,P12,Ocean,2026-05,27,Low,0.81
LANE-009706,Turkey,P5,Truck,2025-04,5,High,0.83
LANE-015481,Thailand,P6,Air,2026-03,3,Low,4.07
LANE-009771,Turkey,P5,Air,2025-03,3,High,2.19
LANE-003019,China,P4,Air,2025-05,3,Medium,3.4
LANE-016577,United Kingdom,P8,Truck,2025-11,4,Medium,0.85
LANE-012942,France,P10,Truck,2025-06,4,Medium,1.07
LANE-007112,Japan,P8,Rail,2025-06,17,Low,1.18
LANE-012623,France,P6,Truck,2026-05,4,Medium,1.41
LANE-006612,Japan,P2,Rail,2025-12,14,Medium,
LANE-014388,Czech Republic,P4,Ocean,2026-10,35,High,0.83
LANE-008467,South Korea,P12,Air,2026-07,3,Medium,3.7
LANE-003197,China,P6,Air,2025-07,3,Medium,2.55
LANE-014039,Spain,P12,Ocean,2025-03,26,Medium,0.66
LANE-005594,Brazil,P2,Truck,2025-06,5,Low,1.32
LANE-015701,Thailand,P9,Rail,2026-03,11,Low,0.87
LANE-013671,Spain,P7,Ocean,2025-09,30,High,0.51
LANE-007019,Japan,P7,Rail,2025-01,8,Low,0.7
LANE-012401,France,P3,Truck,2026-03,5,Medium,1.23
LANE-008282,South Korea,P10,Air,2025-10,3,High,3.78
LANE-001068,Mexico,P3,Rail,2025-12,13,Low,0.89
LANE-008895,Italy,P6,Rail,2025-07,14,Low,0.73
LANE-010062,Turkey,P9,Ocean,2025-08,26,Low,0.45
LANE-000328,United States,P5,Rail,2026-08,14,Low,1.07
LANE-001801,Mexico,P12,Rail,2026-07,13,High,1.07
LANE-004025,India,P6,Truck,2026-09,6,Low,0.98
LANE-001392,Mexico,P7,Ocean,2025-06,32,Low,0.79
LANE-005320,Poland,P10,Rail,2026-06,7,Low,0.75
LANE-013711,Spain,P8,Rail,2025-05,11,Low,1.04
LANE-016447,United Kingdom,P6,Rail,2026-01,10,Low,0.89
LANE-009301,Italy,P11,Ocean,2026-05,25,Low,0.56
LANE-004218,India,P8,Rail,2026-04,15,Medium,0.66
LANE-003711,India,P1,Air,2026-03,2,Low,
LANE-012782,France,P8,Truck,2026-10,4,Medium,0.91
LANE-005604,Brazil,P2,Truck,2026-04,5,Low,0.99
LANE-010963,Vietnam,P9,Rail,2025-07,13,Medium,0.69
LANE-001215,Mexico,P5,Ocean,2025-05,36,Low,0.7
LANE-006617,Japan,P2,Rail,2026-05,12,Medium,1.1
LANE-013858,Spain,P9,Air,2026-08,2,Low,2.6
LANE-004564,Poland,P1,Truck,2025-10,3,Medium,
LANE-006281,Brazil,P10,Rail,2025-11,10,Low,0.82
LANE-009969,Turkey,P8,Rail,2025-03,13,Low,1.06
LANE-012823,France,P8,Ocean,2026-07,26,Low,0.85
LANE-009415,Turkey,P1,Rail,2026-09,9,Medium,1.1
LANE-006728,Japan,P3,Air,2026-06,3,Low,4.16
LANE-005159,Poland,P8,Rail,2025-11,10,Low,1.22
LANE-009743,Turkey,P5,Rail,2026-07,12,Medium,1.11
LANE-008686,Italy,P3,Ocean,2026-06,30,High,0.83
LANE-016435,United Kingdom,P6,Rail,2025-01,9,Low,0.92
LANE-012216,Canada,P12,Air,2025-06,3,Medium,2.44
LANE-015263,Thailand,P4,Truck,2026-05,3,Low,1.16
LANE-007409,Japan,P12,Truck,2026-05,4,Medium,1.56
LANE-012655,France,P6,Ocean,2025-05,24,Medium,0.87
LANE-013186,Spain,P1,Ocean,2025-08,29,Low,0.81
LANE-001431,Mexico,P8,Rail,2025-01,12,Low,0.85
LANE-002836,China,P2,Ocean,2026-08,31,Low,0.51
LANE-003410,China,P9,Rail,2026-10,14,Medium,1.04
LANE-000463,United States,P7,Rail,2025-01,12,Medium,0.77
LANE-011022,Vietnam,P10,Truck,2026-10,6,Medium,0.92
LANE-001357,Mexico,P7,Truck,2026-03,5,High,0.94
LANE-012587,France,P5,Ocean,2025-03,29,Low,0.73
LANE-000356,United States,P6,Truck,2025-04,3,Low,1.17
LANE-014267,Czech Republic,P3,Truck,2025-11,6,Medium,1.29
LANE-001188,Mexico,P5,Truck,2026-10,3,Low,0.88
LANE-014148,Czech Republic,P1,Air,2025-02,2,Low,2.98
LANE-012785,France,P8,Rail,2025-03,15,Medium,0.91
LANE-007925,South Korea,P6,Ocean,2025-05,28,Medium,0.67
LANE-003238,China,P7,Rail,2025-04,12,Medium,1.07
LANE-004071,India,P6,Air,2025-01,2,High,2.11
LANE-004408,India,P11,Truck,2025-08,4,High,1.36
LANE-003583,China,P12,Truck,2026-07,4,High,1.21
LANE-008449,South Korea,P12,Air,2025-01,2,Medium,2.57
LANE-016250,United Kingdom,P4,Truck,2026-02,5,Medium,0.91
LANE-006702,Japan,P3,Ocean,2026-02,30,Medium,0.59
LANE-008783,Italy,P5,Truck,2025-05,3,Low,0.87
LANE-006565,Japan,P1,Air,2025-09,3,High,3.48
LANE-001691,Mexico,P11,Truck,2026-07,5,Low,1.06
LANE-006408,Brazil,P12,Truck,2025-06,5,Medium,1.41
LANE-013260,Spain,P2,Ocean,2026-04,30,Medium,
LANE-002664,Germany,P12,Ocean,2025-02,27,Low,0.84
LANE-013509,Spain,P5,Ocean,2025-01,15,Low,0.75
LANE-008373,South Korea,P11,Air,2026-01,2,Medium,3.08
LANE-001521,Mexico,P9,Rail,2025-03,13,Low,0.66
LANE-004093,India,P7,Truck,2025-01,5,Low,0.91
LANE-002889,China,P3,Rail,2025-07,12,Medium,0.66
LANE-007817,South Korea,P5,Rail,2025-07,12,Low,1.09
LANE-012182,Canada,P12,Rail,2026-04,12,Low,1.06
LANE-004820,Poland,P4,Rail,2025-02,12,Low,0.71
LANE-016130,United Kingdom,P2,Ocean,2025-04,30,Low,0.78
LANE-016832,United Kingdom,P11,Truck,2025-02,6,Medium,1.24
LANE-003163,China,P6,Rail,2026-05,13,Medium,1.22
LANE-005501,Brazil,P1,Truck,2025-01,4,Low,1.27
LANE-011686,Canada,P6,Ocean,2025-04,27,Low,0.54
LANE-010571,Vietnam,P4,Rail,2025-11,11,Low,0.73
LANE-014447,Czech Republic,P5,Ocean,2026-03,29,High,0.75
LANE-004536,India,P12,Air,2025-04,3,Medium,2.21
LANE-000698,United States,P10,Truck,2026-04,6,Low,0.84
LANE-010508,Vietnam,P3,Rail,2026-02,11,Low,1.14
LANE-005895,Brazil,P5,Ocean,2026-09,24,Low,0.88
LANE-015255,Thailand,P4,Truck,2025-09,4,Low,1.56
LANE-007706,South Korea,P4,Truck,2025-06,4,Low,1.06
LANE-005065,Poland,P7,Rail,2025-05,11,Low,1.23
LANE-008223,South Korea,P10,Truck,2026-05,4,Medium,0.96
LANE-012861,France,P9,Truck,2026-01,4,Low,1.51
LANE-016943,United Kingdom,P12,Ocean,2025-03,25,Low,0.54
LANE-006474,Brazil,P12,Air,2025-06,3,Low,3.05
LANE-003827,India,P3,Rail,2026-09,11,Low,0.67
LANE-015228,Thailand,P3,Ocean,2025-04,25,Low,
LANE-009314,Italy,P12,Truck,2025-08,4,High,0.88
LANE-010487,Vietnam,P3,Truck,2026-03,3,Medium,1.09
LANE-002857,China,P2,Air,2026-07,2,Low,4.12
LANE-016766,United Kingdom,P10,Rail,2025-02,11,Medium,0.79
LANE-007198,Japan,P9,Rail,2025-04,12,Low,1.06
LANE-001190,Mexico,P5,Rail,2025-02,15,Medium,0.97
LANE-005636,Brazil,P2,Ocean,2025-04,21,Low,0.45
LANE-014974,Czech Republic,P12,Truck,2026-02,7,Low,1.15
LANE-009422,Turkey,P1,Ocean,2025-06,26,Low,0.68
LANE-013309,Spain,P3,Truck,2026-09,5,Low,1.11
LANE-000781,United States,P11,Rail,2025-11,8,Low,0.75
LANE-000504,United States,P7,Ocean,2026-08,34,Medium,0.82
LANE-013952,Spain,P11,Rail,2025-04,12,High,0.67
LANE-012644,France,P6,Rail,2026-04,10,Low,0.93
LANE-003795,India,P3,Truck,2025-11,5,Low,1.51
LANE-006351,Brazil,P11,Truck,2026-03,4,Medium,1.22
LANE-011453,Canada,P3,Air,2026-01,1,Low,3.44
LANE-003656,India,P1,Rail,2025-04,12,Medium,1.22
LANE-001167,Mexico,P5,Truck,2025-01,5,Low,1.11
LANE-003708,India,P1,Air,2025-12,2,Low,4.14
LANE-007649,South Korea,P3,Truck,2026-03,5,Low,1.19
LANE-016340,United Kingdom,P5,Truck,2026-04,3,Low,
LANE-001603,Mexico,P10,Truck,2026-07,4,Low,1.07
LANE-007645,South Korea,P3,Truck,2025-11,5,Low,
LANE-003231,China,P7,Truck,2026-07,4,Low,1.46
LANE-004208,India,P8,Rail,2025-06,11,Medium,1.22
LANE-009467,Turkey,P2,Truck,2025-07,4,Medium,1.41
LANE-011472,Canada,P4,Truck,2025-10,4,Low,
LANE-008616,Italy,P2,Ocean,2026-02,27,Low,0.62
LANE-004749,Poland,P3,Rail,2026-07,12,Medium,0.7
LANE-008937,Italy,P6,Air,2025-05,3,Low,3.17
LANE-007683,South Korea,P3,Ocean,2025-05,22,High,0.48
LANE-016609,United Kingdom,P8,Rail,2026-09,11,Medium,0.91
LANE-008872,Italy,P6,Truck,2025-06,6,Medium,1.12
LANE-010486,Vietnam,P3,Truck,2026-02,4,Medium,1.46
LANE-001502,Mexico,P9,Truck,2025-06,3,Low,1.41
LANE-000267,United States,P4,Air,2025-03,2,Low,3.54
LANE-016831,United Kingdom,P11,Truck,2025-01,4,Medium,1.28
LANE-001904,Germany,P1,Air,2025-12,3,High,3.83
LANE-009247,Italy,P11,Truck,2025-07,6,Low,1.18
LANE-002681,Germany,P12,Ocean,2026-07,27,Low,0.49
LANE-007544,South Korea,P1,Ocean,2026-08,33,Low,0.49
LANE-002524,Germany,P10,Ocean,2026-04,22,Low,0.52
LANE-013140,Spain,P1,Truck,2025-06,4,High,0.84
LANE-001615,Mexico,P10,Rail,2025-09,13,Medium,1.09
LANE-000364,United States,P6,Truck,2025-12,5,Low,1.42
LANE-005928,Brazil,P6,Truck,2025-10,4,Low,0.89
LANE-010340,Vietnam,P1,Truck,2026-10,3,Low,1.45
LANE-007125,Japan,P8,Rail,2026-07,11,Low,0.84
LANE-016167,United Kingdom,P3,Truck,2026-07,6,Low,1.54
LANE-006336,Brazil,P10,Air,2026-10,3,Low,2.76
LANE-003859,India,P4,Truck,2025-09,5,Medium,0.9
LANE-006342,Brazil,P11,Truck,2025-06,5,Medium,0.96
LANE-015943,Thailand,P12,Rail,2026-03,12,Medium,1.02
LANE-016198,United Kingdom,P3,Ocean,2025-06,26,Low,0.82
LANE-005762,Brazil,P3,Air,2026-08,3,Medium,3.7
LANE-001322,Mexico,P6,Air,2025-02,2,Low,2.21
LANE-015084,Thailand,P1,Rail,2026-02,13,Low,0.88
LANE-004803,Poland,P4,Truck,2025-07,5,Medium,0.97
LANE-003601,China,P12,Rail,2026-03,10,Medium,0.81
LANE-012867,France,P9,Truck,2026-07,5,Low,1.47
LANE-003733,India,P2,Truck,2026-03,5,Low,1.13
LANE-007656,South Korea,P3,Truck,2026-10,4,Low,1.21
LANE-015097,Thailand,P1,Ocean,2025-05,25,High,0.75
LANE-009865,Turkey,P6,Air,2025-09,3,Low,2.55
LANE-007165,Japan,P8,Air,2026-03,2,High,2.35
LANE-009855,Turkey,P6,Ocean,2026-09,24,Low,0.65
LANE-009419,Turkey,P1,Ocean,2025-03,26,Low,0.78
LANE-011107,Vietnam,P11,Truck,2026-07,5,Low,1.04
LANE-000418,United States,P6,Ocean,2026-10,32,Low,0.62
LANE-012806,France,P8,Ocean,2025-02,33,Low,0.81
LANE-015928,Thailand,P12,Truck,2026-10,4,High,1.0
LANE-001002,Mexico,P2,Ocean,2025-12,31,Medium,0.72
LANE-015673,Thailand,P9,Truck,2025-09,4,Low,1.03
LANE-016332,United Kingdom,P5,Truck,2025-08,5,Low,
LANE-015453,Thailand,P6,Ocean,2025-09,38,High,0.74
LANE-005802,Brazil,P4,Rail,2026-04,13,Low,0.67
LANE-014452,Czech Republic,P5,Ocean,2026-08,33,High,0.77
LANE-004058,India,P6,Ocean,2025-10,24,Medium,0.49
LANE-001117,Mexico,P4,Truck,2026-05,5,Low,0.91
LANE-011596,Canada,P5,Ocean,2025-02,24,Low,0.65
LANE-003861,India,P4,Truck,2025-11,6,Medium,1.59
LANE-009779,Turkey,P5,Air,2025-11,2,High,2.85
LANE-002494,Germany,P10,Rail,2025-08,13,Medium,1.28
LANE-001677,Mexico,P11,Truck,2025-05,4,Low,0.92
LANE-015089,Thailand,P1,Rail,2026-07,15,Low,1.19
LANE-015206,Thailand,P3,Rail,2025-04,13,Low,1.04
LANE-009207,Italy,P10,Rail,2025-11,14,Medium,1.19
LANE-014138,Czech Republic,P1,Ocean,2026-02,26,Low,0.6
LANE-007733,South Korea,P4,Rail,2025-11,12,Low,1.21
LANE-010240,Turkey,P11,Air,2025-10,2,High,
LANE-007582,South Korea,P2,Rail,2026-02,13,Low,1.25
LANE-016271,United Kingdom,P4,Rail,2026-01,10,Low,0.95
LANE-003258,China,P7,Ocean,2025-02,26,Low,0.76
LANE-007049,Japan,P7,Ocean,2025-09,24,High,0.81
LANE-003766,India,P2,Ocean,2025-04,23,Low,0.8
LANE-000008,United States,P1,Truck,2025-08,2,Low,0.88
LANE-009051,Italy,P8,Truck,2025-09,4,Low,1.57
LANE-015998,United Kingdom,P1,Truck,2025-04,3,Low,1.01
LANE-003925,India,P5,Truck,2025-09,5,Medium,1.13
LANE-013022,France,P11,Truck,2026-08,5,Medium,1.22
LANE-008446,South Korea,P12,Ocean,2026-08,30,Low,0.85
LANE-007905,South Korea,P6,Rail,2025-07,11,Low,1.06
LANE-010063,Turkey,P9,Ocean,2025-09,27,Low,0.77
LANE-009173,Italy,P9,Ocean,2026-09,25,Low,0.71
LANE-005220,Poland,P9,Truck,2025-06,5,Low,1.3
LANE-000199,United States,P4,Truck,2025-01,4,Low,1.49
LANE-008013,South Korea,P7,Ocean,2025-05,25,Low,0.5
LANE-013925,Spain,P10,Ocean,2026-09,30,Low,0.56
LANE-001422,Mexico,P8,Truck,2026-02,5,Low,1.07
LANE-010766,Vietnam,P6,Ocean,2025-08,31,Low,0.65
LANE-001794,Mexico,P12,Rail,2025-12,7,High,1.23
LANE-002083,Germany,P4,Rail,2026-03,11,Low,0.85
LANE-004186,India,P8,Truck,2025-06,5,Low,1.26
LANE-015760,Thailand,P10,Truck,2025-08,4,Low,1.1
LANE-000752,United States,P11,Truck,2025-04,2,Medium,1.46
LANE-000019,United States,P1,Truck,2026-07,1,Low,1.53
LANE-006571,Japan,P1,Air,2026-03,2,High,3.95
LANE-003369,China,P9,Truck,2025-03,4,Low,1.35
LANE-014693,Czech Republic,P8,Ocean,2026-07,24,Medium,0.45
LANE-007642,South Korea,P3,Truck,2025-08,5,Low,1.09
LANE-014957,Czech Republic,P11,Ocean,2026-07,23,Medium,0.52
LANE-000049,United States,P2,Truck,2025-05,2,Low,1.45
LANE-013844,Spain,P9,Air,2025-06,3,Low,3.61
LANE-016324,United Kingdom,P4,Air,2026-10,2,Low,3.58
LANE-015552,Thailand,P7,Ocean,2026-08,32,Low,0.69
LANE-000758,United States,P11,Truck,2025-10,2,Medium,1.3
LANE-008217,South Korea,P10,Truck,2025-11,5,Medium,1.08
LANE-007568,South Korea,P2,Truck,2026-10,5,Low,1.3
LANE-004624,Poland,P2,Truck,2025-04,5,Low,0.9
LANE-010336,Vietnam,P1,Truck,2026-06,4,Low,1.19
LANE-002557,Germany,P11,Rail,2025-05,11,High,1.21
LANE-013586,Spain,P6,Ocean,2025-12,29,Low,0.85
LANE-002757,China,P1,Ocean,2025-07,35,Low,0.69
LANE-002940,China,P3,Air,2026-02,3,High,3.89
LANE-008654,Italy,P3,Rail,2025-08,12,High,0.88
LANE-004831,Poland,P4,Rail,2026-01,12,Low,0.89
LANE-001402,Mexico,P7,Ocean,2026-04,24,Low,0.63
LANE-014399,Czech Republic,P5,Truck,2025-11,5,Low,1.53
LANE-000042,United States,P1,Rail,2026-08,11,Low,1.04
LANE-000143,United States,P3,Rail,2025-11,11,Medium,1.25
LANE-010613,Vietnam,P4,Air,2025-09,3,Medium,3.19
LANE-004119,India,P7,Rail,2025-05,12,High,0.75
LANE-001008,Mexico,P2,Ocean,2026-06,31,Medium,0.55
LANE-006410,Brazil,P12,Truck,2025-08,5,Medium,1.03
LANE-007465,Japan,P12,Air,2025-07,3,Medium,3.96
LANE-015715,Thailand,P9,Ocean,2025-07,27,High,0.51
LANE-012680,France,P7,Truck,2025-08,4,Medium,1.29
LANE-008385,South Korea,P12,Truck,2025-03,5,Low,1.33
LANE-001567,Mexico,P9,Air,2025-05,3,Medium,3.4
LANE-008976,Italy,P7,Truck,2026-10,4,High,
LANE-000708,United States,P10,Rail,2025-04,13,Low,0.81
LANE-005777,Brazil,P4,Truck,2026-01,4,High,1.13
LANE-015365,Thailand,P5,Rail,2025-09,15,Low,0.99
LANE-005335,Poland,P11,Truck,2025-11,6,Low,1.08
LANE-000815,United States,P12,Rail,2025-01,12,Low,1.1
LANE-012729,France,P7,Ocean,2026-01,28,Low,0.64
LANE-009808,Turkey,P6,Truck,2026-06,3,Medium,0.88
LANE-011610,Canada,P5,Ocean,2026-04,28,Low,0.6
LANE-001101,Mexico,P4,Truck,2025-01,5,Low,1.13
LANE-003466,China,P10,Rail,2025-12,8,Low,0.82
LANE-009613,Turkey,P3,Ocean,2026-09,31,Low,0.82
LANE-009694,Turkey,P4,Ocean,2026-02,23,Medium,0.88
LANE-015865,Thailand,P11,Ocean,2025-03,28,High,0.86
LANE-014136,Czech Republic,P1,Ocean,2025-12,26,Low,0.5
LANE-000812,United States,P12,Truck,2026-08,4,Medium,0.9
LANE-012002,Canada,P10,Rail,2025-12,12,Low,0.75
LANE-012973,France,P10,Rail,2026-03,11,Medium,1.21
LANE-012435,France,P3,Ocean,2025-05,26,Low,0.66
LANE-000263,United States,P4,Ocean,2026-09,32,Low,0.53
LANE-008923,Italy,P6,Ocean,2026-01,27,Low,0.72
LANE-009156,Italy,P9,Ocean,2025-04,32,Low,0.53
LANE-014513,Czech Republic,P6,Rail,2026-03,12,Medium,1.08
LANE-014706,Czech Republic,P8,Air,2025-10,3,Medium,3.56
LANE-002243,Germany,P6,Ocean,2026-09,29,High,0.58
LANE-013211,Spain,P2,Truck,2025-11,4,Low,0.98
LANE-010151,Turkey,P10,Air,2025-09,3,Low,3.55
LANE-014467,Czech Republic,P5,Air,2026-01,2,Low,2.72
LANE-004540,India,P12,Air,2025-08,2,Medium,3.38
LANE-003263,China,P7,Ocean,2025-07,25,Low,0.8
LANE-012568,France,P5,Rail,2025-06,14,Medium,0.67
LANE-003682,India,P1,Ocean,2025-08,29,Low,0.48
LANE-011671,Canada,P6,Rail,2025-11,9,Low,0.71
LANE-002566,Germany,P11,Rail,2026-02,13,High,1.23
LANE-005017,Poland,P6,Ocean,2025-01,31,High,0.68
LANE-000627,United States,P9,Rail,2025-11,9,Low,0.74
LANE-015662,Thailand,P8,Air,2026-08,3,Low,3.06
LANE-006057,Brazil,P7,Air,2025-07,1,High,4.1
LANE-010440,Vietnam,P2,Rail,2025-12,10,High,1.02
LANE-013500,Spain,P5,Rail,2026-02,13,Low,1.06
LANE-010868,Vietnam,P7,Ocean,2026-10,27,Low,0.63
LANE-015457,Thailand,P6,Ocean,2026-01,30,High,0.78
LANE-016290,United Kingdom,P4,Ocean,2025-10,27,Low,0.54
LANE-009819,Turkey,P6,Rail,2025-07,12,Low,0.68
LANE-005213,Poland,P8,Air,2026-09,2,Medium,3.83
LANE-003803,India,P3,Truck,2026-07,5,Low,1.23
LANE-001965,Germany,P2,Ocean,2025-07,31,Low,0.6
LANE-008973,Italy,P7,Truck,2026-07,4,High,
LANE-015912,Thailand,P12,Truck,2025-06,5,High,1.03
LANE-012294,France,P1,Ocean,2026-06,23,Medium,0.53
LANE-003796,India,P3,Truck,2025-12,4,Low,0.97
LANE-003081,China,P5,Ocean,2025-01,27,Medium,0.77
LANE-008177,South Korea,P9,Ocean,2026-03,20,Medium,
LANE-008719,Italy,P4,Truck,2025-07,4,Medium,0.97
LANE-001100,Mexico,P3,Ocean,2026-10,30,Medium,0.85
LANE-001089,Mexico,P3,Ocean,2025-11,27,Medium,0.81
LANE-004225,India,P8,Ocean,2025-01,27,Low,0.65
LANE-012271,France,P1,Rail,2026-05,13,Low,0.85
LANE-010140,Turkey,P10,Ocean,2026-08,31,Medium,0.72
LANE-001543,Mexico,P9,Ocean,2025-03,19,Low,0.58
LANE-002103,Germany,P4,Ocean,2026-01,30,High,0.7
LANE-011899,Canada,P9,Truck,2026-07,4,Low,0.95
LANE-012614,France,P6,Truck,2025-08,4,Medium,1.47
LANE-009655,Turkey,P4,Truck,2026-07,5,Low,1.59
LANE-000434,United States,P6,Air,2026-04,2,Low,2.58
LANE-013697,Spain,P8,Truck,2026-01,5,Medium,1.06
LANE-011713,Canada,P6,Air,2025-09,3,Low,3.04
LANE-014752,Czech Republic,P9,Rail,2025-12,10,Low,1.06
LANE-009201,Italy,P10,Rail,2025-05,11,Medium,0.72
LANE-001820,Mexico,P12,Ocean,2026-04,30,High,0.74
LANE-015526,Thailand,P7,Rail,2026-04,11,Low,0.93
LANE-003905,India,P4,Ocean,2025-11,26,Low,0.49
LANE-010277,Turkey,P12,Rail,2025-03,11,Low,1.23
LANE-005470,Poland,P12,Ocean,2026-02,25,Low,0.59
LANE-004040,India,P6,Rail,2026-02,11,Medium,0.67
LANE-002097,Germany,P4,Ocean,2025-07,30,High,0.83
LANE-013535,Spain,P6,Truck,2025-05,4,Low,1.35
LANE-016587,United Kingdom,P8,Truck,2026-09,4,Medium,1.42
LANE-000252,United States,P4,Ocean,2025-10,27,Low,0.45
LANE-016534,United Kingdom,P7,Ocean,2025-12,30,High,0.88
LANE-011850,Canada,P8,Ocean,2026-02,20,High,0.49
LANE-015395,Thailand,P5,Ocean,2026-05,29,Medium,0.72
LANE-012636,France,P6,Rail,2025-08,15,Low,
LANE-009162,Italy,P9,Ocean,2025-10,27,Low,0.78
LANE-000211,United States,P4,Truck,2026-01,5,Low,1.24
LANE-011492,Canada,P4,Rail,2025-08,13,Medium,1.01
LANE-007214,Japan,P9,Rail,2026-08,10,Low,0.74
LANE-007959,South Korea,P6,Air,2026-05,3,Low,2.91
LANE-014090,Czech Republic,P1,Truck,2025-10,4,Low,1.02
LANE-010576,Vietnam,P4,Rail,2026-04,9,Low,0.79
LANE-000736,United States,P10,Ocean,2025-10,24,Medium,0.52
LANE-005933,Brazil,P6,Truck,2026-03,4,Low,1.46
LANE-013153,Spain,P1,Truck,2026-07,5,High,1.53
LANE-016321,United Kingdom,P4,Air,2026-07,2,Low,2.38
LANE-006516,Japan,P1,Rail,2025-04,10,Low,1.2
LANE-008905,Italy,P6,Rail,2026-05,12,Low,0.74
LANE-002844,China,P2,Air,2025-06,2,Low,2.83
LANE-000044,United States,P1,Rail,2026-10,8,Low,1.09
LANE-004738,Poland,P3,Rail,2025-08,8,Medium,0.7
LANE-005663,Brazil,P2,Air,2025-09,3,Low,2.38
LANE-002209,Germany,P6,Rail,2025-09,16,Low,1.22
LANE-005316,Poland,P10,Rail,2026-02,9,Low,1.18
LANE-003131,China,P6,Truck,2025-07,5,Low,0.95
LANE-012043,Canada,P10,Air,2025-09,2,Low,3.25
LANE-015706,Thailand,P9,Rail,2026-08,11,Low,0.98
LANE-008325,South Korea,P11,Rail,2025-09,9,Medium,0.98
LANE-003864,India,P4,Truck,2026-02,5,Medium,1.47
LANE-002163,Germany,P5,Air,2025-07,1,Low,3.55
LANE-012828,France,P8,Air,2025-02,3,Low,2.69
LANE-003077,China,P5,Rail,2026-07,11,Low,1.26
LANE-014649,Czech Republic,P8,Truck,2026-07,5,Medium,1.36
LANE-001285,Mexico,P6,Rail,2025-09,12,Low,1.17
LANE-008891,Italy,P6,Rail,2025-03,12,Low,1.14
LANE-010565,Vietnam,P4,Rail,2025-05,14,Low,0.96
LANE-007410,Japan,P12,Truck,2026-06,4,Medium,1.13
LANE-015560,Thailand,P7,Air,2025-06,3,Low,4.03
LANE-016242,United Kingdom,P4,Truck,2025-06,5,Medium,0.92
LANE-004637,Poland,P2,Truck,2026-05,4,Low,1.54
LANE-008480,Italy,P1,Truck,2025-10,5,Medium,0.85
LANE-001791,Mexico,P12,Rail,2025-09,12,High,0.78
LANE-009756,Turkey,P5,Ocean,2025-10,27,Low,0.83
LANE-004722,Poland,P3,Truck,2026-02,4,Low,0.86
LANE-013987,Spain,P11,Ocean,2026-05,26,Low,0.51
LANE-002858,China,P2,Air,2026-08,2,Low,2.94
LANE-015053,Thailand,P1,Truck,2025-05,5,Medium,1.13
LANE-000095,United States,P2,Air,2025-07,1,Low,3.41
LANE-003027,China,P4,Air,2026-01,3,Medium,2.59
LANE-000661,United States,P9,Air,2025-01,3,Low,2.13
LANE-001333,Mexico,P6,Air,2026-01,2,Low,2.62
LANE-006750,Japan,P4,Truck,2026-06,5,Low,1.02
LANE-003244,China,P7,Rail,2025-10,10,Medium,0.71
LANE-000602,United States,P9,Truck,2025-08,4,Low,1.37
LANE-008562,Italy,P2,Truck,2025-04,5,Low,1.2
LANE-014968,Czech Republic,P12,Truck,2025-08,3,Low,0.93
LANE-012378,France,P2,Ocean,2026-02,21,Medium,0.84
LANE-009402,Turkey,P1,Rail,2025-08,10,Medium,0.79
LANE-015483,Thailand,P6,Air,2026-05,2,Low,2.45
LANE-000437,United States,P6,Air,2026-07,3,Low,3.72
LANE-013549,Spain,P6,Truck,2026-07,5,Low,0.93
LANE-014532,Czech Republic,P6,Ocean,2025-12,30,Medium,0.74
LANE-007941,South Korea,P6,Ocean,2026-09,33,Medium,0.62
LANE-008611,Italy,P2,Ocean,2025-09,35,Low,0.51
LANE-015909,Thailand,P12,Truck,2025-03,5,High,0.98
LANE-012406,France,P3,Truck,2026-08,5,Medium,1.46
LANE-004021,India,P6,Truck,2026-05,5,Low,0.87
LANE-008172,South Korea,P9,Ocean,2025-10,24,Medium,0.77
LANE-006616,Japan,P2,Rail,2026-04,15,Medium,1.1
LANE-003787,India,P3,Truck,2025-03,6,Low,1.06
LANE-012375,France,P2,Ocean,2025-11,25,Medium,0.47
LANE-015452,Thailand,P6,Ocean,2025-08,29,High,0.87
LANE-002135,Germany,P5,Rail,2025-01,7,Low,1.24
LANE-011732,Canada,P7,Truck,2025-06,5,Low,1.16
LANE-014418,Czech Republic,P5,Rail,2025-08,11,Low,
LANE-016292,United Kingdom,P4,Ocean,2025-12,27,Low,0.87
LANE-004143,India,P7,Ocean,2025-07,32,Low,0.7
LANE-004592,Poland,P1,Rail,2026-04,11,High,1.15
LANE-001865,Germany,P1,Rail,2026-05,11,Low,1.08
LANE-003359,China,P8,Air,2026-03,1,Low,3.47
LANE-007483,South Korea,P1,Truck,2025-03,4,Medium,1.31
LANE-003745,India,P2,Rail,2025-05,16,Low,1.11
LANE-009440,Turkey,P1,Air,2025-02,3,High,3.9
LANE-000416,United States,P6,Ocean,2026-08,22,Low,0.48
LANE-003875,India,P4,Rail,2025-03,14,Low,1.23
LANE-002667,Germany,P12,Ocean,2025-05,22,Low,0.62
LANE-011380,Canada,P2,Air,2025-06,2,Low,3.63
LANE-006951,Japan,P6,Rail,2026-09,14,Medium,0.67
LANE-008975,Italy,P7,Truck,2026-09,4,High,1.56
LANE-003815,India,P3,Rail,2025-09,13,Low,0.72
LANE-013905,Spain,P10,Ocean,2025-01,30,Low,0.75
LANE-006138,Brazil,P8,Ocean,2026-10,24,Low,0.88
LANE-006066,Brazil,P7,Air,2026-04,1,High,2.59
LANE-006839,Japan,P5,Truck,2026-07,4,Low,0.9
LANE-007823,South Korea,P5,Rail,2026-01,11,Low,0.95
LANE-013320,Spain,P3,Rail,2025-10,13,Low,0.69
LANE-014913,Czech Republic,P11,Truck,2026-07,5,Medium,1.0
LANE-006622,Japan,P2,Rail,2026-10,15,Medium,1.03
LANE-015352,Thailand,P5,Truck,2026-06,4,Low,1.42
LANE-007803,South Korea,P5,Truck,2026-03,3,Low,1.01
LANE-014069,Spain,P12,Air,2025-11,3,Medium,2.1
LANE-013494,Spain,P5,Rail,2025-08,11,Low,0.93
LANE-006937,Japan,P6,Rail,2025-07,12,Medium,0.83
LANE-016355,United Kingdom,P5,Rail,2025-09,10,Medium,1.26
LANE-001013,Mexico,P2,Air,2025-01,2,Low,2.53
LANE-002536,Germany,P11,Truck,2025-06,4,High,1.56
LANE-015218,Thailand,P3,Rail,2026-04,13,Low,1.24
LANE-015163,Thailand,P2,Ocean,2025-05,27,Medium,
LANE-008897,Italy,P6,Rail,2025-09,11,Low,0.72
LANE-005169,Poland,P8,Rail,2026-09,9,Low,1.15
LANE-015094,Thailand,P1,Ocean,2025-02,30,High,0.74
LANE-013538,Spain,P6,Truck,2025-08,5,Low,1.48
LANE-012972,France,P10,Rail,2026-02,10,Medium,1.15
LANE-000067,United States,P2,Rail,2025-01,12,Low,1.01
LANE-000398,United States,P6,Ocean,2025-02,26,Low,0.47
LANE-006850,Japan,P5,Rail,2025-08,12,Low,1.17
LANE-001786,Mexico,P12,Rail,2025-04,14,High,0.72
LANE-009748,Turkey,P5,Ocean,2025-02,22,Low,0.56
LANE-004702,Poland,P2,Air,2026-04,2,Low,2.72
LANE-007997,South Korea,P7,Rail,2025-11,8,Low,1.12
LANE-008481,Italy,P1,Truck,2025-11,5,Medium,1.01
LANE-015217,Thailand,P3,Rail,2026-03,11,Low,0.86
LANE-007743,South Korea,P4,Rail,2026-09,14,Low,0.96
LANE-015463,Thailand,P6,Ocean,2026-07,28,High,0.72
LANE-002344,Germany,P8,Rail,2025-12,12,Low,0.83
LANE-001430,Mexico,P8,Truck,2026-10,4,Low,0.81
LANE-010464,Vietnam,P2,Ocean,2026-02,36,Low,0.75
LANE-010802,Vietnam,P6,Air,2026-10,2,Low,2.27
LANE-015515,Thailand,P7,Rail,2025-05,10,Low,0.7
LANE-015698,Thailand,P9,Rail,2025-12,14,Low,0.87
LANE-002581,Germany,P11,Ocean,2025-07,29,Low,0.77
LANE-011039,Vietnam,P10,Rail,2026-05,11,Medium,0.73
LANE-006142,Brazil,P8,Air,2025-04,2,High,2.38
LANE-010198,Turkey,P11,Rail,2025-12,10,Low,0.97
LANE-010011,Turkey,P9,Truck,2025-01,4,High,0.83
LANE-001473,Mexico,P8,Ocean,2026-09,34,Low,0.79
LANE-013730,Spain,P8,Ocean,2025-02,23,Medium,
LANE-016775,United Kingdom,P10,Rail,2025-11,15,Medium,0.66
LANE-016743,United Kingdom,P10,Truck,2025-01,5,Low,1.13
LANE-010041,Turkey,P9,Rail,2025-09,8,Medium,0.85
LANE-003788,India,P3,Truck,2025-04,6,Low,1.5
LANE-002852,China,P2,Air,2026-02,3,Low,3.3
LANE-012671,France,P6,Ocean,2026-09,38,Medium,0.73
LANE-011809,Canada,P8,Truck,2026-05,4,Medium,1.13
LANE-004866,Poland,P4,Air,2025-04,2,Medium,3.8
LANE-016837,United Kingdom,P11,Truck,2025-07,5,Medium,0.81
LANE-002226,Germany,P6,Ocean,2025-04,21,High,0.86
LANE-001097,Mexico,P3,Ocean,2026-07,33,Medium,0.66
LANE-007273,Japan,P10,Rail,2026-01,12,Medium,1.07
LANE-016939,United Kingdom,P12,Rail,2026-09,8,Medium,0.96
LANE-016889,United Kingdom,P11,Ocean,2026-03,27,Low,0.81
LANE-010087,Turkey,P10,Truck,2025-11,5,Medium,0.98
LANE-010192,Turkey,P11,Rail,2025-06,12,Low,1.25
LANE-008788,Italy,P5,Truck,2025-10,5,Low,1.45
LANE-009500,Turkey,P2,Rail,2026-06,11,Medium,0.66
LANE-008418,South Korea,P12,Rail,2026-02,15,Low,0.93
LANE-016622,United Kingdom,P8,Ocean,2025-12,31,Medium,0.47
LANE-009502,Turkey,P2,Rail,2026-08,13,Medium,1.08
LANE-015120,Thailand,P2,Truck,2025-06,5,Medium,1.04
LANE-005609,Brazil,P2,Truck,2026-09,5,Low,1.09
LANE-015612,Thailand,P8,Rail,2026-02,14,Low,0.94
LANE-005747,Brazil,P3,Air,2025-05,3,Medium,3.31
LANE-011613,Canada,P5,Ocean,2026-07,22,Low,0.54
LANE-015138,Thailand,P2,Rail,2025-02,10,Low,0.85
LANE-011867,Canada,P8,Air,2025-09,3,Low,2.76
LANE-014209,Czech Republic,P2,Rail,2026-07,10,Low,1.01
LANE-008117,South Korea,P8,Air,2026-09,2,Low,2.26
LANE-000193,United States,P3,Air,2026-05,2,Low,4.14
LANE-012712,France,P7,Rail,2026-06,11,Low,1.27
LANE-015511,Thailand,P7,Rail,2025-01,12,Low,0.77
LANE-007485,South Korea,P1,Truck,2025-05,5,Medium,1.28
LANE-012930,France,P9,Air,2026-04,3,Medium,2.85
LANE-007786,South Korea,P4,Air,2026-08,3,Low,3.35
LANE-005406,Poland,P11,Air,2026-04,3,High,3.03
LANE-002502,Germany,P10,Rail,2026-04,15,Medium,1.26
LANE-012850,France,P9,Truck,2025-02,5,Low,1.25
LANE-004167,India,P7,Air,2025-09,2,Medium,2.33
LANE-009386,Turkey,P1,Truck,2026-02,4,Medium,0.89
LANE-005421,Poland,P12,Truck,2025-09,4,Low,1.48
LANE-011490,Canada,P4,Rail,2025-06,12,Medium,1.05
LANE-000904,Mexico,P1,Rail,2025-02,13,Medium,1.2
LANE-015364,Thailand,P5,Rail,2025-08,10,Low,1.07
LANE-001706,Mexico,P11,Rail,2025-12,7,Medium,0.73
LANE-015090,Thailand,P1,Rail,2026-08,11,Low,0.85
LANE-003202,China,P6,Air,2025-12,2,Medium,2.23
LANE-006395,Brazil,P11,Ocean,2026-03,31,High,0.53
LANE-013921,Spain,P10,Ocean,2026-05,26,Low,0.71
LANE-012679,France,P7,Truck,2025-07,3,Medium,0.95
LANE-012811,France,P8,Ocean,2025-07,32,Low,
LANE-011799,Canada,P8,Truck,2025-07,5,Medium,0.86
LANE-006907,Japan,P5,Air,2026-09,2,High,3.23
LANE-007746,South Korea,P4,Ocean,2025-02,22,Medium,0.8
LANE-016395,United Kingdom,P5,Air,2025-05,2,Low,2.24
LANE-006463,Brazil,P12,Ocean,2026-05,27,Low,0.69
LANE-010141,Turkey,P10,Ocean,2026-09,25,Medium,
LANE-006605,Japan,P2,Rail,2025-05,13,Medium,0.81
LANE-000711,United States,P10,Rail,2025-07,12,Low,0.71
LANE-004350,India,P10,Rail,2026-04,12,Low,0.89
LANE-011554,Canada,P5,Truck,2025-04,4,High,1.14
LANE-003832,India,P3,Ocean,2025-04,28,Low,0.81
LANE-016200,United Kingdom,P3,Ocean,2025-08,32,Low,0.66
LANE-006745,Japan,P4,Truck,2026-01,5,Low,
LANE-014425,Czech Republic,P5,Rail,2026-03,13,Low,0.74
LANE-016757,United Kingdom,P10,Truck,2026-03,5,Low,1.22
LANE-008778,Italy,P4,Ocean,2026-10,35,Low,0.84
LANE-007085,Japan,P8,Truck,2025-01,5,High,0.85
LANE-003717,India,P1,Air,2026-09,3,Low,3.91
LANE-015520,Thailand,P7,Rail,2025-10,9,Low,1.08
LANE-002522,Germany,P10,Ocean,2026-02,27,Low,0.63
LANE-000898,Mexico,P1,Truck,2026-06,3,Medium,1.06
LANE-010935,Vietnam,P9,Truck,2025-01,5,Medium,1.08
LANE-010688,Vietnam,P5,Ocean,2026-06,26,Medium,0.7
LANE-002006,Germany,P3,Rail,2025-04,13,Low,0.7
LANE-013032,France,P11,Rail,2025-08,11,Medium,1.19
LANE-015430,Thailand,P6,Rail,2025-08,14,Low,0.7
LANE-006402,Brazil,P11,Ocean,2026-10,28,High,0.86
LANE-009665,Turkey,P4,Rail,2025-07,10,Low,1.05
LANE-010108,Turkey,P10,Rail,2025-10,13,Medium,0.94
LANE-011416,Canada,P3,Truck,2026-08,2,Low,1.13
LANE-003154,China,P6,Rail,2025-08,13,Medium,0.69
LANE-000878,United States,P12,Air,2026-08,2,Low,3.69
LANE-016668,United Kingdom,P9,Truck,2026-02,5,Medium,1.49
LANE-012950,France,P10,Truck,2026-02,5,Medium,1.31
LANE-014996,Czech Republic,P12,Rail,2026-02,10,Medium,0.97
LANE-005299,Poland,P10,Truck,2026-07,2,Medium,0.98
LANE-012550,France,P5,Truck,2025-10,5,Medium,0.94
LANE-002919,China,P3,Ocean,2026-03,28,Low,0.67
LANE-015667,Thailand,P9,Truck,2025-03,5,Low,1.06
LANE-009592,Turkey,P3,Rail,2026-10,14,Low,0.72
LANE-013550,Spain,P6,Truck,2026-08,4,Low,0.87
LANE-001798,Mexico,P12,Rail,2026-04,12,High,1.1
LANE-014185,Czech Republic,P2,Truck,2026-05,5,Low,1.48
LANE-008523,Italy,P1,Ocean,2025-09,32,High,0.47
LANE-011023,Vietnam,P10,Rail,2025-01,8,Medium,0.72
LANE-013098,France,P12,Rail,2025-08,13,Low,1.25
LANE-008028,South Korea,P7,Ocean,2026-08,25,Low,
LANE-014993,Czech Republic,P12,Rail,2025-11,8,Medium,0.84
LANE-016076,United Kingdom,P1,Air,2026-04,2,Low,2.76
LANE-012481,France,P4,Truck,2025-07,2,Low,0.87
LANE-014926,Czech Republic,P11,Rail,2025-10,11,Low,0.82
LANE-015278,Thailand,P4,Rail,2025-10,11,Low,1.24
LANE-001926,Germany,P2,Truck,2025-12,4,Low,1.31
LANE-008771,Italy,P4,Ocean,2026-03,33,Low,0.82
LANE-006872,Japan,P5,Ocean,2025-08,32,Low,0.54
LANE-004270,India,P9,Rail,2025-02,9,Medium,1.25
LANE-000865,United States,P12,Air,2025-07,3,Low,3.15
LANE-001764,Mexico,P12,Truck,2025-04,4,High,1.34
LANE-009076,Italy,P8,Rail,2025-12,10,Medium,0.71
LANE-015369,Thailand,P5,Rail,2026-01,10,Low,0.87
LANE-006032,Brazil,P7,Rail,2025-04,10,Low,1.16
LANE-001919,Germany,P2,Truck,2025-05,4,Low,1.52
LANE-006432,Brazil,P12,Rail,2025-08,12,Medium,1.06
LANE-003295,China,P7,Air,2026-05,2,Low,3.71
LANE-001705,Mexico,P11,Rail,2025-11,12,Medium,1.05
LANE-001360,Mexico,P7,Truck,2026-06,4,High,1.53
LANE-013187,Spain,P1,Ocean,2025-09,26,Low,0.48
LANE-012391,France,P3,Truck,2025-05,4,Medium,0.88
LANE-001529,Mexico,P9,Rail,2025-11,11,Low,0.79
LANE-011933,Canada,P9,Ocean,2025-09,29,High,0.52
LANE-013852,Spain,P9,Air,2026-02,2,Low,2.16
LANE-008741,Italy,P4,Rail,2025-07,13,Low,0.91
LANE-000751,United States,P11,Truck,2025-03,1,Medium,1.32
LANE-014495,Czech Republic,P6,Truck,2026-07,5,Low,1.59
LANE-009388,Turkey,P1,Truck,2026-04,5,Medium,1.42
LANE-016163,United Kingdom,P3,Truck,2026-03,5,Low,1.03
LANE-011326,Canada,P2,Truck,2026-06,5,Low,1.3
LANE-001499,Mexico,P9,Truck,2025-03,4,Low,1.34
LANE-007734,South Korea,P4,Rail,2025-12,10,Low,0.86
LANE-004463,India,P11,Ocean,2026-07,26,Low,0.46
LANE-016033,United Kingdom,P1,Rail,2026-05,12,High,0.8
LANE-010814,Vietnam,P7,Truck,2025-12,6,Low,1.59
LANE-010822,Vietnam,P7,Truck,2026-08,4,Low,1.1
LANE-013485,Spain,P5,Truck,2026-09,4,Low,1.08
LANE-000579,United States,P8,Ocean,2025-07,28,Medium,0.68
LANE-000469,United States,P7,Rail,2025-07,14,Medium,0.84
LANE-007153,Japan,P8,Air,2025-03,3,High,2.72
LANE-002780,China,P2,Truck,2025-08,4,Medium,1.51
LANE-014703,Czech Republic,P8,Air,2025-07,2,Medium,4.04
LANE-002553,Germany,P11,Rail,2025-01,11,High,0.94
LANE-011058,Vietnam,P10,Ocean,2026-02,30,Medium,0.67
LANE-014981,Czech Republic,P12,Truck,2026-09,5,Low,1.36
LANE-005376,Poland,P11,Ocean,2025-08,27,Medium,0.68
LANE-006288,Brazil,P10,Rail,2026-06,12,Low,0.75
LANE-001781,Mexico,P12,Truck,2026-09,5,High,1.27
LANE-001182,Mexico,P5,Truck,2026-04,4,Low,1.34
LANE-003596,China,P12,Rail,2025-10,11,Medium,
LANE-014366,Czech Republic,P4,Rail,2026-10,13,Medium,1.05
LANE-011779,Canada,P7,Ocean,2025-09,26,Low,0.82
LANE-010152,Turkey,P10,Air,2025-10,2,Low,3.18
LANE-014922,Czech Republic,P11,Rail,2025-06,8,Low,1.25
LANE-014557,Czech Republic,P7,Truck,2026-03,6,Low,1.44
LANE-008087,South Korea,P8,Ocean,2026-01,28,Low,0.84
LANE-008030,South Korea,P7,Ocean,2026-10,27,Low,0.73
LANE-014184,Czech Republic,P2,Truck,2026-04,4,Low,0.87
LANE-012348,France,P2,Rail,2025-06,10,Low,1.1
LANE-014377,Czech Republic,P4,Ocean,2025-11,35,High,0.67
LANE-016088,United Kingdom,P2,Truck,2025-06,4,Low,0.87
LANE-015154,Thailand,P2,Rail,2026-06,9,Low,0.8
LANE-004176,India,P7,Air,2026-06,2,Medium,2.24
LANE-012510,France,P4,Rail,2026-02,9,Low,0.84
LANE-013799,Spain,P9,Rail,2025-05,11,Low,1.03
LANE-005314,Poland,P10,Rail,2025-12,10,Low,1.12
LANE-006549,Japan,P1,Ocean,2026-03,41,Low,0.61
LANE-010379,Vietnam,P1,Ocean,2026-05,26,Low,0.8
LANE-007596,South Korea,P2,Ocean,2025-06,25,Low,0.57
LANE-011486,Canada,P4,Rail,2025-02,10,Medium,1.27
LANE-010578,Vietnam,P4,Rail,2026-06,9,Low,0.76
LANE-005067,Poland,P7,Rail,2025-07,10,Low,1.02
LANE-008958,Italy,P7,Truck,2025-04,4,High,0.85
LANE-010047,Turkey,P9,Rail,2026-03,11,Medium,1.25
LANE-003516,China,P11,Truck,2026-06,5,Medium,1.52
LANE-016245,United Kingdom,P4,Truck,2025-09,4,Medium,1.28
LANE-007095,Japan,P8,Truck,2025-11,3,High,1.32
LANE-012412,France,P3,Rail,2025-04,12,High,0.77
LANE-008222,South Korea,P10,Truck,2026-04,4,Medium,1.31
LANE-013182,Spain,P1,Ocean,2025-04,27,Low,0.54
LANE-002548,Germany,P11,Truck,2026-06,5,High,1.33
LANE-015196,Thailand,P3,Truck,2026-04,4,Low,0.82
LANE-013929,Spain,P11,Truck,2025-03,4,Low,0.82
LANE-002381,Germany,P8,Air,2025-05,2,Low,3.88
LANE-003464,China,P10,Rail,2025-10,10,Low,1.11
LANE-002771,China,P1,Ocean,2026-09,19,Low,
LANE-004452,India,P11,Ocean,2025-08,23,Low,0.66
LANE-007228,Japan,P9,Ocean,2025-12,29,Low,0.58
LANE-014404,Czech Republic,P5,Truck,2026-04,3,Low,0.95
LANE-003141,China,P6,Truck,2026-05,5,Low,1.04
LANE-006928,Japan,P6,Truck,2026-08,4,Low,
LANE-015652,Thailand,P8,Air,2025-10,3,Low,
LANE-002364,Germany,P8,Ocean,2025-10,25,Medium,0.87
LANE-013982,Spain,P11,Ocean,2025-12,28,Low,0.49
LANE-003643,India,P1,Truck,2026-01,4,Medium,1.13
LANE-006743,Japan,P4,Truck,2025-11,3,Low,1.46
LANE-011599,Canada,P5,Ocean,2025-05,33,Low,0.51
LANE-008263,South Korea,P10,Ocean,2026-01,25,Low,0.85
LANE-011219,Vietnam,P12,Rail,2026-09,11,High,0.88
LANE-007082,Japan,P7,Air,2026-08,2,Low,2.29
LANE-011868,Canada,P8,Air,2025-10,3,Low,3.88
LANE-015601,Thailand,P8,Rail,2025-03,9,Low,1.24
LANE-011667,Canada,P6,Rail,2025-07,12,Low,0.77
LANE-011871,Canada,P8,Air,2026-01,2,Low,2.76
LANE-006412,Brazil,P12,Truck,2025-10,5,Medium,1.39
LANE-011310,Canada,P2,Truck,2025-02,4,Low,1.58
LANE-004289,India,P9,Rail,2026-09,7,Medium,0.97
LANE-005289,Poland,P10,Truck,2025-09,2,Medium,1.13
LANE-007057,Japan,P7,Ocean,2026-05,28,High,0.86
LANE-002071,Germany,P4,Rail,2025-03,10,Low,0.65
LANE-001557,Mexico,P9,Ocean,2026-05,27,Low,0.65
LANE-003272,China,P7,Ocean,2026-04,25,Low,0.88
LANE-010534,Vietnam,P3,Ocean,2026-06,27,Low,0.47
LANE-001867,Germany,P1,Rail,2026-07,10,Low,1.25
LANE-010074,Turkey,P9,Ocean,2026-08,32,Low,
LANE-009410,Turkey,P1,Rail,2026-04,12,Medium,1.06
LANE-015594,Thailand,P8,Truck,2026-06,5,Low,1.32
LANE-009883,Turkey,P7,Truck,2025-05,5,High,1.35
LANE-008162,South Korea,P9,Rail,2026-10,11,High,0.76
LANE-007384,Japan,P11,Ocean,2026-02,29,Low,0.58
LANE-012727,France,P7,Ocean,2025-11,26,Low,0.46
LANE-003757,India,P2,Rail,2026-05,13,Low,0.85
LANE-013634,Spain,P7,Truck,2026-04,5,Medium,1.31
LANE-016527,United Kingdom,P7,Ocean,2025-05,29,High,0.56
LANE-013722,Spain,P8,Rail,2026-04,10,Low,1.2
LANE-016548,United Kingdom,P7,Air,2025-04,3,Medium,3.85
LANE-007671,South Korea,P3,Rail,2026-03,10,Medium,0.94
LANE-000892,Mexico,P1,Truck,2025-12,4,Medium,1.58
LANE-004967,Poland,P5,Air,2026-05,3,Low,2.79
LANE-009964,Turkey,P8,Truck,2026-08,6,Low,1.45
LANE-014909,Czech Republic,P11,Truck,2026-03,5,Medium,1.26
LANE-010747,Vietnam,P6,Rail,2025-11,12,Medium,1.12
LANE-016374,United Kingdom,P5,Ocean,2025-06,26,Low,0.8
LANE-009447,Turkey,P1,Air,2025-09,3,High,3.98
LANE-001937,Germany,P2,Rail,2025-01,13,Low,0.97
LANE-014250,Czech Republic,P2,Air,2026-04,2,High,3.7
LANE-010120,Turkey,P10,Rail,2026-10,9,Medium,1.04
LANE-002900,China,P3,Rail,2026-06,12,Medium,1.04
LANE-008883,Italy,P6,Truck,2026-05,4,Medium,0.99
LANE-013147,Spain,P1,Truck,2026-01,5,High,0.88
LANE-009746,Turkey,P5,Rail,2026-10,12,Medium,1.02
LANE-009046,Italy,P8,Truck,2025-04,4,Low,1.38
LANE-010180,Turkey,P11,Truck,2026-04,5,Low,1.17
LANE-015604,Thailand,P8,Rail,2025-06,12,Low,0.88
LANE-004832,Poland,P4,Rail,2026-02,11,Low,1.05
LANE-012368,France,P2,Ocean,2025-04,29,Medium,0.46
LANE-011362,Canada,P2,Ocean,2025-10,29,Medium,0.83
LANE-003401,China,P9,Rail,2026-01,13,Medium,0.92
LANE-003842,India,P3,Ocean,2026-02,35,Low,0.55
LANE-005394,Poland,P11,Air,2025-04,3,High,3.39
LANE-000178,United States,P3,Air,2025-02,3,Low,3.45
LANE-005766,Brazil,P4,Truck,2025-02,4,High,0.99
LANE-013849,Spain,P9,Air,2025-11,4,Low,2.52
LANE-012984,France,P10,Ocean,2025-04,25,Low,0.63
LANE-010479,Vietnam,P3,Truck,2025-07,4,Medium,1.08
LANE-014714,Czech Republic,P8,Air,2026-06,2,Medium,2.65
LANE-004716,Poland,P3,Truck,2025-08,4,Low,1.26
LANE-004088,India,P6,Air,2026-06,3,High,2.71
LANE-000478,United States,P7,Rail,2026-04,9,Medium,1.28
LANE-003406,China,P9,Rail,2026-06,11,Medium,1.23
LANE-007952,South Korea,P6,Air,2025-10,3,Low,2.11
LANE-009890,Turkey,P7,Truck,2025-12,5,High,1.38
LANE-016489,United Kingdom,P7,Truck,2025-11,4,Medium,1.28
LANE-002655,Germany,P12,Rail,2026-03,11,Medium,0.65
LANE-007491,South Korea,P1,Truck,2025-11,6,Medium,1.54
LANE-003679,India,P1,Ocean,2025-05,31,Low,0.68
LANE-008404,South Korea,P12,Truck,2026-10,5,Low,1.43
LANE-009535,Turkey,P2,Air,2025-09,3,Medium,3.48
LANE-007767,South Korea,P4,Air,2025-01,2,Low,3.07
LANE-010811,Vietnam,P7,Truck,2025-09,5,Low,1.49
LANE-009617,Turkey,P3,Air,2025-03,2,Low,4.13
LANE-008096,South Korea,P8,Ocean,2026-10,29,Low,0.6
LANE-006185,Brazil,P9,Rail,2025-03,10,Medium,1.07
LANE-000018,United States,P1,Truck,2026-06,2,Low,1.07
LANE-002751,China,P1,Ocean,2025-01,37,Low,0.8
LANE-016916,United Kingdom,P12,Truck,2026-08,6,High,1.53
LANE-012258,France,P1,Rail,2025-04,13,Low,0.75
LANE-004560,Poland,P1,Truck,2025-06,4,Medium,1.23
LANE-005812,Brazil,P4,Ocean,2025-04,26,Medium,0.63
LANE-013216,Spain,P2,Truck,2026-04,4,Low,
LANE-006125,Brazil,P8,Ocean,2025-09,27,Low,0.79
LANE-001014,Mexico,P2,Air,2025-02,3,Low,3.1
LANE-002312,Germany,P8,Truck,2025-02,4,Medium,1.55
LANE-007220,Japan,P9,Ocean,2025-04,18,Low,0.84
LANE-006195,Brazil,P9,Rail,2026-01,14,Medium,1.26
LANE-007107,Japan,P8,Rail,2025-01,10,Low,1.12
LANE-010630,Vietnam,P5,Truck,2025-04,5,Low,1.23
LANE-008708,Italy,P3,Air,2026-06,2,High,2.59
LANE-012629,France,P6,Rail,2025-01,12,Low,1.23
LANE-014336,Czech Republic,P4,Truck,2026-02,4,High,
LANE-005290,Poland,P10,Truck,2025-10,2,Medium,1.13
LANE-014624,Czech Republic,P7,Air,2026-04,2,Low,2.68
LANE-010722,Vietnam,P6,Truck,2025-08,4,Low,1.31
LANE-008518,Italy,P1,Ocean,2025-04,32,High,0.7
LANE-002747,China,P1,Rail,2026-07,10,Medium,1.26
LANE-016240,United Kingdom,P4,Truck,2025-04,4,Medium,1.28
LANE-015542,Thailand,P7,Ocean,2025-10,31,Low,0.84
LANE-011997,Canada,P10,Rail,2025-07,10,Low,1.09
LANE-005646,Brazil,P2,Ocean,2026-02,26,Low,0.5
LANE-000301,United States,P5,Truck,2026-03,4,High,0.84
LANE-016516,United Kingdom,P7,Rail,2026-04,13,Medium,1.21
LANE-005354,Poland,P11,Rail,2025-08,15,High,1.13
LANE-014455,Czech Republic,P5,Air,2025-01,3,Low,4.09
LANE-011318,Canada,P2,Truck,2025-10,3,Low,0.93
LANE-011731,Canada,P7,Truck,2025-05,5,Low,1.02
LANE-002086,Germany,P4,Rail,2026-06,12,Low,1.25
LANE-001626,Mexico,P10,Rail,2026-08,10,Medium,1.13
LANE-012664,France,P6,Ocean,2026-02,31,Medium,0.63
LANE-006482,Brazil,P12,Air,2026-02,2,Low,3.41
LANE-013300,Spain,P3,Truck,2025-12,4,Low,1.45
LANE-013146,Spain,P1,Truck,2025-12,4,High,1.4
LANE-014643,Czech Republic,P8,Truck,2026-01,4,Medium,1.08
LANE-000537,United States,P8,Truck,2025-09,6,High,1.38
LANE-002034,Germany,P3,Ocean,2025-10,25,Medium,0.67
LANE-013585,Spain,P6,Ocean,2025-11,35,Low,0.53
LANE-008671,Italy,P3,Ocean,2025-03,31,High,0.56
LANE-011985,Canada,P10,Truck,2026-05,5,Medium,0.85
LANE-006882,Japan,P5,Ocean,2026-06,26,Low,0.63
LANE-005592,Brazil,P2,Truck,2025-04,4,Low,1.37
LANE-008956,Italy,P7,Truck,2025-02,4,High,1.33
LANE-016960,United Kingdom,P12,Ocean,2026-08,29,Low,0.7
LANE-016203,United Kingdom,P3,Ocean,2025-11,29,Low,0.64
LANE-000443,United States,P7,Truck,2025-03,4,High,1.36
LANE-000385,United States,P6,Rail,2025-11,12,Medium,1.15
LANE-014778,Czech Republic,P9,Ocean,2026-04,28,Medium,0.87
LANE-000461,United States,P7,Truck,2026-09,4,High,1.16
LANE-002777,China,P2,Truck,2025-05,4,Medium,1.52
LANE-010635,Vietnam,P5,Truck,2025-09,5,Low,1.05
LANE-001226,Mexico,P5,Ocean,2026-04,23,Low,0.7
LANE-015829,Thailand,P11,Truck,2025-11,5,High,1.19
LANE-001535,Mexico,P9,Rail,2026-05,11,Low,0.81
LANE-014498,Czech Republic,P6,Truck,2026-10,3,Low,1.15
LANE-005003,Poland,P6,Rail,2025-09,9,Medium,1.22
LANE-002432,Germany,P9,Rail,2025-12,11,Low,0.82
LANE-002371,Germany,P8,Ocean,2026-05,30,Medium,0.87
LANE-005025,Poland,P6,Ocean,2025-09,24,High,0.61
LANE-014728,Czech Republic,P9,Truck,2025-10,3,Medium,
LANE-009185,Italy,P10,Truck,2025-11,5,Low,0.89
LANE-010457,Vietnam,P2,Ocean,2025-07,30,Low,
LANE-016165,United Kingdom,P3,Truck,2026-05,4,Low,1.33
LANE-002480,Germany,P10,Truck,2026-04,5,Medium,1.09
LANE-002654,Germany,P12,Rail,2026-02,14,Medium,1.09
LANE-002033,Germany,P3,Ocean,2025-09,34,Medium,0.72
LANE-007326,Japan,P10,Air,2026-10,2,Medium,3.49
LANE-016226,United Kingdom,P3,Air,2025-12,3,Low,
LANE-006765,Japan,P4,Rail,2025-11,11,Low,1.17
LANE-009713,Turkey,P5,Truck,2025-11,5,High,1.38
LANE-006997,Japan,P7,Truck,2025-01,4,Medium,1.03
LANE-013423,Spain,P4,Ocean,2025-03,30,Low,0.86
LANE-014847,Czech Republic,P10,Rail,2026-07,12,Low,1.14
LANE-004447,India,P11,Ocean,2025-03,29,Low,0.85
LANE-006279,Brazil,P10,Rail,2025-09,13,Low,
LANE-000564,United States,P8,Rail,2026-02,16,Low,0.83
LANE-008779,Italy,P5,Truck,2025-01,5,Low,0.86
LANE-010101,Turkey,P10,Rail,2025-03,11,Medium,0.97
LANE-010699,Vietnam,P5,Air,2025-07,3,Medium,
LANE-016536,United Kingdom,P7,Ocean,2026-02,23,High,0.72
LANE-003915,India,P4,Ocean,2026-09,30,Low,0.52
LANE-013076,France,P12,Truck,2025-08,4,Medium,
LANE-004541,India,P12,Air,2025-09,2,Medium,
LANE-001836,Germany,P1,Truck,2025-10,6,Low,1.03
LANE-015477,Thailand,P6,Air,2025-11,3,Low,3.97
LANE-015458,Thailand,P6,Ocean,2026-02,23,High,0.62
LANE-008311,South Korea,P11,Truck,2026-05,4,Low,0.83
LANE-012807,France,P8,Ocean,2025-03,23,Low,0.81
LANE-013842,Spain,P9,Air,2025-04,2,Low,3.12
LANE-005550,Brazil,P1,Ocean,2025-06,28,Medium,0.81
LANE-016574,United Kingdom,P8,Truck,2025-08,4,Medium,1.08
LANE-007484,South Korea,P1,Truck,2025-04,4,Medium,
LANE-009069,Italy,P8,Rail,2025-05,10,Medium,1.0
LANE-012871,France,P9,Rail,2025-01,11,Medium,0.93
LANE-011905,Canada,P9,Rail,2025-03,10,Medium,1.24
LANE-000887,Mexico,P1,Truck,2025-07,5,Medium,0.95
LANE-000903,Mexico,P1,Rail,2025-01,12,Medium,1.09
LANE-014774,Czech Republic,P9,Ocean,2025-12,26,Medium,0.45
LANE-013753,Spain,P8,Air,2025-03,2,Low,3.39
LANE-014927,Czech Republic,P11,Rail,2025-11,13,Low,1.19
LANE-013269,Spain,P2,Air,2025-03,2,Low,3.85
LANE-006211,Brazil,P9,Ocean,2025-07,23,Low,0.52
LANE-004498,India,P12,Rail,2025-10,12,Medium,0.83
LANE-005109,Poland,P7,Air,2025-05,3,Low,3.71
LANE-011072,Vietnam,P10,Air,2025-06,2,Low,2.09
LANE-016543,United Kingdom,P7,Ocean,2026-09,29,High,0.71
LANE-010625,Vietnam,P4,Air,2026-09,3,Medium,3.84
LANE-010208,Turkey,P11,Rail,2026-10,9,Low,0.7
LANE-001306,Mexico,P6,Ocean,2025-08,34,Low,0.52
LANE-015235,Thailand,P3,Ocean,2025-11,30,Low,0.63
LANE-009513,Turkey,P2,Ocean,2025-09,21,Medium,0.71
LANE-008309,South Korea,P11,Truck,2026-03,4,Low,0.82
LANE-015494,Thailand,P7,Truck,2025-06,6,Low,1.08
LANE-003488,China,P10,Ocean,2025-12,31,Low,0.53
LANE-013361,Spain,P3,Air,2025-07,2,High,2.27
LANE-015306,Thailand,P4,Ocean,2026-04,28,Low,0.48
LANE-013944,Spain,P11,Truck,2026-06,4,Low,1.56
LANE-004791,Poland,P3,Air,2026-05,3,Low,2.66
LANE-002058,Germany,P4,Truck,2025-12,5,Low,0.93
LANE-013969,Spain,P11,Rail,2026-09,14,High,0.94
LANE-009139,Italy,P9,Rail,2025-09,11,High,0.72
LANE-008789,Italy,P5,Truck,2025-11,4,Low,1.31
LANE-002174,Germany,P5,Air,2026-06,1,Low,2.2
LANE-012475,France,P4,Truck,2025-01,1,Low,1.12
LANE-011336,Canada,P2,Rail,2025-06,14,Medium,0.89
LANE-015377,Thailand,P5,Rail,2026-09,11,Low,0.66
LANE-000481,United States,P7,Rail,2026-07,10,Medium,0.88
LANE-005273,Poland,P9,Ocean,2026-03,25,Medium,0.65
LANE-005671,Brazil,P2,Air,2026-05,3,Low,3.48
LANE-013949,Spain,P11,Rail,2025-01,10,High,0.72
LANE-011246,Canada,P1,Truck,2025-04,4,Low,
LANE-010656,Vietnam,P5,Rail,2025-08,11,Low,1.22
LANE-016962,United Kingdom,P12,Ocean,2026-10,27,Low,0.88
LANE-016158,United Kingdom,P3,Truck,2025-10,4,Low,0.9
LANE-002228,Germany,P6,Ocean,2025-06,26,High,0.87
LANE-012659,France,P6,Ocean,2025-09,28,Medium,0.83
LANE-000787,United States,P11,Rail,2026-05,7,Low,1.15
LANE-005506,Brazil,P1,Truck,2025-06,5,Low,1.32
LANE-014849,Czech Republic,P10,Rail,2026-09,12,Low,1.17
LANE-009338,Italy,P12,Rail,2025-10,11,Low,0.99
LANE-009232,Italy,P10,Ocean,2026-02,30,Low,0.48
LANE-000511,United States,P7,Air,2025-05,2,Medium,2.95
LANE-009436,Turkey,P1,Ocean,2026-08,30,Low,0.63
LANE-011631,Canada,P5,Air,2026-03,3,Low,3.64
LANE-015018,Czech Republic,P12,Ocean,2026-02,33,Low,
LANE-006173,Brazil,P9,Truck,2026-01,4,Medium,1.11
LANE-003728,India,P2,Truck,2025-10,5,Low,1.17
LANE-000342,United States,P5,Ocean,2025-12,29,Low,0.59
LANE-012232,Canada,P12,Air,2026-10,2,Medium,2.96
LANE-006862,Japan,P5,Rail,2026-08,15,Low,1.13
LANE-002558,Germany,P11,Rail,2025-06,12,High,0.96
LANE-005120,Poland,P7,Air,2026-04,3,Low,3.14
LANE-016322,United Kingdom,P4,Air,2026-08,2,Low,2.68
LANE-014217,Czech Republic,P2,Ocean,2025-05,24,Low,0.78
LANE-003559,China,P11,Ocean,2026-05,26,Low,0.73
LANE-000525,United States,P7,Air,2026-07,2,Medium,3.93
LANE-016305,United Kingdom,P4,Air,2025-03,3,Low,3.72
LANE-010163,Turkey,P10,Air,2026-09,2,Low,3.26
LANE-001564,Mexico,P9,Air,2025-02,3,Medium,3.05
LANE-013150,Spain,P1,Truck,2026-04,5,High,1.46
LANE-001315,Mexico,P6,Ocean,2026-05,28,Low,0.76
LANE-006721,Japan,P3,Air,2025-11,2,Low,3.9
LANE-015637,Thailand,P8,Ocean,2026-05,22,Low,0.73
LANE-013285,Spain,P2,Air,2026-07,2,Low,3.97
LANE-004458,India,P11,Ocean,2026-02,22,Low,0.44
LANE-007520,South Korea,P1,Rail,2026-06,10,Medium,0.71
LANE-013166,Spain,P1,Rail,2025-10,10,Medium,0.79
LANE-008769,Italy,P4,Ocean,2026-01,25,Low,0.46
LANE-014619,Czech Republic,P7,Air,2025-11,3,Low,3.14
LANE-006534,Japan,P1,Rail,2026-10,11,Low,0.87
LANE-012153,Canada,P12,Truck,2025-09,4,High,1.48
LANE-003171,China,P6,Ocean,2025-03,26,Medium,0.55
LANE-012697,France,P7,Rail,2025-03,13,Low,0.67
LANE-013497,Spain,P5,Rail,2025-11,15,Low,0.67
LANE-016891,United Kingdom,P11,Ocean,2026-05,25,Low,0.55
LANE-004534,India,P12,Air,2025-02,3,Medium,4.14
LANE-015900,Thailand,P11,Air,2026-04,3,Medium,2.3
LANE-005634,Brazil,P2,Ocean,2025-02,24,Low,0.87
LANE-010921,Vietnam,P8,Ocean,2025-09,28,Low,
LANE-010803,Vietnam,P7,Truck,2025-01,5,Low,1.39
LANE-007903,South Korea,P6,Rail,2025-05,9,Low,1.28
LANE-003496,China,P10,Ocean,2026-08,30,Low,0.45
LANE-011560,Canada,P5,Truck,2025-10,4,High,1.58
LANE-007118,Japan,P8,Rail,2025-12,12,Low,1.03
LANE-015449,Thailand,P6,Ocean,2025-05,25,High,0.82
LANE-016771,United Kingdom,P10,Rail,2025-07,9,Medium,1.03
LANE-006003,Brazil,P6,Air,2026-07,3,Low,2.08
LANE-015245,Thailand,P3,Ocean,2026-09,32,Low,0.56
LANE-004097,India,P7,Truck,2025-05,5,Low,1.29
LANE-013372,Spain,P3,Air,2026-06,2,High,2.1
LANE-007134,Japan,P8,Ocean,2025-06,21,Low,0.55
LANE-006940,Japan,P6,Rail,2025-10,9,Medium,0.94
LANE-016407,United Kingdom,P5,Air,2026-05,2,Low,3.64
LANE-008913,Italy,P6,Ocean,2025-03,30,Low,0.78
LANE-002433,Germany,P9,Rail,2026-01,9,Low,0.84
LANE-009987,Turkey,P8,Rail,2026-09,15,Low,0.65
LANE-004303,India,P9,Air,2026-01,1,Medium,3.68
LANE-012471,France,P3,Air,2026-07,2,Medium,3.47
LANE-002869,China,P3,Truck,2025-09,5,High,1.21
LANE-005383,Poland,P11,Ocean,2026-03,31,Medium,0.53
LANE-008398,South Korea,P12,Truck,2026-04,5,Low,0.85
LANE-016631,United Kingdom,P8,Ocean,2026-09,23,Medium,0.75
LANE-012780,France,P8,Truck,2026-08,5,Medium,0.89
LANE-016655,United Kingdom,P9,Truck,2025-01,4,Medium,1.52
LANE-005692,Brazil,P3,Truck,2026-04,4,Low,1.55
LANE-014526,Czech Republic,P6,Ocean,2025-06,26,Medium,0.53
LANE-003191,China,P6,Air,2025-01,2,Medium,3.47
LANE-003870,India,P4,Truck,2026-08,4,Medium,1.19
LANE-013492,Spain,P5,Rail,2025-06,14,Low,1.2
LANE-006430,Brazil,P12,Rail,2025-06,10,Medium,0.85
LANE-002106,Germany,P4,Ocean,2026-04,24,High,0.85
LANE-014143,Czech Republic,P1,Ocean,2026-07,25,Low,0.65
LANE-010728,Vietnam,P6,Truck,2026-02,3,Low,1.4
LANE-006568,Japan,P1,Air,2025-12,3,High,2.32
LANE-005040,Poland,P7,Truck,2025-02,5,Low,1.53
LANE-007022,Japan,P7,Rail,2025-04,11,Low,1.12
LANE-014186,Czech Republic,P2,Truck,2026-06,5,Low,1.25
LANE-003508,China,P11,Truck,2025-10,5,Medium,1.34
LANE-009579,Turkey,P3,Rail,2025-09,9,Low,1.01
LANE-009957,Turkey,P8,Truck,2026-01,6,Low,1.02
LANE-010270,Turkey,P12,Truck,2026-06,3,Low,0.82
LANE-008892,Italy,P6,Rail,2025-04,12,Low,0.93
LANE-009788,Turkey,P5,Air,2026-08,2,High,3.09
LANE-002075,Germany,P4,Rail,2025-07,8,Low,1.11
LANE-010667,Vietnam,P5,Rail,2026-07,14,Low,1.16
LANE-016210,United Kingdom,P3,Ocean,2026-06,27,Low,0.73
LANE-006196,Brazil,P9,Rail,2026-02,13,Medium,0.84
LANE-002798,China,P2,Rail,2025-04,14,Low,0.73
LANE-014973,Czech Republic,P12,Truck,2026-01,5,Low,0.93
LANE-014795,Czech Republic,P9,Air,2025-11,1,Medium,3.25
LANE-014781,Czech Republic,P9,Ocean,2026-07,34,Medium,0.48
LANE-016603,United Kingdom,P8,Rail,2026-03,11,Medium,1.24
LANE-002766,China,P1,Ocean,2026-04,24,Low,0.6
LANE-008669,Italy,P3,Ocean,2025-01,23,High,
LANE-004434,India,P11,Rail,2025-12,11,Low,
LANE-014299,Czech Republic,P3,Rail,2026-09,12,Medium,0.82
LANE-005850,Brazil,P5,Truck,2026-08,5,Low,1.49
LANE-007885,South Korea,P6,Truck,2025-09,3,High,1.39
LANE-012282,France,P1,Ocean,2025-06,27,Medium,0.56
LANE-015035,Czech Republic,P12,Air,2025-09,3,Low,3.3
LANE-014813,Czech Republic,P10,Truck,2025-07,5,Low,1.13
LANE-007297,Japan,P10,Ocean,2026-03,31,Low,0.55
LANE-011468,Canada,P4,Truck,2025-06,5,Low,1.27
LANE-016346,United Kingdom,P5,Truck,2026-10,3,Low,1.51
LANE-002012,Germany,P3,Rail,2025-10,12,Low,1.13
LANE-014302,Czech Republic,P3,Ocean,2025-02,30,Medium,0.62
LANE-015149,Thailand,P2,Rail,2026-01,9,Low,0.92
LANE-011709,Canada,P6,Air,2025-05,2,Low,2.59
LANE-006136,Brazil,P8,Ocean,2026-08,25,Low,0.82
LANE-000059,United States,P2,Truck,2026-03,1,Low,1.37
LANE-012560,France,P5,Truck,2026-08,4,Medium,
LANE-007950,South Korea,P6,Air,2025-08,2,Low,3.79
LANE-009116,Italy,P9,Truck,2025-08,4,Low,1.39
LANE-008112,South Korea,P8,Air,2026-04,2,Low,3.8
LANE-007501,South Korea,P1,Truck,2026-09,4,Medium,1.12
LANE-002925,China,P3,Ocean,2026-09,30,Low,0.88
LANE-002729,China,P1,Rail,2025-01,13,Medium,1.24
LANE-003322,China,P8,Truck,2026-10,2,Low,0.82
LANE-007251,Japan,P10,Truck,2026-01,4,High,1.43
LANE-003164,China,P6,Rail,2026-06,12,Medium,0.67
LANE-004914,Poland,P5,Rail,2025-08,13,Medium,1.03
LANE-000533,United States,P8,Truck,2025-05,5,High,0.98
LANE-003564,China,P11,Ocean,2026-10,25,Low,0.55
LANE-015514,Thailand,P7,Rail,2025-04,12,Low,1.1
LANE-005883,Brazil,P5,Ocean,2025-09,28,Low,0.67
LANE-003804,India,P3,Truck,2026-08,5,Low,1.0
LANE-015665,Thailand,P9,Truck,2025-01,5,Low,0.99
LANE-009566,Turkey,P3,Truck,2026-06,5,Medium,1.42
LANE-014899,Czech Republic,P11,Truck,2025-05,4,Medium,0.88
LANE-005600,Brazil,P2,Truck,2025-12,4,Low,1.04
LANE-001872,Germany,P1,Ocean,2025-02,26,Low,0.61
LANE-011248,Canada,P1,Truck,2025-06,4,Low,1.15
LANE-013417,Spain,P4,Rail,2026-07,13,Low,1.26
LANE-013265,Spain,P2,Ocean,2026-09,20,Medium,0.65
LANE-012094,Canada,P11,Rail,2026-04,12,Low,1.19
LANE-012013,Canada,P10,Ocean,2025-01,20,Medium,0.45
LANE-000006,United States,P1,Truck,2025-06,1,Low,1.27
LANE-014058,Spain,P12,Ocean,2026-10,24,Medium,0.7
LANE-006255,Brazil,P10,Truck,2025-07,5,Low,1.36
LANE-013308,Spain,P3,Truck,2026-08,4,Low,0.91
LANE-007820,South Korea,P5,Rail,2025-10,15,Low,0.78
LANE-007308,Japan,P10,Air,2025-04,2,Medium,3.45
LANE-013482,Spain,P5,Truck,2026-06,4,Low,1.17
LANE-012506,France,P4,Rail,2025-10,7,Low,1.13
LANE-005797,Brazil,P4,Rail,2025-11,9,Low,0.85
LANE-011879,Canada,P8,Air,2026-09,2,Low,3.47
LANE-000908,Mexico,P1,Rail,2025-06,12,Medium,1.15
LANE-013247,Spain,P2,Ocean,2025-03,28,Medium,0.44
LANE-003145,China,P6,Truck,2026-09,4,Low,1.5
LANE-015605,Thailand,P8,Rail,2025-07,12,Low,1.27
LANE-007722,South Korea,P4,Truck,2026-10,4,Low,0.95
LANE-002024,Germany,P3,Rail,2026-10,11,Low,1.02
LANE-005531,Brazil,P1,Rail,2025-09,11,Medium,0.92
LANE-016073,United Kingdom,P1,Air,2026-01,3,Low,3.01
LANE-007050,Japan,P7,Ocean,2025-10,27,High,0.83
LANE-014654,Czech Republic,P8,Rail,2025-02,9,Medium,0.68
LANE-001326,Mexico,P6,Air,2025-06,2,Low,3.71
LANE-010567,Vietnam,P4,Rail,2025-07,11,Low,0.85
LANE-014620,Czech Republic,P7,Air,2025-12,2,Low,2.31
LANE-009177,Italy,P10,Truck,2025-03,5,Low,0.85
LANE-015500,Thailand,P7,Truck,2025-12,4,Low,1.5
LANE-013338,Spain,P3,Ocean,2025-06,33,Low,0.75
LANE-000581,United States,P8,Ocean,2025-09,29,Medium,0.45
LANE-002287,Germany,P7,Rail,2026-09,10,Low,0.68
LANE-004875,Poland,P4,Air,2026-01,3,Medium,2.99
LANE-016178,United Kingdom,P3,Rail,2025-08,10,Low,0.65
LANE-010712,Vietnam,P5,Air,2026-08,3,Medium,3.49
LANE-013555,Spain,P6,Rail,2025-03,11,Low,0.83
LANE-002624,Germany,P12,Truck,2025-06,4,High,1.15
LANE-006266,Brazil,P10,Truck,2026-06,5,Low,1.08
LANE-003696,India,P1,Ocean,2026-10,22,Low,0.54
LANE-012433,France,P3,Ocean,2025-03,25,Low,0.79
LANE-000338,United States,P5,Ocean,2025-08,25,Low,
LANE-005488,Poland,P12,Air,2025-10,3,Low,2.17
LANE-016713,United Kingdom,P9,Ocean,2026-03,26,High,0.58
LANE-016952,United Kingdom,P12,Ocean,2025-12,25,Low,0.59
LANE-008784,Italy,P5,Truck,2025-06,6,Low,0.87
LANE-005008,Poland,P6,Rail,2026-02,11,Medium,0.67
LANE-008025,South Korea,P7,Ocean,2026-05,24,Low,0.66
LANE-003060,China,P5,Rail,2025-02,13,Low,1.09
LANE-002999,China,P4,Ocean,2025-07,28,Low,0.61
LANE-001239,Mexico,P5,Air,2025-07,2,High,
LANE-009039,Italy,P7,Air,2026-07,2,Medium,2.38
LANE-013231,Spain,P2,Rail,2025-09,13,Medium,0.69
LANE-005122,Poland,P7,Air,2026-06,3,Low,3.07
LANE-003399,China,P9,Rail,2025-11,10,Medium,1.06
LANE-004527,India,P12,Ocean,2026-05,26,Low,0.77
LANE-000242,United States,P4,Rail,2026-10,9,Low,
LANE-011280,Canada,P1,Rail,2026-04,13,Medium,
LANE-005138,Poland,P8,Truck,2025-12,5,High,1.27
LANE-010272,Turkey,P12,Truck,2026-08,5,Low,0.82
LANE-009570,Turkey,P3,Truck,2026-10,5,Medium,1.41
LANE-012738,France,P7,Ocean,2026-10,31,Low,0.75
LANE-002151,Germany,P5,Rail,2026-05,9,Low,0.95
LANE-011133,Vietnam,P11,Ocean,2025-01,32,Low,0.64
LANE-006256,Brazil,P10,Truck,2025-08,4,Low,1.52
LANE-015232,Thailand,P3,Ocean,2025-08,17,Low,0.64
LANE-014211,Czech Republic,P2,Rail,2026-09,12,Low,1.22
LANE-004631,Poland,P2,Truck,2025-11,4,Low,1.18
LANE-004974,Poland,P6,Truck,2025-02,4,Low,1.52
LANE-016504,United Kingdom,P7,Rail,2025-04,8,Medium,0.99
LANE-009398,Turkey,P1,Rail,2025-04,12,Medium,0.66
LANE-010309,Turkey,P12,Ocean,2026-01,26,Low,0.82
LANE-013303,Spain,P3,Truck,2026-03,3,Low,1.59
LANE-008564,Italy,P2,Truck,2025-06,5,Low,1.43
LANE-005613,Brazil,P2,Rail,2025-03,12,Low,0.83
LANE-014558,Czech Republic,P7,Truck,2026-04,4,Low,1.31
LANE-012201,Canada,P12,Ocean,2026-01,25,Medium,0.64
LANE-016385,United Kingdom,P5,Ocean,2026-05,31,Low,0.56
LANE-014799,Czech Republic,P9,Air,2026-03,2,Medium,2.86
LANE-003581,China,P12,Truck,2026-05,5,High,1.46
LANE-010310,Turkey,P12,Ocean,2026-02,24,Low,0.7
LANE-011068,Vietnam,P10,Air,2025-02,3,Low,3.68
LANE-001307,Mexico,P6,Ocean,2025-09,30,Low,0.74
LANE-001255,Mexico,P6,Truck,2025-01,3,Low,1.55
LANE-007422,Japan,P12,Rail,2025-08,9,Medium,1.09
LANE-016833,United Kingdom,P11,Truck,2025-03,4,Medium,1.57
LANE-005620,Brazil,P2,Rail,2025-10,12,Low,0.77
LANE-013553,Spain,P6,Rail,2025-01,13,Low,0.65
LANE-014457,Czech Republic,P5,Air,2025-03,3,Low,3.01
LANE-002217,Germany,P6,Rail,2026-05,15,Low,1.21
LANE-006874,Japan,P5,Ocean,2025-10,31,Low,0.52
LANE-008571,Italy,P2,Truck,2026-01,5,Low,1.04
LANE-006627,Japan,P2,Ocean,2025-05,24,Low,0.58
LANE-016235,United Kingdom,P3,Air,2026-09,1,Low,4.12
LANE-008255,South Korea,P10,Ocean,2025-05,24,Low,0.45
LANE-014785,Czech Republic,P9,Air,2025-01,2,Medium,2.91
LANE-015318,Thailand,P4,Air,2025-06,2,Low,2.24
LANE-001075,Mexico,P3,Rail,2026-07,12,Low,0.81
LANE-014175,Czech Republic,P2,Truck,2025-07,4,Low,1.18
LANE-007047,Japan,P7,Ocean,2025-07,27,High,0.51
LANE-011001,Vietnam,P10,Truck,2025-01,4,Medium,1.24
LANE-012298,France,P1,Ocean,2026-10,32,Medium,0.63
LANE-016705,United Kingdom,P9,Ocean,2025-07,35,High,0.73
LANE-012310,France,P1,Air,2025-12,2,Medium,3.33
LANE-000613,United States,P9,Truck,2026-07,4,Low,0.82
LANE-011177,Vietnam,P12,Truck,2025-01,5,Low,1.11
LANE-001716,Mexico,P11,Rail,2026-10,10,Medium,0.7
LANE-009580,Turkey,P3,Rail,2025-10,10,Low,
LANE-015310,Thailand,P4,Ocean,2026-08,24,Low,0.75
LANE-015958,Thailand,P12,Ocean,2025-08,27,Medium,0.53
LANE-011749,Canada,P7,Rail,2025-01,10,Low,0.94
LANE-010724,Vietnam,P6,Truck,2025-10,5,Low,
LANE-016045,United Kingdom,P1,Ocean,2025-07,28,Low,0.49
LANE-013362,Spain,P3,Air,2025-08,1,High,2.74
LANE-010716,Vietnam,P6,Truck,2025-02,4,Low,1.19
LANE-013527,Spain,P5,Ocean,2026-07,31,Low,0.68
LANE-012192,Canada,P12,Ocean,2025-04,34,Medium,
LANE-015195,Thailand,P3,Truck,2026-03,4,Low,1.56
LANE-016391,United Kingdom,P5,Air,2025-01,2,Low,3.49
LANE-002997,China,P4,Ocean,2025-05,24,Low,0.78
LANE-007653,South Korea,P3,Truck,2026-07,5,Low,1.07
LANE-006074,Brazil,P8,Truck,2025-02,4,Medium,1.38
LANE-009515,Turkey,P2,Ocean,2025-11,32,Medium,0.78
LANE-009151,Italy,P9,Rail,2026-09,12,High,1.04
LANE-011479,Canada,P4,Truck,2026-05,5,Low,1.41
LANE-006762,Japan,P4,Rail,2025-08,13,Low,0.91
LANE-014322,Czech Republic,P3,Ocean,2026-10,22,Medium,
LANE-004724,Poland,P3,Truck,2026-04,3,Low,1.22
LANE-015273,Thailand,P4,Rail,2025-05,13,Low,0.9
LANE-010193,Turkey,P11,Rail,2025-07,11,Low,0.98
LANE-006059,Brazil,P7,Air,2025-09,1,High,2.73
LANE-005433,Poland,P12,Truck,2026-09,4,Low,0.92
LANE-004484,India,P12,Truck,2026-06,5,Medium,1.37
LANE-003485,China,P10,Ocean,2025-09,26,Low,0.48
LANE-007796,South Korea,P5,Truck,2025-08,4,Low,1.15
LANE-005269,Poland,P9,Ocean,2025-11,36,Medium,0.81
LANE-005388,Poland,P11,Ocean,2026-08,26,Medium,0.81
LANE-014494,Czech Republic,P6,Truck,2026-06,6,Low,1.25
LANE-010555,Vietnam,P4,Truck,2026-05,5,Medium,1.47
LANE-011050,Vietnam,P10,Ocean,2025-06,24,Medium,0.48
LANE-015279,Thailand,P4,Rail,2025-11,10,Low,1.05
LANE-002572,Germany,P11,Rail,2026-08,14,High,0.77
LANE-016157,United Kingdom,P3,Truck,2025-09,4,Low,0.97
LANE-005091,Poland,P7,Ocean,2025-09,28,Low,0.48
LANE-010516,Vietnam,P3,Rail,2026-10,14,Low,0.7
LANE-011244,Canada,P1,Truck,2025-02,5,Low,0.94
LANE-014653,Czech Republic,P8,Rail,2025-01,13,Medium,1.19
LANE-009651,Turkey,P4,Truck,2026-03,3,Low,1.17
LANE-011839,Canada,P8,Ocean,2025-03,31,High,0.67
LANE-008637,Italy,P3,Truck,2026-01,6,Low,1.49
LANE-012095,Canada,P11,Rail,2026-05,10,Low,1.12
LANE-000848,United States,P12,Ocean,2025-12,30,Low,0.82
LANE-014538,Czech Republic,P6,Ocean,2026-06,22,Medium,0.63
LANE-011724,Canada,P6,Air,2026-08,2,Low,3.23
LANE-016481,United Kingdom,P7,Truck,2025-03,4,Medium,0.88
LANE-016642,United Kingdom,P8,Air,2025-10,2,Low,3.5
LANE-010408,Vietnam,P2,Truck,2025-02,6,Low,0.88
LANE-001956,Germany,P2,Rail,2026-08,11,Low,1.12
LANE-012197,Canada,P12,Ocean,2025-09,25,Medium,0.68
LANE-011300,Canada,P1,Ocean,2026-02,24,Low,0.46
LANE-008495,Italy,P1,Rail,2025-03,11,Low,0.67
LANE-008068,South Korea,P8,Rail,2026-04,9,High,1.15
LANE-005229,Poland,P9,Truck,2026-03,5,Low,
LANE-016222,United Kingdom,P3,Air,2025-08,3,Low,
LANE-001118,Mexico,P4,Truck,2026-06,4,Low,1.27
LANE-015592,Thailand,P8,Truck,2026-04,5,Low,1.31
LANE-000450,United States,P7,Truck,2025-10,4,High,1.21
LANE-011017,Vietnam,P10,Truck,2026-05,5,Medium,1.24
LANE-014612,Czech Republic,P7,Air,2025-04,3,Low,2.45
LANE-013758,Spain,P8,Air,2025-08,3,Low,2.83
LANE-014181,Czech Republic,P2,Truck,2026-01,4,Low,1.01
LANE-007633,South Korea,P2,Air,2026-09,3,Medium,2.26
LANE-000941,Mexico,P1,Ocean,2026-05,33,Medium,0.8
LANE-013138,Spain,P1,Truck,2025-04,5,High,1.2
LANE-012262,France,P1,Rail,2025-08,8,Low,0.85
LANE-015557,Thailand,P7,Air,2025-03,3,Low,
LANE-013825,Spain,P9,Ocean,2025-09,28,Medium,0.55
LANE-010316,Turkey,P12,Ocean,2026-08,18,Low,0.5
LANE-000164,United States,P3,Ocean,2025-10,31,Medium,0.65
LANE-007652,South Korea,P3,Truck,2026-06,4,Low,1.09
LANE-008056,South Korea,P8,Rail,2025-04,12,High,0.74
LANE-009816,Turkey,P6,Rail,2025-04,8,Low,0.86
LANE-006901,Japan,P5,Air,2026-03,3,High,2.51
LANE-011582,Canada,P5,Rail,2025-10,15,Low,0.75
LANE-004162,India,P7,Air,2025-04,2,Medium,2.29
LANE-007910,South Korea,P6,Rail,2025-12,6,Low,0.81
LANE-008767,Italy,P4,Ocean,2025-11,26,Low,0.72
LANE-014772,Czech Republic,P9,Ocean,2025-10,30,Medium,0.69
LANE-008726,Italy,P4,Truck,2026-02,6,Medium,1.25
LANE-005528,Brazil,P1,Rail,2025-06,12,Medium,1.25
LANE-006975,Japan,P6,Air,2025-01,2,Medium,3.92
LANE-008301,South Korea,P11,Truck,2025-07,5,Low,1.34
LANE-013885,Spain,P10,Rail,2025-03,12,Low,1.08
LANE-011722,Canada,P6,Air,2026-06,3,Low,3.26
LANE-013125,France,P12,Ocean,2026-01,25,High,0.81
LANE-006794,Japan,P4,Ocean,2026-06,33,Low,0.5
LANE-008131,South Korea,P9,Truck,2026-01,3,Medium,1.09
LANE-007414,Japan,P12,Truck,2026-10,5,Medium,0.92
LANE-005881,Brazil,P5,Ocean,2025-07,24,Low,0.77
LANE-007613,South Korea,P2,Air,2025-01,3,Medium,3.68
LANE-004811,Poland,P4,Truck,2026-03,5,Medium,0.83
LANE-009134,Italy,P9,Rail,2025-04,12,High,
LANE-010384,Vietnam,P1,Ocean,2026-10,21,Low,0.46
LANE-001408,Mexico,P7,Ocean,2026-10,30,Low,0.55
LANE-000256,United States,P4,Ocean,2026-02,24,Low,0.55
LANE-002868,China,P3,Truck,2025-08,5,High,1.56
LANE-011086,Vietnam,P10,Air,2026-08,2,Low,3.03
LANE-014487,Czech Republic,P6,Truck,2025-11,5,Low,0.94
LANE-009209,Italy,P10,Rail,2026-01,9,Medium,1.12
LANE-000988,Mexico,P2,Rail,2026-08,12,Low,
LANE-008494,Italy,P1,Rail,2025-02,12,Low,1.25
LANE-013487,Spain,P5,Rail,2025-01,10,Low,0.65
LANE-016427,United Kingdom,P6,Truck,2026-03,4,High,1.12
LANE-003456,China,P10,Rail,2025-02,11,Low,0.93
LANE-004161,India,P7,Air,2025-03,3,Medium,3.75
LANE-004200,India,P8,Truck,2026-08,5,Low,1.21
LANE-005675,Brazil,P2,Air,2026-09,3,Low,2.23
LANE-004691,Poland,P2,Air,2025-05,2,Low,2.42
LANE-001531,Mexico,P9,Rail,2026-01,13,Low,0.91
LANE-015762,Thailand,P10,Truck,2025-10,5,Low,1.25
LANE-002254,Germany,P7,Truck,2025-10,5,High,0.85
LANE-008040,South Korea,P8,Truck,2025-10,4,High,1.05
LANE-013206,Spain,P2,Truck,2025-06,3,Low,1.15
LANE-016950,United Kingdom,P12,Ocean,2025-10,34,Low,0.45
LANE-013252,Spain,P2,Ocean,2025-08,31,Medium,0.64
LANE-007812,South Korea,P5,Rail,2025-02,12,Low,0.91
LANE-008274,South Korea,P10,Air,2025-02,2,High,2.84
LANE-002546,Germany,P11,Truck,2026-04,5,High,1.47
LANE-016359,United Kingdom,P5,Rail,2026-01,10,Medium,0.88
LANE-007495,South Korea,P1,Truck,2026-03,5,Medium,0.94
LANE-008869,Italy,P6,Truck,2025-03,5,Medium,0.89
LANE-010845,Vietnam,P7,Rail,2026-09,14,Low,0.71
LANE-013917,Spain,P10,Ocean,2026-01,25,Low,0.63
LANE-006608,Japan,P2,Rail,2025-08,11,Medium,0.96
LANE-002608,Germany,P11,Air,2025-12,2,Low,3.34
LANE-016213,United Kingdom,P3,Ocean,2026-09,25,Low,0.47
LANE-010210,Turkey,P11,Ocean,2025-02,24,Low,0.51
LANE-014472,Czech Republic,P5,Air,2026-06,2,Low,2.28
LANE-016688,United Kingdom,P9,Rail,2025-12,7,High,0.93
LANE-006075,Brazil,P8,Truck,2025-03,4,Medium,1.1
LANE-011370,Canada,P2,Ocean,2026-06,26,Medium,0.7
LANE-000546,United States,P8,Truck,2026-06,4,High,1.0
LANE-001702,Mexico,P11,Rail,2025-08,12,Medium,1.24
LANE-008199,South Korea,P9,Air,2026-03,3,Low,2.21
LANE-013980,Spain,P11,Ocean,2025-10,32,Low,0.52
LANE-009693,Turkey,P4,Ocean,2026-01,35,Medium,0.84
LANE-011954,Canada,P9,Air,2025-08,2,Medium,
LANE-008334,South Korea,P11,Rail,2026-06,12,Medium,0.73
LANE-012649,France,P6,Rail,2026-09,10,Low,1.2
LANE-007805,South Korea,P5,Truck,2026-05,3,Low,
LANE-000881,Mexico,P1,Truck,2025-01,5,Medium,1.06
LANE-010394,Vietnam,P1,Air,2025-10,3,Medium,2.95
LANE-005344,Poland,P11,Truck,2026-08,5,Low,0.96
LANE-014998,Czech Republic,P12,Rail,2026-04,12,Medium,0.82
LANE-004326,India,P10,Truck,2026-02,5,Medium,
LANE-014048,Spain,P12,Ocean,2025-12,25,Medium,0.58
LANE-004237,India,P8,Ocean,2026-01,26,Low,0.7
LANE-005103,Poland,P7,Ocean,2026-09,29,Low,0.87
LANE-008450,South Korea,P12,Air,2025-02,3,Medium,4.11
LANE-013441,Spain,P4,Ocean,2026-09,35,Low,0.59
LANE-001676,Mexico,P11,Truck,2025-04,4,Low,1.42
LANE-001846,Germany,P1,Truck,2026-08,5,Low,1.36
LANE-013751,Spain,P8,Air,2025-01,3,Low,2.89
LANE-015389,Thailand,P5,Ocean,2025-11,20,Medium,0.74
LANE-000400,United States,P6,Ocean,2025-04,23,Low,0.72
LANE-003773,India,P2,Ocean,2025-11,23,Low,0.56
LANE-002678,Germany,P12,Ocean,2026-04,28,Low,0.75
LANE-012287,France,P1,Ocean,2025-11,28,Medium,0.65
LANE-004277,India,P9,Rail,2025-09,9,Medium,1.05
LANE-009829,Turkey,P6,Rail,2026-05,11,Low,0.97
LANE-000532,United States,P8,Truck,2025-04,3,High,1.42
LANE-011956,Canada,P9,Air,2025-10,2,Medium,3.53
LANE-014493,Czech Republic,P6,Truck,2026-05,6,Low,1.24
LANE-013377,Spain,P4,Truck,2025-01,5,Low,1.22
LANE-013522,Spain,P5,Ocean,2026-02,32,Low,0.49
LANE-002770,China,P1,Ocean,2026-08,22,Low,0.82
LANE-006678,Japan,P3,Rail,2025-12,15,Low,0.81
LANE-014576,Czech Republic,P7,Rail,2025-12,14,Low,1.14
LANE-015423,Thailand,P6,Rail,2025-01,10,Low,0.69
LANE-015780,Thailand,P10,Rail,2025-06,14,High,1.04
LANE-014762,Czech Republic,P9,Rail,2026-10,10,Low,1.11
LANE-005321,Poland,P10,Rail,2026-07,10,Low,0.94
LANE-016352,United Kingdom,P5,Rail,2025-06,14,Medium,0.97
LANE-005680,Brazil,P3,Truck,2025-04,5,Low,1.43
LANE-000997,Mexico,P2,Ocean,2025-07,24,Medium,0.6
LANE-004474,India,P12,Truck,2025-08,4,Medium,1.56
LANE-001962,Germany,P2,Ocean,2025-04,28,Low,0.88
LANE-006116,Brazil,P8,Rail,2026-10,13,Low,0.81
LANE-000729,United States,P10,Ocean,2025-03,22,Medium,
LANE-006920,Japan,P6,Truck,2025-12,6,Low,1.31
LANE-009625,Turkey,P3,Air,2025-11,3,Low,3.79
LANE-011388,Canada,P2,Air,2026-02,3,Low,2.49
LANE-004012,India,P6,Truck,2025-08,4,Low,0.85
LANE-002059,Germany,P4,Truck,2026-01,5,Low,1.01
LANE-004063,India,P6,Ocean,2026-03,30,Medium,0.84
LANE-003453,China,P10,Truck,2026-09,4,Medium,1.2
LANE-013004,France,P11,Truck,2025-02,3,Medium,1.54
LANE-012304,France,P1,Air,2025-06,2,Medium,3.14
LANE-008770,Italy,P4,Ocean,2026-02,27,Low,0.83
LANE-009442,Turkey,P1,Air,2025-04,2,High,2.83
LANE-009082,Italy,P8,Rail,2026-06,11,Medium,0.83
LANE-004818,Poland,P4,Truck,2026-10,5,Medium,1.07
LANE-001242,Mexico,P5,Air,2025-10,2,High,4.03
LANE-015057,Thailand,P1,Truck,2025-09,5,Medium,1.29
LANE-002279,Germany,P7,Rail,2026-01,13,Low,1.04
LANE-009308,Italy,P12,Truck,2025-02,4,High,1.5
LANE-010992,Vietnam,P9,Ocean,2026-02,30,Low,0.79
LANE-011425,Canada,P3,Rail,2025-07,11,Low,1.23
LANE-000128,United States,P3,Truck,2026-06,4,Low,
LANE-015201,Thailand,P3,Truck,2026-09,4,Low,1.28
LANE-000432,United States,P6,Air,2026-02,2,Low,3.4
LANE-010014,Turkey,P9,Truck,2025-04,3,High,1.13
LANE-005572,Brazil,P1,Air,2025-06,3,Medium,2.13
LANE-012681,France,P7,Truck,2025-09,5,Medium,1.37
LANE-000965,Mexico,P2,Truck,2026-07,3,High,1.39
LANE-012199,Canada,P12,Ocean,2025-11,31,Medium,0.67
LANE-012075,Canada,P11,Truck,2026-07,4,Medium,1.03
LANE-010735,Vietnam,P6,Truck,2026-09,4,Low,1.22
LANE-000235,United States,P4,Rail,2026-03,14,Low,0.75
LANE-001187,Mexico,P5,Truck,2026-09,5,Low,1.11
LANE-000624,United States,P9,Rail,2025-08,10,Low,1.19
LANE-006915,Japan,P6,Truck,2025-07,6,Low,0.97
LANE-011964,Canada,P9,Air,2026-06,3,Medium,2.55
LANE-008455,South Korea,P12,Air,2025-07,2,Medium,2.7
LANE-000888,Mexico,P1,Truck,2025-08,4,Medium,1.34
LANE-000332,United States,P5,Ocean,2025-02,29,Low,0.52
LANE-005847,Brazil,P5,Truck,2026-05,5,Low,1.24
LANE-012817,France,P8,Ocean,2026-01,28,Low,0.77
LANE-003706,India,P1,Air,2025-10,2,Low,2.82
LANE-003998,India,P5,Air,2026-04,3,Low,4.1
LANE-007150,Japan,P8,Ocean,2026-10,25,Low,0.61
LANE-000447,United States,P7,Truck,2025-07,4,High,1.05
LANE-016212,United Kingdom,P3,Ocean,2026-08,29,Low,0.83
LANE-000422,United States,P6,Air,2025-04,3,Low,2.15
LANE-016166,United Kingdom,P3,Truck,2026-06,5,Low,0.84
LANE-007725,South Korea,P4,Rail,2025-03,11,Low,1.05
LANE-010017,Turkey,P9,Truck,2025-07,4,High,1.37
LANE-002578,Germany,P11,Ocean,2025-04,24,Low,0.82
LANE-015237,Thailand,P3,Ocean,2026-01,24,Low,0.45
LANE-009529,Turkey,P2,Air,2025-03,2,Medium,3.5
LANE-000075,United States,P2,Rail,2025-09,9,Low,0.95
LANE-011919,Canada,P9,Rail,2026-05,10,Medium,1.07
LANE-008678,Italy,P3,Ocean,2025-10,28,High,0.62
LANE-004918,Poland,P5,Rail,2025-12,14,Medium,0.96
LANE-011216,Vietnam,P12,Rail,2026-06,12,High,0.74
LANE-016030,United Kingdom,P1,Rail,2026-02,13,High,0.75
LANE-015956,Thailand,P12,Ocean,2025-06,24,Medium,0.54
LANE-006396,Brazil,P11,Ocean,2026-04,31,High,0.82
LANE-004435,India,P11,Rail,2026-01,10,Low,1.2
LANE-011552,Canada,P5,Truck,2025-02,5,High,0.84
LANE-004589,Poland,P1,Rail,2026-01,11,High,1.19
LANE-016016,United Kingdom,P1,Truck,2026-10,6,Low,1.03
LANE-007661,South Korea,P3,Rail,2025-05,11,Medium,0.93
LANE-001619,Mexico,P10,Rail,2026-01,15,Medium,1.04
LANE-013099,France,P12,Rail,2025-09,12,Low,0.79
LANE-016253,United Kingdom,P4,Truck,2026-05,3,Medium,1.15
LANE-004313,India,P10,Truck,2025-01,4,Medium,1.01
LANE-009659,Turkey,P4,Rail,2025-01,11,Low,1.09
LANE-000721,United States,P10,Rail,2026-05,10,Low,0.76
LANE-006476,Brazil,P12,Air,2025-08,2,Low,3.96
LANE-011296,Canada,P1,Ocean,2025-10,22,Low,0.82
LANE-001012,Mexico,P2,Ocean,2026-10,22,Medium,0.83
LANE-003098,China,P5,Ocean,2026-06,31,Medium,0.74
LANE-004464,India,P11,Ocean,2026-08,25,Low,0.66
LANE-003339,China,P8,Rail,2026-05,7,High,1.11
LANE-007636,South Korea,P3,Truck,2025-02,5,Low,1.26
LANE-004360,India,P10,Ocean,2025-04,25,Medium,0.49
LANE-008058,South Korea,P8,Rail,2025-06,11,High,1.16
LANE-003933,India,P5,Truck,2026-05,5,Medium,0.86
LANE-002138,Germany,P5,Rail,2025-04,9,Low,1.25
LANE-008167,South Korea,P9,Ocean,2025-05,28,Medium,0.64
LANE-013707,Spain,P8,Rail,2025-01,11,Low,1.26
LANE-014720,Czech Republic,P9,Truck,2025-02,4,Medium,1.59
LANE-010469,Vietnam,P2,Ocean,2026-07,31,Low,0.5
LANE-001375,Mexico,P7,Rail,2025-11,11,High,0.96
LANE-011132,Vietnam,P11,Rail,2026-10,7,Low,0.69
LANE-011710,Canada,P6,Air,2025-06,3,Low,3.26
LANE-014470,Czech Republic,P5,Air,2026-04,2,Low,3.94
LANE-007210,Japan,P9,Rail,2026-04,13,Low,1.1
LANE-008360,South Korea,P11,Ocean,2026-10,22,Low,0.49
LANE-000185,United States,P3,Air,2025-09,3,Low,2.98
LANE-002927,China,P3,Air,2025-01,2,High,4.12
LANE-015421,Thailand,P6,Truck,2026-09,5,Low,1.55
LANE-004446,India,P11,Ocean,2025-02,27,Low,0.5
LANE-008570,Italy,P2,Truck,2025-12,6,Low,1.32
LANE-006034,Brazil,P7,Rail,2025-06,9,Low,0.88
LANE-010521,Vietnam,P3,Ocean,2025-05,27,Low,0.83
LANE-008330,South Korea,P11,Rail,2026-02,12,Medium,1.14
LANE-000172,United States,P3,Ocean,2026-06,35,Medium,0.46
LANE-004996,Poland,P6,Rail,2025-02,12,Medium,1.09
LANE-005487,Poland,P12,Air,2025-09,3,Low,2.5
LANE-011387,Canada,P2,Air,2026-01,3,Low,3.82
LANE-005398,Poland,P11,Air,2025-08,2,High,2.52
LANE-011862,Canada,P8,Air,2025-04,3,Low,2.29
LANE-007532,South Korea,P1,Ocean,2025-08,21,Low,0.63
LANE-002352,Germany,P8,Rail,2026-08,14,Low,1.11
LANE-011544,Canada,P4,Air,2026-04,2,Low,3.88
LANE-012874,France,P9,Rail,2025-04,12,Medium,0.89
LANE-005097,Poland,P7,Ocean,2026-03,29,Low,0.71
LANE-006758,Japan,P4,Rail,2025-04,12,Low,1.19
LANE-007672,South Korea,P3,Rail,2026-04,13,Medium,0.79
LANE-005390,Poland,P11,Ocean,2026-10,28,Medium,0.88
LANE-013427,Spain,P4,Ocean,2025-07,19,Low,0.72
LANE-008389,South Korea,P12,Truck,2025-07,3,Low,1.58
LANE-006025,Brazil,P7,Truck,2026-07,2,Low,1.25
LANE-007718,South Korea,P4,Truck,2026-06,5,Low,0.89
LANE-014549,Czech Republic,P7,Truck,2025-07,6,Low,1.54
LANE-007790,South Korea,P5,Truck,2025-02,4,Low,1.17
LANE-009272,Italy,P11,Rail,2025-10,13,Low,0.94
LANE-014745,Czech Republic,P9,Rail,2025-05,12,Low,1.1
LANE-013559,Spain,P6,Rail,2025-07,14,Low,1.24
LANE-004767,Poland,P3,Ocean,2026-03,37,Medium,0.67
LANE-008454,South Korea,P12,Air,2025-06,3,Medium,2.63
LANE-006496,Japan,P1,Truck,2025-06,6,Low,
LANE-003219,China,P7,Truck,2025-07,5,Low,0.92
LANE-000803,United States,P12,Truck,2025-11,4,Medium,1.15
LANE-009341,Italy,P12,Rail,2026-01,13,Low,1.09
LANE-007285,Japan,P10,Ocean,2025-03,22,Low,0.54
LANE-005000,Poland,P6,Rail,2025-06,11,Medium,
LANE-001310,Mexico,P6,Ocean,2025-12,25,Low,0.79
LANE-010981,Vietnam,P9,Ocean,2025-03,28,Low,0.65
LANE-010387,Vietnam,P1,Air,2025-03,3,Medium,2.15
LANE-014204,Czech Republic,P2,Rail,2026-02,10,Low,1.08
LANE-015115,Thailand,P2,Truck,2025-01,4,Medium,1.08
LANE-008587,Italy,P2,Rail,2025-07,12,Low,0.93
LANE-004099,India,P7,Truck,2025-07,4,Low,1.03
LANE-014098,Czech Republic,P1,Truck,2026-06,4,Low,1.04
LANE-002489,Germany,P10,Rail,2025-03,10,Medium,1.01
LANE-000833,United States,P12,Rail,2026-07,13,Low,1.23
LANE-010489,Vietnam,P3,Truck,2026-05,4,Medium,
LANE-011883,Canada,P9,Truck,2025-03,5,Low,0.96
LANE-016421,United Kingdom,P6,Truck,2025-09,5,High,0.83
LANE-014528,Czech Republic,P6,Ocean,2025-08,26,Medium,0.55
LANE-003814,India,P3,Rail,2025-08,8,Low,1.07
LANE-010628,Vietnam,P5,Truck,2025-02,4,Low,1.32
LANE-014375,Czech Republic,P4,Ocean,2025-09,30,High,0.83
LANE-014736,Czech Republic,P9,Truck,2026-06,5,Medium,1.37
LANE-014825,Czech Republic,P10,Truck,2026-07,5,Low,1.43
LANE-014506,Czech Republic,P6,Rail,2025-08,12,Medium,0.92
LANE-013054,France,P11,Ocean,2025-08,29,Medium,0.79
LANE-009963,Turkey,P8,Truck,2026-07,4,Low,1.42
LANE-002728,China,P1,Truck,2026-10,3,Low,0.91
LANE-003104,China,P5,Air,2025-02,3,Low,2.47
LANE-015253,Thailand,P4,Truck,2025-07,3,Low,1.41
LANE-009898,Turkey,P7,Truck,2026-08,3,High,1.2
LANE-002941,China,P3,Air,2026-03,3,High,4.08
LANE-002176,Germany,P5,Air,2026-08,1,Low,3.05
LANE-004929,Poland,P5,Ocean,2025-01,24,Low,0.69
LANE-012454,France,P3,Air,2025-02,3,Medium,2.26
LANE-000274,United States,P4,Air,2025-10,3,Low,4.13
LANE-008535,Italy,P1,Ocean,2026-09,26,High,0.65
LANE-005915,Brazil,P5,Air,2026-07,3,Low,2.59
LANE-007791,South Korea,P5,Truck,2025-03,5,Low,1.06
LANE-000200,United States,P4,Truck,2025-02,5,Low,1.52
LANE-003028,China,P4,Air,2026-02,2,Medium,3.84
LANE-014570,Czech Republic,P7,Rail,2025-06,12,Low,1.02
LANE-008813,Italy,P5,Rail,2026-01,11,Low,1.2
LANE-015051,Thailand,P1,Truck,2025-03,5,Medium,0.86
LANE-011904,Canada,P9,Rail,2025-02,9,Medium,1.24
LANE-016308,United Kingdom,P4,Air,2025-06,3,Low,2.69
LANE-006296,Brazil,P10,Ocean,2025-04,31,Medium,0.8
LANE-015759,Thailand,P10,Truck,2025-07,6,Low,1.54
LANE-010812,Vietnam,P7,Truck,2025-10,4,Low,0.81
LANE-003633,India,P1,Truck,2025-03,5,Medium,
LANE-002180,Germany,P6,Truck,2025-02,3,Low,1.13
LANE-011804,Canada,P8,Truck,2025-12,6,Medium,1.13
LANE-013872,Spain,P10,Truck,2025-12,5,High,0.82
LANE-001957,Germany,P2,Rail,2026-09,9,Low,1.26
LANE-010713,Vietnam,P5,Air,2026-09,2,Medium,3.08
LANE-004623,Poland,P2,Truck,2025-03,4,Low,1.15
LANE-016029,United Kingdom,P1,Rail,2026-01,11,High,1.13
LANE-012561,France,P5,Truck,2026-09,3,Medium,1.12
LANE-006110,Brazil,P8,Rail,2026-04,13,Low,1.15
LANE-014339,Czech Republic,P4,Truck,2026-05,5,High,0.86
LANE-007255,Japan,P10,Truck,2026-05,4,High,1.48
LANE-003431,China,P9,Ocean,2026-09,22,Low,0.48
LANE-005148,Poland,P8,Truck,2026-10,5,High,1.52
LANE-001175,Mexico,P5,Truck,2025-09,5,Low,1.28
LANE-001211,Mexico,P5,Ocean,2025-01,31,Low,0.52
LANE-011738,Canada,P7,Truck,2025-12,4,Low,1.04
LANE-009735,Turkey,P5,Rail,2025-11,14,Medium,0.75
LANE-010636,Vietnam,P5,Truck,2025-10,5,Low,
LANE-016224,United Kingdom,P3,Air,2025-10,3,Low,2.23
LANE-015331,Thailand,P4,Air,2026-07,2,Low,2.89
LANE-008514,Italy,P1,Rail,2026-10,12,Low,
LANE-003930,India,P5,Truck,2026-02,4,Medium,1.31
LANE-015348,Thailand,P5,Truck,2026-02,5,Low,1.15
LANE-006149,Brazil,P8,Air,2025-11,3,High,2.12
LANE-006506,Japan,P1,Truck,2026-04,5,Low,1.38
LANE-007339,Japan,P11,Truck,2026-01,6,Low,1.55
LANE-004235,India,P8,Ocean,2025-11,32,Low,0.78
LANE-014963,Czech Republic,P12,Truck,2025-03,4,Low,1.17
LANE-007065,Japan,P7,Air,2025-03,3,Low,2.63
LANE-005688,Brazil,P3,Truck,2025-12,5,Low,1.13
LANE-006148,Brazil,P8,Air,2025-10,2,High,3.13
LANE-013791,Spain,P9,Truck,2026-07,4,Low,1.03
LANE-000348,United States,P5,Ocean,2026-06,29,Low,0.54
LANE-000148,United States,P3,Rail,2026-04,12,Medium,0.81
LANE-002754,China,P1,Ocean,2025-04,20,Low,0.81
LANE-010596,Vietnam,P4,Ocean,2026-02,28,Low,0.48
LANE-002795,China,P2,Rail,2025-01,13,Low,1.19
LANE-000313,United States,P5,Rail,2025-05,9,Low,1.08
LANE-002886,China,P3,Rail,2025-04,12,Medium,0.79
LANE-005041,Poland,P7,Truck,2025-03,5,Low,
LANE-010403,Vietnam,P1,Air,2026-07,2,Medium,2.34
LANE-009774,Turkey,P5,Air,2025-06,2,High,3.92
LANE-004250,India,P9,Truck,2025-04,2,Low,1.19
LANE-011694,Canada,P6,Ocean,2025-12,27,Low,0.55
LANE-004013,India,P6,Truck,2025-09,4,Low,1.58
LANE-004078,India,P6,Air,2025-08,2,High,2.39
LANE-007131,Japan,P8,Ocean,2025-03,25,Low,0.53
LANE-005662,Brazil,P2,Air,2025-08,3,Low,3.47
LANE-000830,United States,P12,Rail,2026-04,11,Low,0.72
LANE-010268,Turkey,P12,Truck,2026-04,4,Low,1.3
LANE-016323,United Kingdom,P4,Air,2026-09,3,Low,2.96
LANE-013003,France,P11,Truck,2025-01,5,Medium,1.1
LANE-009708,Turkey,P5,Truck,2025-06,4,High,0.92
LANE-004353,India,P10,Rail,2026-07,12,Low,0.65
LANE-010266,Turkey,P12,Truck,2026-02,4,Low,1.42
LANE-006727,Japan,P3,Air,2026-05,3,Low,4.11
LANE-009004,Italy,P7,Ocean,2025-06,25,Medium,0.5
LANE-014408,Czech Republic,P5,Truck,2026-08,4,Low,1.12
LANE-012689,France,P7,Truck,2026-05,5,Medium,1.41
LANE-000630,United States,P9,Rail,2026-02,10,Low,1.25
LANE-000685,United States,P10,Truck,2025-03,5,Low,1.17
LANE-012684,France,P7,Truck,2025-12,4,Medium,1.53
LANE-016646,United Kingdom,P8,Air,2026-02,2,Low,2.41
LANE-000804,United States,P12,Truck,2025-12,5,Medium,1.58
LANE-000669,United States,P9,Air,2025-09,3,Low,3.47
LANE-000180,United States,P3,Air,2025-04,3,Low,2.38
LANE-012955,France,P10,Truck,2026-07,4,Medium,0.97
LANE-006083,Brazil,P8,Truck,2025-11,6,Medium,0.91
LANE-005773,Brazil,P4,Truck,2025-09,4,High,1.31
LANE-003640,India,P1,Truck,2025-10,5,Medium,0.9
LANE-003494,China,P10,Ocean,2026-06,28,Low,0.59
LANE-001639,Mexico,P10,Ocean,2025-11,32,Low,0.73
LANE-013179,Spain,P1,Ocean,2025-01,25,Low,0.8
LANE-005451,Poland,P12,Rail,2026-05,10,Low,0.93
LANE-002107,Germany,P4,Ocean,2026-05,25,High,0.65
LANE-000312,United States,P5,Rail,2025-04,9,Low,0.77
LANE-016753,United Kingdom,P10,Truck,2025-11,3,Low,1.17
LANE-010218,Turkey,P11,Ocean,2025-10,24,Low,0.46
LANE-001317,Mexico,P6,Ocean,2026-07,30,Low,0.57
LANE-001131,Mexico,P4,Rail,2025-09,10,Low,0.73
LANE-003943,India,P5,Rail,2025-05,9,Medium,1.25
LANE-006790,Japan,P4,Ocean,2026-02,26,Low,0.76
LANE-008212,South Korea,P10,Truck,2025-06,6,Medium,0.93
LANE-011757,Canada,P7,Rail,2025-09,11,Low,0.67
LANE-015705,Thailand,P9,Rail,2026-07,10,Low,
LANE-000907,Mexico,P1,Rail,2025-05,12,Medium,0.75
LANE-003233,China,P7,Truck,2026-09,3,Low,1.1
LANE-008663,Italy,P3,Rail,2026-05,16,High,1.15
LANE-015166,Thailand,P2,Ocean,2025-08,30,Medium,0.54
LANE-006921,Japan,P6,Truck,2026-01,5,Low,1.32
LANE-004995,Poland,P6,Rail,2025-01,13,Medium,0.64
LANE-001250,Mexico,P5,Air,2026-06,3,High,2.89
LANE-001438,Mexico,P8,Rail,2025-08,10,Low,1.0
LANE-015731,Thailand,P9,Air,2025-01,2,Low,2.62
LANE-001966,Germany,P2,Ocean,2025-08,32,Low,0.68
LANE-009005,Italy,P7,Ocean,2025-07,31,Medium,0.7
LANE-006183,Brazil,P9,Rail,2025-01,10,Medium,0.97
LANE-002349,Germany,P8,Rail,2026-05,14,Low,1.0
LANE-005854,Brazil,P5,Rail,2025-02,12,Medium,0.67
LANE-004644,Poland,P2,Rail,2025-02,10,Low,0.92
LANE-008109,South Korea,P8,Air,2026-01,2,Low,2.41
LANE-002351,Germany,P8,Rail,2026-07,11,Low,
LANE-010314,Turkey,P12,Ocean,2026-06,26,Low,0.86
LANE-001174,Mexico,P5,Truck,2025-08,5,Low,0.81
LANE-008343,South Korea,P11,Ocean,2025-05,27,Low,0.85
LANE-009539,Turkey,P2,Air,2026-01,2,Medium,2.98
LANE-009186,Italy,P10,Truck,2025-12,4,Low,1.11
LANE-004946,Poland,P5,Ocean,2026-06,29,Low,0.78
LANE-003124,China,P5,Air,2026-10,2,Low,3.35
LANE-007429,Japan,P12,Rail,2026-03,12,Medium,0.88
LANE-006851,Japan,P5,Rail,2025-09,12,Low,1.1
LANE-013023,France,P11,Truck,2026-09,4,Medium,1.51
LANE-009122,Italy,P9,Truck,2026-02,6,Low,0.8
LANE-016083,United Kingdom,P2,Truck,2025-01,5,Low,1.19
LANE-014670,Czech Republic,P8,Rail,2026-06,14,Medium,0.84
LANE-014421,Czech Republic,P5,Rail,2025-11,12,Low,1.05
LANE-016280,United Kingdom,P4,Rail,2026-10,11,Low,1.26
LANE-002358,Germany,P8,Ocean,2025-04,25,Medium,0.54
LANE-010870,Vietnam,P8,Truck,2025-02,4,Medium,0.91
LANE-012452,France,P3,Ocean,2026-10,35,Low,0.46
LANE-000806,United States,P12,Truck,2026-02,5,Medium,1.44
LANE-016408,United Kingdom,P5,Air,2026-06,2,Low,4.05
LANE-002911,China,P3,Ocean,2025-07,28,Low,0.67
LANE-015583,Thailand,P8,Truck,2025-07,4,Low,1.54
LANE-000243,United States,P4,Ocean,2025-01,29,Low,0.44
LANE-011764,Canada,P7,Rail,2026-04,14,Low,1.24
LANE-005546,Brazil,P1,Ocean,2025-02,21,Medium,0.86
LANE-012448,France,P3,Ocean,2026-06,29,Low,0.82
LANE-015488,Thailand,P6,Air,2026-10,3,Low,2.73
LANE-009174,Italy,P9,Ocean,2026-10,23,Low,0.8
LANE-003900,India,P4,Ocean,2025-06,28,Low,0.49
LANE-006270,Brazil,P10,Truck,2026-10,5,Low,1.26
LANE-016356,United Kingdom,P5,Rail,2025-10,11,Medium,1.0
LANE-007358,Japan,P11,Rail,2025-10,14,High,1.22
LANE-003470,China,P10,Rail,2026-04,11,Low,0.88
LANE-004008,India,P6,Truck,2025-04,4,Low,1.47
LANE-016320,United Kingdom,P4,Air,2026-06,3,Low,3.86
LANE-010775,Vietnam,P6,Ocean,2026-05,33,Low,0.61
LANE-003923,India,P5,Truck,2025-07,6,Medium,0.85
LANE-012832,France,P8,Air,2025-06,2,Low,2.44
LANE-011593,Canada,P5,Rail,2026-09,13,Low,1.17
LANE-005865,Brazil,P5,Rail,2026-01,10,Medium,0.66
LANE-001581,Mexico,P9,Air,2026-07,2,Medium,2.92
LANE-004792,Poland,P3,Air,2026-06,2,Low,2.09
LANE-014343,Czech Republic,P4,Truck,2026-09,6,High,1.25
LANE-001235,Mexico,P5,Air,2025-03,3,High,3.7
LANE-000182,United States,P3,Air,2025-06,3,Low,3.23
LANE-004617,Poland,P1,Ocean,2026-07,35,Medium,0.5
LANE-013516,Spain,P5,Ocean,2025-08,28,Low,0.64
LANE-007893,South Korea,P6,Truck,2026-05,5,High,1.26
LANE-011841,Canada,P8,Ocean,2025-05,23,High,0.61
LANE-006646,Japan,P3,Truck,2025-02,5,Low,1.06
LANE-004707,Poland,P2,Air,2026-09,3,Low,
LANE-011787,Canada,P7,Ocean,2026-05,33,Low,0.58
LANE-000522,United States,P7,Air,2026-04,3,Medium,2.65
LANE-016734,United Kingdom,P9,Air,2026-02,2,Medium,3.95
LANE-010891,Vietnam,P8,Rail,2025-01,10,Low,0.77
LANE-005253,Poland,P9,Rail,2026-05,12,Low,1.13
LANE-014586,Czech Republic,P7,Rail,2026-10,14,Low,0.89
LANE-013720,Spain,P8,Rail,2026-02,15,Low,0.9
LANE-000769,United States,P11,Truck,2026-09,2,Medium,1.11
LANE-012779,France,P8,Truck,2026-07,5,Medium,0.97
LANE-014027,Spain,P12,Rail,2026-01,10,Low,1.19
LANE-015540,Thailand,P7,Ocean,2025-08,27,Low,0.82
LANE-014695,Czech Republic,P8,Ocean,2026-09,27,Medium,0.65
LANE-004123,India,P7,Rail,2025-09,14,High,1.17
LANE-013510,Spain,P5,Ocean,2025-02,31,Low,0.48
LANE-011211,Vietnam,P12,Rail,2026-01,14,High,0.84
LANE-001568,Mexico,P9,Air,2025-06,2,Medium,3.41
LANE-003687,India,P1,Ocean,2026-01,29,Low,0.64
LANE-005266,Poland,P9,Ocean,2025-08,29,Medium,0.63
LANE-007480,Japan,P12,Air,2026-10,3,Medium,2.89
LANE-008751,Italy,P4,Rail,2026-05,10,Low,1.06
LANE-010684,Vietnam,P5,Ocean,2026-02,23,Medium,0.66
LANE-001908,Germany,P1,Air,2026-04,3,High,3.08
LANE-007192,Japan,P9,Truck,2026-08,5,High,0.91
LANE-002093,Germany,P4,Ocean,2025-03,23,High,0.86
LANE-000142,United States,P3,Rail,2025-10,9,Medium,0.65
LANE-006429,Brazil,P12,Rail,2025-05,16,Medium,0.98
LANE-016879,United Kingdom,P11,Ocean,2025-05,24,Low,0.6
LANE-005006,Poland,P6,Rail,2025-12,10,Medium,0.74
LANE-003693,India,P1,Ocean,2026-07,23,Low,0.69
LANE-008688,Italy,P3,Ocean,2026-08,21,High,0.46
LANE-010680,Vietnam,P5,Ocean,2025-10,31,Medium,0.48
LANE-006208,Brazil,P9,Ocean,2025-04,32,Low,0.46
LANE-003909,India,P4,Ocean,2026-03,26,Low,0.61
LANE-015009,Czech Republic,P12,Ocean,2025-05,30,Low,0.79
LANE-009818,Turkey,P6,Rail,2025-06,11,Low,0.73
LANE-012100,Canada,P11,Rail,2026-10,13,Low,0.97
LANE-013084,France,P12,Truck,2026-04,3,Medium,1.3
LANE-004873,Poland,P4,Air,2025-11,2,Medium,3.69
LANE-016134,United Kingdom,P2,Ocean,2025-08,39,Low,0.67
LANE-013499,Spain,P5,Rail,2026-01,11,Low,1.01
LANE-007403,Japan,P12,Truck,2025-11,5,Medium,1.47
LANE-001723,Mexico,P11,Ocean,2025-07,30,High,0.72
LANE-016233,United Kingdom,P3,Air,2026-07,2,Low,
LANE-002357,Germany,P8,Ocean,2025-03,30,Medium,0.53
LANE-006399,Brazil,P11,Ocean,2026-07,31,High,0.54
LANE-012483,France,P4,Truck,2025-09,1,Low,0.85
LANE-015028,Czech Republic,P12,Air,2025-02,3,Low,2.71
LANE-007275,Japan,P10,Rail,2026-03,13,Medium,0.84
LANE-014259,Czech Republic,P3,Truck,2025-03,4,Medium,1.4
LANE-005641,Brazil,P2,Ocean,2025-09,20,Low,
LANE-012509,France,P4,Rail,2026-01,10,Low,1.14
LANE-006798,Japan,P4,Ocean,2026-10,27,Low,0.62
LANE-013352,Spain,P3,Ocean,2026-08,25,Low,0.7
LANE-001832,Germany,P1,Truck,2025-06,5,Low,1.59
LANE-012079,Canada,P11,Rail,2025-01,12,Low,
LANE-004117,India,P7,Rail,2025-03,11,High,1.13
LANE-000530,United States,P8,Truck,2025-02,3,High,1.16
LANE-001886,Germany,P1,Ocean,2026-04,27,Low,0.59
LANE-013432,Spain,P4,Ocean,2025-12,30,Low,0.55
LANE-004672,Poland,P2,Ocean,2025-08,30,Low,0.72
LANE-006593,Japan,P2,Truck,2026-03,3,Medium,1.02
LANE-006701,Japan,P3,Ocean,2026-01,29,Medium,0.86
LANE-009801,Turkey,P6,Truck,2025-11,3,Medium,1.35
LANE-012993,France,P10,Ocean,2026-01,29,Low,0.78
LANE-004517,India,P12,Ocean,2025-07,23,Low,0.78
LANE-008503,Italy,P1,Rail,2025-11,11,Low,1.24
LANE-004801,Poland,P4,Truck,2025-05,4,Medium,0.87
LANE-007822,South Korea,P5,Rail,2025-12,12,Low,1.18
LANE-009089,Italy,P8,Ocean,2025-03,22,Low,0.72
LANE-010929,Vietnam,P8,Ocean,2026-05,25,Low,0.84
LANE-010621,Vietnam,P4,Air,2026-05,2,Medium,3.9
LANE-003902,India,P4,Ocean,2025-08,27,Low,0.64
LANE-003226,China,P7,Truck,2026-02,5,Low,1.52
LANE-007932,South Korea,P6,Ocean,2025-12,37,Medium,0.73
LANE-015350,Thailand,P5,Truck,2026-04,4,Low,
LANE-010955,Vietnam,P9,Truck,2026-09,4,Medium,1.22
LANE-010247,Turkey,P11,Air,2026-05,3,High,2.57
LANE-015005,Czech Republic,P12,Ocean,2025-01,24,Low,0.7
LANE-000936,Mexico,P1,Ocean,2025-12,30,Medium,0.8
LANE-014383,Czech Republic,P4,Ocean,2026-05,25,High,0.86
LANE-006897,Japan,P5,Air,2025-11,3,High,2.72
LANE-006650,Japan,P3,Truck,2025-06,5,Low,1.26
LANE-006788,Japan,P4,Ocean,2025-12,24,Low,
LANE-012113,Canada,P11,Ocean,2026-01,24,Low,0.46
LANE-005161,Poland,P8,Rail,2026-01,8,Low,1.03
LANE-010844,Vietnam,P7,Rail,2026-08,10,Low,0.85
LANE-001254,Mexico,P5,Air,2026-10,2,High,2.18
LANE-007779,South Korea,P4,Air,2026-01,2,Low,2.31
LANE-003324,China,P8,Rail,2025-02,8,High,1.23
LANE-009627,Turkey,P3,Air,2026-01,2,Low,2.53
LANE-015776,Thailand,P10,Rail,2025-02,12,High,1.12
LANE-013392,Spain,P4,Truck,2026-04,4,Low,1.08
LANE-005642,Brazil,P2,Ocean,2025-10,22,Low,0.69
LANE-011304,Canada,P1,Ocean,2026-06,24,Low,0.5
LANE-000082,United States,P2,Rail,2026-04,8,Low,1.07
LANE-005976,Brazil,P6,Ocean,2026-02,27,Low,0.68
LANE-015327,Thailand,P4,Air,2026-03,2,Low,3.32
LANE-007172,Japan,P8,Air,2026-10,3,High,2.25
LANE-007563,South Korea,P2,Truck,2026-05,4,Low,1.2
LANE-001599,Mexico,P10,Truck,2026-03,5,Low,1.5
LANE-006073,Brazil,P8,Truck,2025-01,4,Medium,1.16
LANE-012893,France,P9,Ocean,2025-01,28,Low,0.7
LANE-006158,Brazil,P8,Air,2026-08,2,High,3.27
LANE-016181,United Kingdom,P3,Rail,2025-11,13,Low,0.82
LANE-008959,Italy,P7,Truck,2025-05,6,High,1.01
LANE-006864,Japan,P5,Rail,2026-10,12,Low,0.82
LANE-016400,United Kingdom,P5,Air,2025-10,3,Low,3.6
LANE-001806,Mexico,P12,Ocean,2025-02,28,High,0.8
LANE-004338,India,P10,Rail,2025-04,10,Low,0.94
LANE-003573,China,P12,Truck,2025-09,5,High,1.36
LANE-008198,South Korea,P9,Air,2026-02,3,Low,2.81
LANE-013077,France,P12,Truck,2025-09,4,Medium,1.53
LANE-002633,Germany,P12,Truck,2026-03,3,High,1.06
LANE-016286,United Kingdom,P4,Ocean,2025-06,24,Low,0.79
LANE-011886,Canada,P9,Truck,2025-06,5,Low,1.12
LANE-005126,Poland,P7,Air,2026-10,3,Low,4.05
LANE-009129,Italy,P9,Truck,2026-09,4,Low,1.31
LANE-009257,Italy,P11,Truck,2026-05,4,Low,1.24
LANE-006729,Japan,P3,Air,2026-07,2,Low,2.96
LANE-001169,Mexico,P5,Truck,2025-03,4,Low,1.11
LANE-015072,Thailand,P1,Rail,2025-02,12,Low,0.99
LANE-013198,Spain,P1,Ocean,2026-08,32,Low,0.76
LANE-009381,Turkey,P1,Truck,2025-09,6,Medium,1.48
LANE-001629,Mexico,P10,Ocean,2025-01,39,Low,0.47
LANE-011360,Canada,P2,Ocean,2025-08,20,Medium,0.45
LANE-013403,Spain,P4,Rail,2025-05,9,Low,0.97
LANE-009243,Italy,P11,Truck,2025-03,4,Low,1.01
LANE-003275,China,P7,Ocean,2026-07,30,Low,0.48
LANE-002167,Germany,P5,Air,2025-11,1,Low,
LANE-015672,Thailand,P9,Truck,2025-08,6,Low,1.33
LANE-009433,Turkey,P1,Ocean,2026-05,28,Low,0.85
LANE-001501,Mexico,P9,Truck,2025-05,5,Low,1.13
LANE-009769,Turkey,P5,Air,2025-01,2,High,3.33
LANE-016982,United Kingdom,P12,Air,2026-08,3,Low,3.52
LANE-001451,Mexico,P8,Rail,2026-09,13,Low,0.85
LANE-001685,Mexico,P11,Truck,2026-01,4,Low,1.06
LANE-005019,Poland,P6,Ocean,2025-03,25,High,0.64
LANE-001229,Mexico,P5,Ocean,2026-07,30,Low,0.49
LANE-015751,Thailand,P9,Air,2026-09,3,Low,2.34
LANE-012300,France,P1,Air,2025-02,3,Medium,2.73
LANE-011390,Canada,P2,Air,2026-04,2,Low,3.45
LANE-013655,Spain,P7,Rail,2026-03,14,Low,1.17
LANE-004331,India,P10,Truck,2026-07,5,Medium,1.58
LANE-006792,Japan,P4,Ocean,2026-04,31,Low,0.59
LANE-000101,United States,P2,Air,2026-01,1,Low,2.96
LANE-002048,Germany,P4,Truck,2025-02,5,Low,1.1
LANE-006067,Brazil,P7,Air,2026-05,1,High,2.5
LANE-006418,Brazil,P12,Truck,2026-04,5,Medium,1.26
LANE-008115,South Korea,P8,Air,2026-07,2,Low,2.5
LANE-012668,France,P6,Ocean,2026-06,29,Medium,0.69
LANE-014350,Czech Republic,P4,Rail,2025-06,10,Medium,1.24
LANE-001000,Mexico,P2,Ocean,2025-10,29,Medium,0.49
LANE-006019,Brazil,P7,Truck,2026-01,2,Low,1.46
LANE-009453,Turkey,P1,Air,2026-03,2,High,3.98
LANE-008906,Italy,P6,Rail,2026-06,9,Low,1.19
LANE-013242,Spain,P2,Rail,2026-08,10,Medium,1.2
LANE-006348,Brazil,P11,Truck,2025-12,6,Medium,1.09
LANE-007196,Japan,P9,Rail,2025-02,10,Low,1.23
LANE-000485,United States,P7,Ocean,2025-01,29,Medium,0.63
LANE-016243,United Kingdom,P4,Truck,2025-07,4,Medium,1.11
LANE-016822,United Kingdom,P10,Air,2026-02,3,Low,4.11
LANE-008593,Italy,P2,Rail,2026-01,9,Low,0.8
LANE-001563,Mexico,P9,Air,2025-01,3,Medium,2.27
LANE-009834,Turkey,P6,Rail,2026-10,11,Low,
LANE-016797,United Kingdom,P10,Ocean,2025-11,27,Low,0.67
LANE-003449,China,P10,Truck,2026-05,6,Medium,1.02
LANE-012566,France,P5,Rail,2025-04,13,Medium,1.19
LANE-000743,United States,P10,Ocean,2026-05,24,Medium,0.78
LANE-005296,Poland,P10,Truck,2026-04,1,Medium,1.57
LANE-004486,India,P12,Truck,2026-08,6,Medium,1.05
LANE-009661,Turkey,P4,Rail,2025-03,12,Low,0.73
LANE-011945,Canada,P9,Ocean,2026-09,32,High,0.59
LANE-008488,Italy,P1,Truck,2026-06,5,Medium,0.86
LANE-011650,Canada,P6,Truck,2025-12,3,Low,0.92
LANE-010257,Turkey,P12,Truck,2025-05,6,Low,1.22
LANE-003144,China,P6,Truck,2026-08,3,Low,1.3
LANE-015976,Thailand,P12,Air,2025-04,3,Low,2.7
LANE-010854,Vietnam,P7,Ocean,2025-08,32,Low,0.69
LANE-015254,Thailand,P4,Truck,2025-08,4,Low,1.03
LANE-000951,Mexico,P2,Truck,2025-05,3,High,1.31
LANE-016954,United Kingdom,P12,Ocean,2026-02,26,Low,0.45
LANE-007400,Japan,P12,Truck,2025-08,3,Medium,1.4
LANE-011528,Canada,P4,Ocean,2026-10,27,Low,0.47
LANE-004034,India,P6,Rail,2025-08,11,Medium,0.97
LANE-008406,South Korea,P12,Rail,2025-02,14,Low,0.98
LANE-013690,Spain,P8,Truck,2025-06,5,Medium,1.59
LANE-015645,Thailand,P8,Air,2025-03,3,Low,2.61
LANE-000981,Mexico,P2,Rail,2026-01,11,Low,1.26
LANE-006981,Japan,P6,Air,2025-07,3,Medium,3.16
LANE-005904,Brazil,P5,Air,2025-08,2,Low,3.23
LANE-013104,France,P12,Rail,2026-02,11,Low,1.11
LANE-007750,South Korea,P4,Ocean,2025-06,23,Medium,0.67
LANE-002933,China,P3,Air,2025-07,3,High,2.33
LANE-012296,France,P1,Ocean,2026-08,32,Medium,0.49
LANE-004769,Poland,P3,Ocean,2026-05,22,Medium,0.82
LANE-005977,Brazil,P6,Ocean,2026-03,24,Low,0.66
LANE-001264,Mexico,P6,Truck,2025-10,5,Low,1.31
LANE-002140,Germany,P5,Rail,2025-06,9,Low,1.05
LANE-001985,Germany,P3,Truck,2025-05,4,Medium,1.08
LANE-011239,Vietnam,P12,Ocean,2026-07,26,Low,0.61
LANE-014729,Czech Republic,P9,Truck,2025-11,3,Medium,
LANE-015884,Thailand,P11,Ocean,2026-10,22,High,0.7
LANE-009525,Turkey,P2,Ocean,2026-09,19,Medium,0.5
LANE-002387,Germany,P8,Air,2025-11,3,Low,3.0
LANE-004387,India,P10,Air,2025-09,3,Medium,3.35
LANE-010496,Vietnam,P3,Rail,2025-02,13,Low,1.19
LANE-014409,Czech Republic,P5,Truck,2026-09,4,Low,1.34
LANE-010264,Turkey,P12,Truck,2025-12,5,Low,0.97
LANE-006753,Japan,P4,Truck,2026-09,4,Low,1.19
LANE-007616,South Korea,P2,Air,2025-04,3,Medium,2.94
LANE-005270,Poland,P9,Ocean,2025-12,21,Medium,0.8
LANE-001682,Mexico,P11,Truck,2025-10,6,Low,1.31
LANE-014391,Czech Republic,P5,Truck,2025-03,3,Low,1.41
LANE-015367,Thailand,P5,Rail,2025-11,12,Low,0.95
LANE-015396,Thailand,P5,Ocean,2026-06,24,Medium,0.58
LANE-006644,Japan,P2,Ocean,2026-10,26,Low,0.45
LANE-009127,Italy,P9,Truck,2026-07,4,Low,1.54
LANE-001336,Mexico,P6,Air,2026-04,3,Low,
LANE-009316,Italy,P12,Truck,2025-10,4,High,1.2
LANE-001869,Germany,P1,Rail,2026-09,11,Low,0.95
LANE-011679,Canada,P6,Rail,2026-07,12,Low,
LANE-005805,Brazil,P4,Rail,2026-07,9,Low,1.08
LANE-005614,Brazil,P2,Rail,2025-04,8,Low,1.02
LANE-016117,United Kingdom,P2,Rail,2026-01,12,High,1.06
LANE-008426,South Korea,P12,Rail,2026-10,12,Low,1.14
LANE-008825,Italy,P5,Ocean,2025-03,32,High,0.86
LANE-007969,South Korea,P7,Truck,2025-05,5,Low,0.96
LANE-008849,Italy,P5,Air,2025-05,3,Low,3.44
LANE-011457,Canada,P3,Air,2026-05,1,Low,3.81
LANE-008336,South Korea,P11,Rail,2026-08,9,Medium,0.67
LANE-000456,United States,P7,Truck,2026-04,5,High,1.07
LANE-012229,Canada,P12,Air,2026-07,3,Medium,2.97
LANE-013769,Spain,P8,Air,2026-07,2,Low,2.87
LANE-000195,United States,P3,Air,2026-07,2,Low,3.8
LANE-000757,United States,P11,Truck,2025-09,2,Medium,1.41
LANE-015388,Thailand,P5,Ocean,2025-10,31,Medium,0.5
LANE-009620,Turkey,P3,Air,2025-06,4,Low,2.87
LANE-003651,India,P1,Truck,2026-09,5,Medium,0.86
LANE-008082,South Korea,P8,Ocean,2025-08,28,Low,
LANE-002833,China,P2,Ocean,2026-05,22,Low,0.76
LANE-005076,Poland,P7,Rail,2026-04,11,Low,0.85
LANE-012834,France,P8,Air,2025-08,2,Low,3.62
LANE-008088,South Korea,P8,Ocean,2026-02,25,Low,0.58
LANE-015877,Thailand,P11,Ocean,2026-03,26,High,0.73
LANE-016151,United Kingdom,P3,Truck,2025-03,5,Low,1.41
LANE-008623,Italy,P2,Ocean,2026-09,28,Low,0.74
LANE-012799,France,P8,Rail,2026-05,12,Medium,0.8
LANE-013393,Spain,P4,Truck,2026-05,5,Low,1.48
LANE-012068,Canada,P11,Truck,2025-12,3,Medium,1.4
LANE-008060,South Korea,P8,Rail,2025-08,11,High,
LANE-014137,Czech Republic,P1,Ocean,2026-01,27,Low,0.66
LANE-007402,Japan,P12,Truck,2025-10,5,Medium,1.44
LANE-014450,Czech Republic,P5,Ocean,2026-06,30,High,0.75
LANE-004281,India,P9,Rail,2026-01,9,Medium,1.01
LANE-011903,Canada,P9,Rail,2025-01,15,Medium,
LANE-002840,China,P2,Air,2025-02,2,Low,2.16
LANE-006911,Japan,P6,Truck,2025-03,5,Low,1.36
LANE-009055,Italy,P8,Truck,2026-01,4,Low,0.93
LANE-016406,United Kingdom,P5,Air,2026-04,2,Low,2.87
LANE-009948,Turkey,P8,Truck,2025-04,4,Low,1.09
LANE-011585,Canada,P5,Rail,2026-01,13,Low,1.0
LANE-003192,China,P6,Air,2025-02,3,Medium,4.12
LANE-005403,Poland,P11,Air,2026-01,2,High,3.69
LANE-008729,Italy,P4,Truck,2026-05,5,Medium,1.1
LANE-011034,Vietnam,P10,Rail,2025-12,11,Medium,1.19
LANE-008608,Italy,P2,Ocean,2025-06,25,Low,0.87
LANE-014704,Czech Republic,P8,Air,2025-08,3,Medium,2.21
LANE-016518,United Kingdom,P7,Rail,2026-06,10,Medium,1.24
LANE-010231,Turkey,P11,Air,2025-01,2,High,3.2
LANE-001655,Mexico,P10,Air,2025-05,2,Low,3.94
LANE-012503,France,P4,Rail,2025-07,8,Low,1.18
LANE-015577,Thailand,P8,Truck,2025-01,4,Low,0.9
LANE-000121,United States,P3,Truck,2025-11,4,Low,1.55
LANE-013408,Spain,P4,Rail,2025-10,12,Low,1.1
LANE-008460,South Korea,P12,Air,2025-12,2,Medium,3.37
LANE-003908,India,P4,Ocean,2026-02,19,Low,0.67
LANE-009334,Italy,P12,Rail,2025-06,8,Low,0.91
LANE-001720,Mexico,P11,Ocean,2025-04,32,High,0.78
LANE-004920,Poland,P5,Rail,2026-02,11,Medium,0.93
LANE-006714,Japan,P3,Air,2025-04,2,Low,2.82
LANE-001362,Mexico,P7,Truck,2026-08,5,High,1.27
LANE-010685,Vietnam,P5,Ocean,2026-03,28,Medium,0.8
LANE-008452,South Korea,P12,Air,2025-04,2,Medium,2.2
LANE-002406,Germany,P9,Truck,2025-08,5,Medium,0.95
LANE-010482,Vietnam,P3,Truck,2025-10,5,Medium,0.91
LANE-011271,Canada,P1,Rail,2025-07,12,Medium,0.78
LANE-005547,Brazil,P1,Ocean,2025-03,25,Medium,
LANE-009374,Turkey,P1,Truck,2025-02,5,Medium,1.45
LANE-013082,France,P12,Truck,2026-02,4,Medium,1.35
LANE-005453,Poland,P12,Rail,2026-07,12,Low,0.78
LANE-002946,China,P3,Air,2026-08,2,High,3.95
LANE-016592,United Kingdom,P8,Rail,2025-04,12,Medium,0.64
LANE-012883,France,P9,Rail,2026-01,10,Medium,0.78
LANE-008799,Italy,P5,Truck,2026-09,5,Low,1.09
LANE-011768,Canada,P7,Rail,2026-08,8,Low,1.25
LANE-013174,Spain,P1,Rail,2026-06,11,Medium,0.78
LANE-013266,Spain,P2,Ocean,2026-10,27,Medium,0.79
LANE-009026,Italy,P7,Air,2025-06,3,Medium,2.82
LANE-012534,France,P4,Air,2026-04,1,High,2.7
LANE-013665,Spain,P7,Ocean,2025-03,25,High,0.75
LANE-007279,Japan,P10,Rail,2026-07,12,Medium,1.01
LANE-004942,Poland,P5,Ocean,2026-02,28,Low,0.68
LANE-004641,Poland,P2,Truck,2026-09,4,Low,
LANE-009521,Turkey,P2,Ocean,2026-05,28,Medium,0.87
LANE-000977,Mexico,P2,Rail,2025-09,14,Low,1.11
LANE-006712,Japan,P3,Air,2025-02,3,Low,3.84
LANE-009776,Turkey,P5,Air,2025-08,2,High,4.0
LANE-007291,Japan,P10,Ocean,2025-09,24,Low,0.52
LANE-013673,Spain,P7,Ocean,2025-11,34,High,0.45
LANE-012529,France,P4,Air,2025-11,1,High,3.06
LANE-000954,Mexico,P2,Truck,2025-08,6,High,1.06
LANE-003961,India,P5,Ocean,2025-01,23,High,0.63
LANE-002493,Germany,P10,Rail,2025-07,13,Medium,1.16
LANE-012813,France,P8,Ocean,2025-09,28,Low,0.51
LANE-003677,India,P1,Ocean,2025-03,31,Low,0.67
LANE-004373,India,P10,Ocean,2026-05,29,Medium,
LANE-013704,Spain,P8,Truck,2026-08,4,Medium,1.23
LANE-002607,Germany,P11,Air,2025-11,3,Low,3.68
LANE-015032,Czech Republic,P12,Air,2025-06,3,Low,3.44
LANE-001735,Mexico,P11,Ocean,2026-07,25,High,0.5
LANE-015169,Thailand,P2,Ocean,2025-11,25,Medium,0.79
LANE-004841,Poland,P4,Ocean,2025-01,30,Medium,0.82
LANE-008830,Italy,P5,Ocean,2025-08,33,High,0.44
LANE-013207,Spain,P2,Truck,2025-07,4,Low,1.47
LANE-014682,Czech Republic,P8,Ocean,2025-08,20,Medium,
LANE-007622,South Korea,P2,Air,2025-10,2,Medium,2.38
LANE-005198,Poland,P8,Air,2025-06,2,Medium,3.01
LANE-011278,Canada,P1,Rail,2026-02,10,Medium,0.83
LANE-010847,Vietnam,P7,Ocean,2025-01,28,Low,0.77
LANE-006115,Brazil,P8,Rail,2026-09,12,Low,1.17
LANE-007565,South Korea,P2,Truck,2026-07,4,Low,0.87
LANE-006350,Brazil,P11,Truck,2026-02,4,Medium,1.46
LANE-009524,Turkey,P2,Ocean,2026-08,25,Medium,0.67
LANE-014674,Czech Republic,P8,Rail,2026-10,11,Medium,0.8
LANE-003806,India,P3,Truck,2026-10,4,Low,1.5
LANE-012284,France,P1,Ocean,2025-08,29,Medium,0.81
LANE-014420,Czech Republic,P5,Rail,2025-10,10,Low,1.22
LANE-008498,Italy,P1,Rail,2025-06,12,Low,1.2
LANE-016929,United Kingdom,P12,Rail,2025-11,12,Medium,
LANE-007283,Japan,P10,Ocean,2025-01,18,Low,0.78
LANE-014254,Czech Republic,P2,Air,2026-08,3,High,
LANE-005867,Brazil,P5,Rail,2026-03,13,Medium,0.71
LANE-001429,Mexico,P8,Truck,2026-09,5,Low,1.0
LANE-004361,India,P10,Ocean,2025-05,18,Medium,0.8
LANE-000358,United States,P6,Truck,2025-06,4,Low,0.95
LANE-001835,Germany,P1,Truck,2025-09,5,Low,1.11
LANE-007607,South Korea,P2,Ocean,2026-05,26,Low,0.69
LANE-001155,Mexico,P4,Ocean,2025-11,22,Low,0.6
LANE-005070,Poland,P7,Rail,2025-10,11,Low,1.07
LANE-006361,Brazil,P11,Rail,2025-03,14,Low,1.27
LANE-007177,Japan,P9,Truck,2025-05,3,High,0.92
LANE-009973,Turkey,P8,Rail,2025-07,11,Low,1.27
LANE-012731,France,P7,Ocean,2026-03,28,Low,0.64
LANE-013574,Spain,P6,Rail,2026-10,7,Low,1.17
LANE-000957,Mexico,P2,Truck,2025-11,4,High,1.05
LANE-003194,China,P6,Air,2025-04,3,Medium,3.69
LANE-000162,United States,P3,Ocean,2025-08,27,Medium,0.47
LANE-003879,India,P4,Rail,2025-07,11,Low,1.25
LANE-006309,Brazil,P10,Ocean,2026-05,33,Medium,0.52
LANE-001989,Germany,P3,Truck,2025-09,5,Medium,1.59
LANE-003885,India,P4,Rail,2026-01,15,Low,0.72
LANE-002298,Germany,P7,Ocean,2025-10,26,Medium,
LANE-008513,Italy,P1,Rail,2026-09,11,Low,0.84
LANE-007755,South Korea,P4,Ocean,2025-11,35,Medium,0.87
LANE-014406,Czech Republic,P5,Truck,2026-06,5,Low,1.22
LANE-002875,China,P3,Truck,2026-03,4,High,1.13
LANE-008909,Italy,P6,Rail,2026-09,10,Low,1.22
LANE-015906,Thailand,P11,Air,2026-10,3,Medium,4.08
LANE-014950,Czech Republic,P11,Ocean,2025-12,24,Medium,0.75
LANE-013569,Spain,P6,Rail,2026-05,13,Low,0.75
LANE-004379,India,P10,Air,2025-01,3,Medium,3.74
LANE-006353,Brazil,P11,Truck,2026-05,4,Medium,1.22
LANE-008922,Italy,P6,Ocean,2025-12,29,Low,0.73
LANE-016488,United Kingdom,P7,Truck,2025-10,4,Medium,1.04
LANE-010909,Vietnam,P8,Rail,2026-07,12,Low,0.75
LANE-000340,United States,P5,Ocean,2025-10,29,Low,
LANE-015320,Thailand,P4,Air,2025-08,3,Low,
LANE-001693,Mexico,P11,Truck,2026-09,5,Low,1.55
LANE-012618,France,P6,Truck,2025-12,5,Medium,1.25
LANE-005932,Brazil,P6,Truck,2026-02,5,Low,0.93
LANE-009811,Turkey,P6,Truck,2026-09,4,Medium,1.39
LANE-010748,Vietnam,P6,Rail,2025-12,13,Medium,0.82
LANE-003641,India,P1,Truck,2025-11,6,Medium,1.15
LANE-003769,India,P2,Ocean,2025-07,30,Low,0.77
LANE-007872,South Korea,P5,Air,2026-06,2,Medium,2.29
LANE-009692,Turkey,P4,Ocean,2025-12,20,Medium,0.7
LANE-012484,France,P4,Truck,2025-10,2,Low,1.09
LANE-009305,Italy,P11,Ocean,2026-09,33,Low,0.78
LANE-011705,Canada,P6,Air,2025-01,3,Low,3.58
LANE-003536,China,P11,Rail,2026-04,9,Medium,1.06
LANE-016791,United Kingdom,P10,Ocean,2025-05,31,Low,0.49
LANE-001426,Mexico,P8,Truck,2026-06,4,Low,1.52
LANE-013115,France,P12,Ocean,2025-03,28,High,0.85
LANE-008646,Italy,P3,Truck,2026-10,3,Low,1.01
LANE-014485,Czech Republic,P6,Truck,2025-09,3,Low,
LANE-006010,Brazil,P7,Truck,2025-04,2,Low,
LANE-005972,Brazil,P6,Ocean,2025-10,34,Low,0.77
LANE-004355,India,P10,Rail,2026-09,12,Low,0.8
LANE-001797,Mexico,P12,Rail,2026-03,11,High,1.19
LANE-014997,Czech Republic,P12,Rail,2026-03,11,Medium,1.14
LANE-007942,South Korea,P6,Ocean,2026-10,28,Medium,0.45
LANE-007850,South Korea,P5,Ocean,2026-06,24,Medium,0.63
LANE-012485,France,P4,Truck,2025-11,2,Low,1.01
LANE-004471,India,P12,Truck,2025-05,5,Medium,1.43
LANE-010580,Vietnam,P4,Rail,2026-08,12,Low,0.78
LANE-006284,Brazil,P10,Rail,2026-02,13,Low,0.94
LANE-005525,Brazil,P1,Rail,2025-03,10,Medium,1.21
LANE-009893,Turkey,P7,Truck,2026-03,5,High,1.36
LANE-004222,India,P8,Rail,2026-08,10,Medium,1.26
LANE-010969,Vietnam,P9,Rail,2026-01,12,Medium,0.92
LANE-003130,China,P6,Truck,2025-06,6,Low,0.83
LANE-005734,Brazil,P3,Ocean,2026-02,33,Medium,0.84
LANE-012685,France,P7,Truck,2026-01,5,Medium,1.34
LANE-015714,Thailand,P9,Ocean,2025-06,22,High,0.81
LANE-000119,United States,P3,Truck,2025-09,6,Low,1.02
LANE-005536,Brazil,P1,Rail,2026-02,14,Medium,1.23
LANE-004759,Poland,P3,Ocean,2025-07,31,Medium,0.48
LANE-008114,South Korea,P8,Air,2026-06,3,Low,3.83
LANE-013059,France,P11,Ocean,2026-01,33,Medium,0.76
LANE-011893,Canada,P9,Truck,2026-01,4,Low,1.44
LANE-006315,Brazil,P10,Air,2025-01,3,Low,2.22
LANE-012268,France,P1,Rail,2026-02,14,Low,0.75
LANE-016794,United Kingdom,P10,Ocean,2025-08,29,Low,0.78
LANE-005824,Brazil,P4,Ocean,2026-04,31,Medium,0.62
LANE-001698,Mexico,P11,Rail,2025-04,12,Medium,1.06
LANE-016411,United Kingdom,P5,Air,2026-09,3,Low,2.33
LANE-008288,South Korea,P10,Air,2026-04,2,High,3.2
LANE-009741,Turkey,P5,Rail,2026-05,15,Medium,0.87
LANE-011958,Canada,P9,Air,2025-12,2,Medium,
LANE-016121,United Kingdom,P2,Rail,2026-05,12,High,0.91
LANE-012008,Canada,P10,Rail,2026-06,17,Low,1.22
LANE-001545,Mexico,P9,Ocean,2025-05,31,Low,0.45
LANE-016500,United Kingdom,P7,Truck,2026-10,6,Medium,1.43
LANE-014368,Czech Republic,P4,Ocean,2025-02,30,High,0.86
LANE-012492,France,P4,Truck,2026-06,1,Low,1.16
LANE-015301,Thailand,P4,Ocean,2025-11,28,Low,0.76
LANE-002497,Germany,P10,Rail,2025-11,9,Medium,1.05
LANE-012505,France,P4,Rail,2025-09,9,Low,1.13
LANE-003439,China,P10,Truck,2025-07,5,Medium,1.4
LANE-007421,Japan,P12,Rail,2025-07,8,Medium,0.78
LANE-013754,Spain,P8,Air,2025-04,2,Low,3.04
LANE-006385,Brazil,P11,Ocean,2025-05,24,High,0.87
LANE-008289,South Korea,P10,Air,2026-05,3,High,3.43
LANE-010513,Vietnam,P3,Rail,2026-07,13,Low,0.66
LANE-002543,Germany,P11,Truck,2026-01,4,High,0.86
LANE-002591,Germany,P11,Ocean,2026-05,19,Low,0.82
LANE-011859,Canada,P8,Air,2025-01,3,Low,3.79
LANE-005892,Brazil,P5,Ocean,2026-06,27,Low,
LANE-009827,Turkey,P6,Rail,2026-03,16,Low,1.01
LANE-009768,Turkey,P5,Ocean,2026-10,27,Low,0.72
LANE-010726,Vietnam,P6,Truck,2025-12,4,Low,1.07
LANE-005141,Poland,P8,Truck,2026-03,5,High,1.06
LANE-005104,Poland,P7,Ocean,2026-10,31,Low,
LANE-013826,Spain,P9,Ocean,2025-10,30,Medium,0.65
LANE-007841,South Korea,P5,Ocean,2025-09,26,Medium,0.58
LANE-011875,Canada,P8,Air,2026-05,2,Low,2.2
LANE-011897,Canada,P9,Truck,2026-05,6,Low,1.59
LANE-011695,Canada,P6,Ocean,2026-01,30,Low,0.84
LANE-015181,Thailand,P3,Truck,2025-01,5,Low,1.15
LANE-013542,Spain,P6,Truck,2025-12,5,Low,1.42
LANE-016289,United Kingdom,P4,Ocean,2025-09,23,Low,0.53
LANE-002392,Germany,P8,Air,2026-04,2,Low,2.49
LANE-011071,Vietnam,P10,Air,2025-05,3,Low,2.16
LANE-013301,Spain,P3,Truck,2026-01,5,Low,1.2
LANE-011666,Canada,P6,Rail,2025-06,14,Low,0.9
LANE-000280,United States,P4,Air,2026-04,2,Low,3.61
LANE-016507,United Kingdom,P7,Rail,2025-07,13,Medium,1.02
LANE-002677,Germany,P12,Ocean,2026-03,23,Low,0.84
LANE-003719,India,P2,Truck,2025-01,4,Low,1.3
LANE-000295,United States,P5,Truck,2025-09,4,High,1.25
LANE-010064,Turkey,P9,Ocean,2025-10,19,Low,0.83
LANE-004961,Poland,P5,Air,2025-11,3,Low,2.3
LANE-013814,Spain,P9,Rail,2026-08,10,Low,0.96
LANE-013489,Spain,P5,Rail,2025-03,10,Low,
LANE-011656,Canada,P6,Truck,2026-06,5,Low,1.02
LANE-006822,Japan,P5,Truck,2025-02,3,Low,1.37
LANE-005417,Poland,P12,Truck,2025-05,4,Low,0.85
LANE-010952,Vietnam,P9,Truck,2026-06,4,Medium,1.19
LANE-005279,Poland,P9,Ocean,2026-09,25,Medium,0.59
LANE-003775,India,P2,Ocean,2026-01,24,Low,0.84
LANE-016116,United Kingdom,P2,Rail,2025-12,15,High,
LANE-013600,Spain,P6,Air,2025-04,3,Medium,2.97
LANE-014664,Czech Republic,P8,Rail,2025-12,12,Medium,0.66
LANE-011993,Canada,P10,Rail,2025-03,12,Low,1.03
LANE-016112,United Kingdom,P2,Rail,2025-08,12,High,0.79
LANE-007321,Japan,P10,Air,2026-05,3,Medium,2.66
LANE-011234,Vietnam,P12,Ocean,2026-02,21,Low,
LANE-011406,Canada,P3,Truck,2025-10,2,Low,1.09
LANE-007396,Japan,P12,Truck,2025-04,5,Medium,1.21
LANE-008235,South Korea,P10,Rail,2025-07,10,Low,0.79
LANE-008305,South Korea,P11,Truck,2025-11,4,Low,0.92
LANE-003338,China,P8,Rail,2026-04,9,High,0.8
LANE-003616,China,P12,Ocean,2025-08,34,Medium,0.65
LANE-012986,France,P10,Ocean,2025-06,23,Low,0.82
LANE-004549,India,P12,Air,2026-05,3,Medium,3.36
LANE-016244,United Kingdom,P4,Truck,2025-08,5,Medium,1.08
LANE-009197,Italy,P10,Rail,2025-01,10,Medium,0.73
LANE-003345,China,P8,Air,2025-01,1,Low,2.87
LANE-013135,Spain,P1,Truck,2025-01,5,High,1.09
LANE-015570,Thailand,P7,Air,2026-04,3,Low,3.5
LANE-009365,Italy,P12,Ocean,2026-03,23,Low,0.55
LANE-001486,Mexico,P8,Air,2025-12,2,Low,3.46
LANE-009259,Italy,P11,Truck,2026-07,5,Low,1.48
LANE-010499,Vietnam,P3,Rail,2025-05,13,Low,1.19
LANE-006285,Brazil,P10,Rail,2026-03,9,Low,0.7
LANE-001761,Mexico,P12,Truck,2025-01,5,High,1.06
LANE-005721,Brazil,P3,Ocean,2025-01,29,Medium,0.86
LANE-008362,South Korea,P11,Air,2025-02,3,Medium,3.96
LANE-004908,Poland,P5,Rail,2025-02,10,Medium,0.71
LANE-006959,Japan,P6,Ocean,2025-07,34,Low,0.59
LANE-013101,France,P12,Rail,2025-11,13,Low,0.79
LANE-005831,Brazil,P5,Truck,2025-01,4,Low,1.51
LANE-012913,France,P9,Ocean,2026-09,23,Low,0.63
LANE-003580,China,P12,Truck,2026-04,4,High,0.92
LANE-015385,Thailand,P5,Ocean,2025-07,30,Medium,0.66
LANE-014478,Czech Republic,P6,Truck,2025-02,6,Low,1.56
LANE-016949,United Kingdom,P12,Ocean,2025-09,19,Low,0.57
LANE-010668,Vietnam,P5,Rail,2026-08,10,Low,0.69
LANE-009344,Italy,P12,Rail,2026-04,10,Low,
LANE-003193,China,P6,Air,2025-03,2,Medium,2.44
LANE-000984,Mexico,P2,Rail,2026-04,13,Low,1.13
LANE-014824,Czech Republic,P10,Truck,2026-06,4,Low,1.34
LANE-003006,China,P4,Ocean,2026-02,35,Low,0.48
LANE-014929,Czech Republic,P11,Rail,2026-01,12,Low,
LANE-008886,Italy,P6,Truck,2026-08,4,Medium,1.27
LANE-010604,Vietnam,P4,Ocean,2026-10,27,Low,0.7
LANE-012032,Canada,P10,Ocean,2026-08,30,Medium,0.7
LANE-005323,Poland,P10,Rail,2026-09,10,Low,1.07
LANE-002929,China,P3,Air,2025-03,3,High,3.63
LANE-003182,China,P6,Ocean,2026-02,26,Medium,0.73
LANE-012419,France,P3,Rail,2025-11,13,High,1.05
LANE-000056,United States,P2,Truck,2025-12,1,Low,0.86
LANE-008327,South Korea,P11,Rail,2025-11,13,Medium,0.77
LANE-010951,Vietnam,P9,Truck,2026-05,3,Medium,0.84
LANE-015459,Thailand,P6,Ocean,2026-03,20,High,0.83
LANE-008933,Italy,P6,Air,2025-01,2,Low,2.52
LANE-001774,Mexico,P12,Truck,2026-02,4,High,1.15
LANE-001259,Mexico,P6,Truck,2025-05,5,Low,1.11
LANE-007093,Japan,P8,Truck,2025-09,6,High,1.3
LANE-006287,Brazil,P10,Rail,2026-05,15,Low,1.05
LANE-002787,China,P2,Truck,2026-03,4,Medium,
LANE-002892,China,P3,Rail,2025-10,12,Medium,0.67
LANE-003442,China,P10,Truck,2025-10,4,Medium,1.59
LANE-001289,Mexico,P6,Rail,2026-01,11,Low,1.23
LANE-015436,Thailand,P6,Rail,2026-02,10,Low,0.95
LANE-003718,India,P1,Air,2026-10,3,Low,2.17
LANE-001873,Germany,P1,Ocean,2025-03,28,Low,0.45
LANE-005673,Brazil,P2,Air,2026-07,3,Low,3.72
LANE-007712,South Korea,P4,Truck,2025-12,4,Low,1.5
LANE-012102,Canada,P11,Ocean,2025-02,21,Low,0.75
LANE-012995,France,P10,Ocean,2026-03,28,Low,0.57
LANE-003666,India,P1,Rail,2026-02,13,Medium,1.1
LANE-009954,Turkey,P8,Truck,2025-10,5,Low,
LANE-014232,Czech Republic,P2,Ocean,2026-08,33,Low,0.6
LANE-015244,Thailand,P3,Ocean,2026-08,27,Low,0.83
LANE-015948,Thailand,P12,Rail,2026-08,11,Medium,0.92
LANE-012078,Canada,P11,Truck,2026-10,5,Medium,1.48
LANE-012046,Canada,P10,Air,2025-12,2,Low,
LANE-013977,Spain,P11,Ocean,2025-07,28,Low,0.78
LANE-000321,United States,P5,Rail,2026-01,8,Low,0.74
LANE-016146,United Kingdom,P2,Ocean,2026-08,28,Low,0.6
LANE-001889,Germany,P1,Ocean,2026-07,32,Low,0.7
LANE-000699,United States,P10,Truck,2026-05,4,Low,
LANE-004028,India,P6,Rail,2025-02,10,Medium,0.94
LANE-012382,France,P2,Ocean,2026-06,32,Medium,0.44
LANE-007300,Japan,P10,Ocean,2026-06,30,Low,0.45
LANE-011696,Canada,P6,Ocean,2026-02,30,Low,0.7
LANE-002991,China,P4,Rail,2026-09,12,Medium,0.91
LANE-009824,Turkey,P6,Rail,2025-12,12,Low,1.14
LANE-000809,United States,P12,Truck,2026-05,3,Medium,1.54
LANE-012476,France,P4,Truck,2025-02,1,Low,1.53
LANE-005778,Brazil,P4,Truck,2026-02,4,High,1.24
LANE-013908,Spain,P10,Ocean,2025-04,26,Low,0.75
LANE-003944,India,P5,Rail,2025-06,11,Medium,0.67
LANE-016303,United Kingdom,P4,Air,2025-01,2,Low,2.27
LANE-009111,Italy,P9,Truck,2025-03,4,Low,1.5
LANE-009391,Turkey,P1,Truck,2026-07,5,Medium,1.59
LANE-011806,Canada,P8,Truck,2026-02,4,Medium,1.41
LANE-016570,United Kingdom,P8,Truck,2025-04,4,Medium,1.57
LANE-016981,United Kingdom,P12,Air,2026-07,3,Low,2.85
LANE-001881,Germany,P1,Ocean,2025-11,21,Low,0.52
LANE-002923,China,P3,Ocean,2026-07,34,Low,0.47
LANE-005149,Poland,P8,Rail,2025-01,13,Low,1.12
LANE-015472,Thailand,P6,Air,2025-06,3,Low,2.17
LANE-006589,Japan,P2,Truck,2025-11,6,Medium,1.54
LANE-008505,Italy,P1,Rail,2026-01,11,Low,0.88
LANE-016660,United Kingdom,P9,Truck,2025-06,4,Medium,1.02
LANE-001643,Mexico,P10,Ocean,2026-03,26,Low,
LANE-014155,Czech Republic,P1,Air,2025-09,3,Low,
LANE-011500,Canada,P4,Rail,2026-04,13,Medium,1.17
LANE-004337,India,P10,Rail,2025-03,12,Low,1.18
LANE-002506,Germany,P10,Rail,2026-08,13,Medium,1.06
LANE-002584,Germany,P11,Ocean,2025-10,21,Low,0.62
LANE-001247,Mexico,P5,Air,2026-03,3,High,3.47
LANE-007635,South Korea,P3,Truck,2025-01,4,Low,1.02
LANE-009225,Italy,P10,Ocean,2025-07,35,Low,0.68
LANE-007574,South Korea,P2,Rail,2025-06,12,Low,0.68
LANE-000641,United States,P9,Ocean,2025-03,28,Medium,0.47
LANE-010544,Vietnam,P4,Truck,2025-06,4,Medium,1.39
LANE-002828,China,P2,Ocean,2025-12,25,Low,0.53
LANE-010259,Turkey,P12,Truck,2025-07,4,Low,1.57
LANE-000057,United States,P2,Truck,2026-01,1,Low,1.26
LANE-004502,India,P12,Rail,2026-02,12,Medium,0.91
LANE-005894,Brazil,P5,Ocean,2026-08,22,Low,0.63
LANE-012231,Canada,P12,Air,2026-09,2,Medium,2.87
LANE-005240,Poland,P9,Rail,2025-04,12,Low,0.92
LANE-014845,Czech Republic,P10,Rail,2026-05,12,Low,0.7
LANE-014559,Czech Republic,P7,Truck,2026-05,5,Low,1.19
LANE-003187,China,P6,Ocean,2026-07,30,Medium,0.61
LANE-005942,Brazil,P6,Rail,2025-02,12,Medium,0.65
LANE-004402,India,P11,Truck,2025-02,5,High,1.32
LANE-014009,Spain,P12,Truck,2026-05,5,High,1.21
LANE-011422,Canada,P3,Rail,2025-04,10,Low,
LANE-002098,Germany,P4,Ocean,2025-08,18,High,0.61
LANE-003624,China,P12,Ocean,2026-04,27,Medium,0.65
LANE-011139,Vietnam,P11,Ocean,2025-07,26,Low,0.52
LANE-014405,Czech Republic,P5,Truck,2026-05,5,Low,1.27
LANE-012812,France,P8,Ocean,2025-08,26,Low,0.66
LANE-001582,Mexico,P9,Air,2026-08,2,Medium,2.46
LANE-004916,Poland,P5,Rail,2025-10,14,Medium,0.78
LANE-007575,South Korea,P2,Rail,2025-07,11,Low,0.64
LANE-006501,Japan,P1,Truck,2025-11,5,Low,1.46
LANE-000490,United States,P7,Ocean,2025-06,30,Medium,0.64
LANE-010199,Turkey,P11,Rail,2026-01,10,Low,1.24
LANE-003989,India,P5,Air,2025-07,3,Low,2.89
LANE-000976,Mexico,P2,Rail,2025-08,12,Low,1.18
LANE-002519,Germany,P10,Ocean,2025-11,26,Low,0.86
LANE-002441,Germany,P9,Rail,2026-09,11,Low,0.78
LANE-012458,France,P3,Air,2025-06,3,Medium,3.86
LANE-002834,China,P2,Ocean,2026-06,30,Low,0.48
LANE-010395,Vietnam,P1,Air,2025-11,2,Medium,2.41
LANE-012735,France,P7,Ocean,2026-07,32,Low,0.71
LANE-016738,United Kingdom,P9,Air,2026-06,4,Medium,2.86
LANE-010974,Vietnam,P9,Rail,2026-06,12,Medium,1.16
LANE-004854,Poland,P4,Ocean,2026-02,34,Medium,0.66
LANE-012829,France,P8,Air,2025-03,3,Low,2.58
LANE-006913,Japan,P6,Truck,2025-05,4,Low,0.95
LANE-005275,Poland,P9,Ocean,2026-05,30,Medium,0.55
LANE-015121,Thailand,P2,Truck,2025-07,4,Medium,1.17
LANE-002594,Germany,P11,Ocean,2026-08,31,Low,0.76
LANE-013246,Spain,P2,Ocean,2025-02,23,Medium,0.71
LANE-013681,Spain,P7,Ocean,2026-07,28,High,0.52
LANE-000702,United States,P10,Truck,2026-08,5,Low,1.45
LANE-002108,Germany,P4,Ocean,2026-06,32,High,
LANE-016361,United Kingdom,P5,Rail,2026-03,12,Medium,
LANE-009279,Italy,P11,Rail,2026-05,12,Low,1.02
LANE-014852,Czech Republic,P10,Ocean,2025-02,24,Medium,0.58
LANE-010784,Vietnam,P6,Air,2025-04,4,Low,3.89
LANE-016457,United Kingdom,P6,Ocean,2025-01,27,Low,0.57
LANE-012598,France,P5,Ocean,2026-02,26,Low,0.66
LANE-008542,Italy,P1,Air,2025-06,2,Low,2.11
LANE-006932,Japan,P6,Rail,2025-02,13,Medium,0.66
LANE-009530,Turkey,P2,Air,2025-04,2,Medium,
LANE-011309,Canada,P2,Truck,2025-01,3,Low,0.89
LANE-000824,United States,P12,Rail,2025-10,14,Low,1.11
LANE-002675,Germany,P12,Ocean,2026-01,26,Low,0.79
LANE-006824,Japan,P5,Truck,2025-04,5,Low,1.4
LANE-011325,Canada,P2,Truck,2026-05,4,Low,1.14
LANE-003561,China,P11,Ocean,2026-07,35,Low,0.51
LANE-003520,China,P11,Truck,2026-10,7,Medium,1.27
LANE-003828,India,P3,Rail,2026-10,11,Low,0.66
LANE-009253,Italy,P11,Truck,2026-01,4,Low,1.38
LANE-016883,United Kingdom,P11,Ocean,2025-09,28,Low,
LANE-016313,United Kingdom,P4,Air,2025-11,3,Low,3.88
LANE-010833,Vietnam,P7,Rail,2025-09,11,Low,1.02
LANE-004808,Poland,P4,Truck,2025-12,4,Medium,1.3
LANE-013444,Spain,P4,Air,2025-02,3,Low,3.23
LANE-014308,Czech Republic,P3,Ocean,2025-08,30,Medium,0.74
LANE-006947,Japan,P6,Rail,2026-05,15,Medium,0.76
LANE-008882,Italy,P6,Truck,2026-04,4,Medium,1.39
LANE-007294,Japan,P10,Ocean,2025-12,44,Low,0.44
LANE-008453,South Korea,P12,Air,2025-05,3,Medium,4.11
LANE-016111,United Kingdom,P2,Rail,2025-07,12,High,1.06
LANE-004614,Poland,P1,Ocean,2026-04,24,Medium,0.76
LANE-011796,Canada,P8,Truck,2025-04,3,Medium,1.28
LANE-004621,Poland,P2,Truck,2025-01,4,Low,1.02
LANE-007365,Japan,P11,Rail,2026-05,14,High,1.03
LANE-013517,Spain,P5,Ocean,2025-09,27,Low,0.5
LANE-012055,Canada,P10,Air,2026-09,3,Low,3.78
LANE-004466,India,P11,Ocean,2026-10,28,Low,0.83
LANE-005081,Poland,P7,Rail,2026-09,12,Low,0.76
LANE-008951,Italy,P6,Air,2026-07,2,Low,2.38
LANE-011193,Vietnam,P12,Truck,2026-05,4,Low,0.85
LANE-010781,Vietnam,P6,Air,2025-01,2,Low,2.81
LANE-007122,Japan,P8,Rail,2026-04,10,Low,0.77
LANE-010068,Turkey,P9,Ocean,2026-02,27,Low,0.83
LANE-005440,Poland,P12,Rail,2025-06,18,Low,1.17
LANE-004300,India,P9,Air,2025-10,1,Medium,2.79
LANE-003723,India,P2,Truck,2025-05,6,Low,1.24
LANE-005517,Brazil,P1,Truck,2026-05,4,Low,
LANE-005713,Brazil,P3,Rail,2026-03,9,High,0.9
LANE-012640,France,P6,Rail,2025-12,14,Low,0.65
LANE-008614,Italy,P2,Ocean,2025-12,25,Low,0.87
LANE-015763,Thailand,P10,Truck,2025-11,5,Low,1.2
LANE-001494,Mexico,P8,Air,2026-08,2,Low,3.46
LANE-009588,Turkey,P3,Rail,2026-06,10,Low,0.89
LANE-015723,Thailand,P9,Ocean,2026-03,28,High,0.53
LANE-006424,Brazil,P12,Truck,2026-10,5,Medium,1.34
LANE-008079,South Korea,P8,Ocean,2025-05,28,Low,0.58
LANE-008853,Italy,P5,Air,2025-09,2,Low,2.91
LANE-010805,Vietnam,P7,Truck,2025-03,3,Low,0.93
LANE-009229,Italy,P10,Ocean,2025-11,28,Low,0.54
LANE-016034,United Kingdom,P1,Rail,2026-06,11,High,0.94
LANE-008533,Italy,P1,Ocean,2026-07,25,High,0.65
LANE-010842,Vietnam,P7,Rail,2026-06,13,Low,1.04
LANE-002272,Germany,P7,Rail,2025-06,11,Low,0.68
LANE-003074,China,P5,Rail,2026-04,13,Low,1.07
LANE-004135,India,P7,Rail,2026-09,12,High,0.78
LANE-012740,France,P7,Air,2025-02,2,High,3.83
LANE-008502,Italy,P1,Rail,2025-10,15,Low,1.24
LANE-000452,United States,P7,Truck,2025-12,6,High,
LANE-003533,China,P11,Rail,2026-01,14,Medium,0.71
LANE-015313,Thailand,P4,Air,2025-01,2,Low,2.28
LANE-001932,Germany,P2,Truck,2026-06,4,Low,1.5
LANE-009720,Turkey,P5,Truck,2026-06,6,High,1.25
LANE-007516,South Korea,P1,Rail,2026-02,12,Medium,1.09
LANE-002930,China,P3,Air,2025-04,3,High,2.5
LANE-012424,France,P3,Rail,2026-04,11,High,0.9
LANE-013342,Spain,P3,Ocean,2025-10,25,Low,0.53
LANE-015086,Thailand,P1,Rail,2026-04,15,Low,0.81
LANE-008363,South Korea,P11,Air,2025-03,2,Medium,2.39
LANE-010132,Turkey,P10,Ocean,2025-12,22,Medium,0.49
LANE-000439,United States,P6,Air,2026-09,1,Low,2.87
LANE-005715,Brazil,P3,Rail,2026-05,11,High,0.9
LANE-003830,India,P3,Ocean,2025-02,27,Low,0.62
LANE-015844,Thailand,P11,Rail,2025-04,11,Low,0.99
LANE-007854,South Korea,P5,Ocean,2026-10,25,Medium,0.44
LANE-011402,Canada,P3,Truck,2025-06,2,Low,1.1
LANE-014285,Czech Republic,P3,Rail,2025-07,12,Medium,0.69
LANE-012889,France,P9,Rail,2026-07,10,Medium,0.69
LANE-000774,United States,P11,Rail,2025-04,9,Low,1.1
LANE-007100,Japan,P8,Truck,2026-04,6,High,1.25
LANE-014967,Czech Republic,P12,Truck,2025-07,5,Low,0.86
LANE-006889,Japan,P5,Air,2025-03,3,High,2.2
LANE-011510,Canada,P4,Ocean,2025-04,22,Low,0.76
LANE-013927,Spain,P11,Truck,2025-01,4,Low,1.3
LANE-011793,Canada,P8,Truck,2025-01,5,Medium,0.82
LANE-003218,China,P7,Truck,2025-06,4,Low,1.48
LANE-004453,India,P11,Ocean,2025-09,26,Low,0.54
LANE-002700,Germany,P12,Air,2026-04,3,Low,3.28
LANE-000286,United States,P4,Air,2026-10,3,Low,3.1
LANE-006080,Brazil,P8,Truck,2025-08,4,Medium,1.14
LANE-014045,Spain,P12,Ocean,2025-09,28,Medium,0.69
LANE-008097,South Korea,P8,Air,2025-01,3,Low,3.11
LANE-003866,India,P4,Truck,2026-04,6,Medium,1.15
LANE-012969,France,P10,Rail,2025-11,12,Medium,1.01
LANE-001768,Mexico,P12,Truck,2025-08,4,High,0.93
LANE-002422,Germany,P9,Rail,2025-02,13,Low,0.93
LANE-015735,Thailand,P9,Air,2025-05,2,Low,2.61
LANE-007487,South Korea,P1,Truck,2025-07,4,Medium,1.48
LANE-004255,India,P9,Truck,2025-09,2,Low,0.85
LANE-010888,Vietnam,P8,Truck,2026-08,4,Medium,1.57
LANE-011014,Vietnam,P10,Truck,2026-02,4,Medium,1.09
LANE-013557,Spain,P6,Rail,2025-05,11,Low,0.87
LANE-001855,Germany,P1,Rail,2025-07,11,Low,1.02
LANE-009461,Turkey,P2,Truck,2025-01,7,Medium,1.17
LANE-005534,Brazil,P1,Rail,2025-12,13,Medium,0.82
LANE-002370,Germany,P8,Ocean,2026-04,31,Medium,0.56
LANE-014916,Czech Republic,P11,Truck,2026-10,5,Medium,0.93
LANE-004377,India,P10,Ocean,2026-09,31,Medium,0.87
LANE-014202,Czech Republic,P2,Rail,2025-12,14,Low,0.77
LANE-003950,India,P5,Rail,2025-12,10,Medium,0.84
LANE-000895,Mexico,P1,Truck,2026-03,4,Medium,1.18
LANE-000705,United States,P10,Rail,2025-01,13,Low,0.86
LANE-009891,Turkey,P7,Truck,2026-01,5,High,1.52
LANE-007407,Japan,P12,Truck,2026-03,4,Medium,1.57
LANE-005105,Poland,P7,Air,2025-01,3,Low,
LANE-005563,Brazil,P1,Ocean,2026-07,28,Medium,0.55
LANE-002474,Germany,P10,Truck,2025-10,6,Medium,0.88
LANE-016910,United Kingdom,P12,Truck,2026-02,4,High,1.4
LANE-004845,Poland,P4,Ocean,2025-05,22,Medium,0.82
LANE-000381,United States,P6,Rail,2025-07,12,Medium,0.89
LANE-013370,Spain,P3,Air,2026-04,2,High,3.25
LANE-005510,Brazil,P1,Truck,2025-10,4,Low,1.55
LANE-009719,Turkey,P5,Truck,2026-05,4,High,1.36
LANE-000349,United States,P5,Ocean,2026-07,17,Low,0.61
LANE-006397,Brazil,P11,Ocean,2026-05,19,High,0.66
LANE-003433,China,P10,Truck,2025-01,5,Medium,
LANE-000024,United States,P1,Rail,2025-02,9,Low,1.17
LANE-003722,India,P2,Truck,2025-04,5,Low,1.55
LANE-011917,Canada,P9,Rail,2026-03,13,Medium,1.1
LANE-000515,United States,P7,Air,2025-09,3,Medium,3.31
LANE-003346,China,P8,Air,2025-02,1,Low,2.87
LANE-004864,Poland,P4,Air,2025-02,3,Medium,2.47
LANE-002516,Germany,P10,Ocean,2025-08,31,Low,0.7
LANE-011634,Canada,P5,Air,2026-06,2,Low,2.88
LANE-010817,Vietnam,P7,Truck,2026-03,4,Low,1.17
LANE-001950,Germany,P2,Rail,2026-02,16,Low,0.7
LANE-016740,United Kingdom,P9,Air,2026-08,3,Medium,2.43
LANE-008954,Italy,P6,Air,2026-10,3,Low,2.3
LANE-008078,South Korea,P8,Ocean,2025-04,31,Low,0.78
LANE-004312,India,P9,Air,2026-10,1,Medium,2.21
LANE-013724,Spain,P8,Rail,2026-06,13,Low,1.2
LANE-016723,United Kingdom,P9,Air,2025-03,3,Medium,2.21
LANE-001080,Mexico,P3,Ocean,2025-02,28,Medium,0.67
LANE-015593,Thailand,P8,Truck,2026-05,5,Low,0.96
LANE-004259,India,P9,Truck,2026-01,1,Low,0.97
LANE-001228,Mexico,P5,Ocean,2026-06,31,Low,0.49
LANE-000002,United States,P1,Truck,2025-02,1,Low,1.41
LANE-010485,Vietnam,P3,Truck,2026-01,4,Medium,0.95
LANE-015185,Thailand,P3,Truck,2025-05,4,Low,
LANE-012745,France,P7,Air,2025-07,2,High,3.7
LANE-000483,United States,P7,Rail,2026-09,15,Medium,1.09
LANE-011368,Canada,P2,Ocean,2026-04,35,Medium,0.51
LANE-012111,Canada,P11,Ocean,2025-11,25,Low,0.53
LANE-007010,Japan,P7,Truck,2026-02,4,Medium,1.44
LANE-009142,Italy,P9,Rail,2025-12,12,High,0.9
LANE-011313,Canada,P2,Truck,2025-05,4,Low,1.26
LANE-009407,Turkey,P1,Rail,2026-01,13,Medium,1.11
LANE-015781,Thailand,P10,Rail,2025-07,10,High,0.68
LANE-009929,Turkey,P7,Ocean,2025-07,24,Low,0.58
LANE-002205,Germany,P6,Rail,2025-05,13,Low,0.72
LANE-015133,Thailand,P2,Truck,2026-07,5,Medium,0.89
LANE-004728,Poland,P3,Truck,2026-08,5,Low,1.28
LANE-014142,Czech Republic,P1,Ocean,2026-06,24,Low,0.81
LANE-013237,Spain,P2,Rail,2026-03,10,Medium,0.67
LANE-016031,United Kingdom,P1,Rail,2026-03,10,High,1.27
LANE-001425,Mexico,P8,Truck,2026-05,4,Low,1.42
LANE-008606,Italy,P2,Ocean,2025-04,26,Low,0.62
LANE-012599,France,P5,Ocean,2026-03,25,Low,0.52
LANE-010220,Turkey,P11,Ocean,2025-12,23,Low,0.64
LANE-004297,India,P9,Air,2025-07,1,Medium,2.81
LANE-010417,Vietnam,P2,Truck,2025-11,5,Low,1.43
LANE-012751,France,P7,Air,2026-01,3,High,2.95
LANE-009328,Italy,P12,Truck,2026-10,4,High,1.19
LANE-015967,Thailand,P12,Ocean,2026-05,29,Medium,0.45
LANE-010917,Vietnam,P8,Ocean,2025-05,29,Low,0.77
LANE-006527,Japan,P1,Rail,2026-03,14,Low,0.81
LANE-004490,India,P12,Rail,2025-02,13,Medium,0.7
LANE-010385,Vietnam,P1,Air,2025-01,2,Medium,4.09
LANE-009628,Turkey,P3,Air,2026-02,2,Low,
LANE-011929,Canada,P9,Ocean,2025-05,27,High,0.85
LANE-014945,Czech Republic,P11,Ocean,2025-07,35,Medium,0.52
LANE-010035,Turkey,P9,Rail,2025-03,11,Medium,1.23
LANE-016732,United Kingdom,P9,Air,2025-12,3,Medium,
LANE-003653,India,P1,Rail,2025-01,10,Medium,0.84
LANE-001006,Mexico,P2,Ocean,2026-04,26,Medium,0.76
LANE-001249,Mexico,P5,Air,2026-05,3,High,2.61
LANE-013514,Spain,P5,Ocean,2025-06,32,Low,0.67
LANE-002774,China,P2,Truck,2025-02,6,Medium,0.83
LANE-013123,France,P12,Ocean,2025-11,37,High,0.71
LANE-001648,Mexico,P10,Ocean,2026-08,31,Low,0.88
LANE-007991,South Korea,P7,Rail,2025-05,7,Low,0.72
LANE-012612,France,P6,Truck,2025-06,6,Medium,1.45
LANE-005197,Poland,P8,Air,2025-05,3,Medium,2.52
LANE-008290,South Korea,P10,Air,2026-06,3,High,2.69
LANE-003724,India,P2,Truck,2025-06,5,Low,1.57
LANE-008936,Italy,P6,Air,2025-04,3,Low,3.67
LANE-016494,United Kingdom,P7,Truck,2026-04,5,Medium,1.02
LANE-014991,Czech Republic,P12,Rail,2025-09,9,Medium,0.93
LANE-006510,Japan,P1,Truck,2026-08,6,Low,1.3
LANE-014197,Czech Republic,P2,Rail,2025-07,12,Low,1.04
LANE-012005,Canada,P10,Rail,2026-03,8,Low,0.83
LANE-016188,United Kingdom,P3,Rail,2026-06,10,Low,1.12
LANE-009686,Turkey,P4,Ocean,2025-06,32,Medium,0.74
LANE-009035,Italy,P7,Air,2026-03,3,Medium,2.67
LANE-005012,Poland,P6,Rail,2026-06,12,Medium,0.98
LANE-009869,Turkey,P6,Air,2026-01,3,Low,4.06
LANE-002682,Germany,P12,Ocean,2026-08,25,Low,0.61
LANE-000622,United States,P9,Rail,2025-06,10,Low,0.79
LANE-000080,United States,P2,Rail,2026-02,8,Low,1.2
LANE-000727,United States,P10,Ocean,2025-01,22,Medium,0.8
LANE-006275,Brazil,P10,Rail,2025-05,9,Low,0.66
LANE-001444,Mexico,P8,Rail,2026-02,11,Low,0.75
LANE-007782,South Korea,P4,Air,2026-04,2,Low,3.4
LANE-009236,Italy,P10,Ocean,2026-06,27,Low,0.51
LANE-004085,India,P6,Air,2026-03,2,High,4.12
LANE-005920,Brazil,P6,Truck,2025-02,4,Low,1.24
LANE-016443,United Kingdom,P6,Rail,2025-09,10,Low,0.74
LANE-004459,India,P11,Ocean,2026-03,30,Low,0.53
LANE-010234,Turkey,P11,Air,2025-04,2,High,2.46
LANE-010294,Turkey,P12,Rail,2026-08,7,Low,1.09
LANE-015008,Czech Republic,P12,Ocean,2025-04,31,Low,0.81
LANE-014651,Czech Republic,P8,Truck,2026-09,4,Medium,1.47
LANE-006863,Japan,P5,Rail,2026-09,13,Low,1.17
LANE-013820,Spain,P9,Ocean,2025-04,22,Medium,0.78
LANE-014222,Czech Republic,P2,Ocean,2025-10,26,Low,0.74
LANE-013928,Spain,P11,Truck,2025-02,4,Low,0.94
LANE-007534,South Korea,P1,Ocean,2025-10,29,Low,0.67
LANE-016252,United Kingdom,P4,Truck,2026-04,5,Medium,1.48
LANE-010796,Vietnam,P6,Air,2026-04,2,Low,3.01
LANE-000144,United States,P3,Rail,2025-12,10,Medium,0.99
LANE-014146,Czech Republic,P1,Ocean,2026-10,32,Low,
LANE-009112,Italy,P9,Truck,2025-04,5,Low,0.81
LANE-006713,Japan,P3,Air,2025-03,3,Low,4.0
LANE-003751,India,P2,Rail,2025-11,9,Low,0.89
LANE-011487,Canada,P4,Rail,2025-03,10,Medium,1.03
LANE-010672,Vietnam,P5,Ocean,2025-02,32,Medium,0.59
LANE-000822,United States,P12,Rail,2025-08,12,Low,0.95
LANE-002465,Germany,P10,Truck,2025-01,4,Medium,0.85
LANE-013397,Spain,P4,Truck,2026-09,4,Low,1.32
LANE-006828,Japan,P5,Truck,2025-08,6,Low,1.36
LANE-007425,Japan,P12,Rail,2025-11,15,Medium,1.12
LANE-003899,India,P4,Ocean,2025-05,22,Low,
LANE-006155,Brazil,P8,Air,2026-05,3,High,3.47
LANE-004413,India,P11,Truck,2026-01,3,High,1.46
LANE-004947,Poland,P5,Ocean,2026-07,24,Low,0.61
LANE-016812,United Kingdom,P10,Air,2025-04,3,Low,4.15
LANE-007704,South Korea,P4,Truck,2025-04,4,Low,1.21
LANE-000114,United States,P3,Truck,2025-04,4,Low,0.96
LANE-012710,France,P7,Rail,2026-04,12,Low,0.68
LANE-005493,Poland,P12,Air,2026-03,3,Low,3.22
LANE-000335,United States,P5,Ocean,2025-05,28,Low,0.62
LANE-008744,Italy,P4,Rail,2025-10,14,Low,0.68
LANE-004836,Poland,P4,Rail,2026-06,12,Low,0.94
LANE-011619,Canada,P5,Air,2025-03,4,Low,2.81
LANE-005508,Brazil,P1,Truck,2025-08,5,Low,1.07
LANE-009053,Italy,P8,Truck,2025-11,4,Low,0.95
LANE-005260,Poland,P9,Ocean,2025-02,27,Medium,0.69
LANE-008407,South Korea,P12,Rail,2025-03,13,Low,1.23
LANE-002283,Germany,P7,Rail,2026-05,10,Low,0.74
LANE-000697,United States,P10,Truck,2026-03,6,Low,1.1
LANE-008847,Italy,P5,Air,2025-03,3,Low,4.0
LANE-000883,Mexico,P1,Truck,2025-03,4,Medium,1.35
LANE-003016,China,P4,Air,2025-02,2,Medium,3.11
LANE-010901,Vietnam,P8,Rail,2025-11,13,Low,1.03
LANE-003798,India,P3,Truck,2026-02,5,Low,0.97
LANE-013658,Spain,P7,Rail,2026-06,12,Low,
LANE-005719,Brazil,P3,Rail,2026-09,11,High,0.65
LANE-016606,United Kingdom,P8,Rail,2026-06,10,Medium,1.04
LANE-012650,France,P6,Rail,2026-10,15,Low,1.19
LANE-015930,Thailand,P12,Rail,2025-02,12,Medium,0.7
LANE-009967,Turkey,P8,Rail,2025-01,10,Low,1.08
LANE-012170,Canada,P12,Rail,2025-04,15,Low,1.14
LANE-000496,United States,P7,Ocean,2025-12,31,Medium,0.79
LANE-012571,France,P5,Rail,2025-09,10,Medium,0.83
LANE-014469,Czech Republic,P5,Air,2026-03,2,Low,2.25
LANE-003609,China,P12,Ocean,2025-01,24,Medium,0.5
LANE-012176,Canada,P12,Rail,2025-10,14,Low,1.02
LANE-010001,Turkey,P8,Ocean,2026-01,28,Medium,0.83
LANE-007262,Japan,P10,Rail,2025-02,13,Medium,0.98
LANE-015268,Thailand,P4,Truck,2026-10,6,Low,1.29
LANE-012263,France,P1,Rail,2025-09,12,Low,1.0
LANE-016613,United Kingdom,P8,Ocean,2025-03,28,Medium,0.57
LANE-000039,United States,P1,Rail,2026-05,9,Low,0.91
LANE-013832,Spain,P9,Ocean,2026-04,31,Medium,0.47
LANE-011138,Vietnam,P11,Ocean,2025-06,21,Low,0.53
LANE-004242,India,P8,Ocean,2026-06,20,Low,0.62
LANE-013363,Spain,P3,Air,2025-09,4,High,2.32
LANE-004507,India,P12,Rail,2026-07,9,Medium,0.87
LANE-016430,United Kingdom,P6,Truck,2026-06,5,High,0.85
LANE-014085,Czech Republic,P1,Truck,2025-05,5,Low,1.1
LANE-006425,Brazil,P12,Rail,2025-01,13,Medium,0.95
LANE-006559,Japan,P1,Air,2025-03,3,High,
LANE-004943,Poland,P5,Ocean,2026-03,23,Low,0.51
LANE-009255,Italy,P11,Truck,2026-03,3,Low,1.38
LANE-016760,United Kingdom,P10,Truck,2026-06,3,Low,1.6
LANE-010592,Vietnam,P4,Ocean,2025-10,31,Low,0.48
LANE-007537,South Korea,P1,Ocean,2026-01,31,Low,0.86
LANE-006328,Brazil,P10,Air,2026-02,2,Low,3.05
LANE-014462,Czech Republic,P5,Air,2025-08,3,Low,2.62
LANE-008035,South Korea,P8,Truck,2025-05,5,High,1.51
LANE-016424,United Kingdom,P6,Truck,2025-12,5,High,0.82
LANE-008860,Italy,P5,Air,2026-04,2,Low,3.71
LANE-010130,Turkey,P10,Ocean,2025-10,28,Medium,0.79
LANE-000088,United States,P2,Rail,2026-10,11,Low,1.02
LANE-012536,France,P4,Air,2026-06,1,High,3.06
LANE-005456,Poland,P12,Rail,2026-10,10,Low,0.86
LANE-004508,India,P12,Rail,2026-08,11,Medium,1.02
LANE-002120,Germany,P5,Truck,2025-08,2,Low,0.88
LANE-013893,Spain,P10,Rail,2025-11,13,Low,1.14
LANE-001770,Mexico,P12,Truck,2025-10,5,High,1.03
LANE-002920,China,P3,Ocean,2026-04,28,Low,0.56
LANE-012147,Canada,P12,Truck,2025-03,4,High,0.93
LANE-009275,Italy,P11,Rail,2026-01,11,Low,0.75
LANE-007821,South Korea,P5,Rail,2025-11,12,Low,0.86
LANE-002194,Germany,P6,Truck,2026-04,5,Low,1.45
LANE-001608,Mexico,P10,Rail,2025-02,12,Medium,1.19
LANE-000871,United States,P12,Air,2026-01,3,Low,2.79
LANE-005035,Poland,P6,Ocean,2026-07,24,High,0.68
LANE-006119,Brazil,P8,Ocean,2025-03,32,Low,0.74
LANE-000632,United States,P9,Rail,2026-04,9,Low,0.76
LANE-003922,India,P5,Truck,2025-06,5,Medium,1.35
LANE-001034,Mexico,P2,Air,2026-10,2,Low,
LANE-014707,Czech Republic,P8,Air,2025-11,3,Medium,3.54
LANE-000152,United States,P3,Rail,2026-08,13,Medium,0.66
LANE-008168,South Korea,P9,Ocean,2025-06,30,Medium,0.74
LANE-002750,China,P1,Rail,2026-10,10,Medium,0.92
LANE-004304,India,P9,Air,2026-02,1,Medium,3.86
LANE-013296,Spain,P3,Truck,2025-08,6,Low,1.56
LANE-005537,Brazil,P1,Rail,2026-03,11,Medium,0.98
LANE-010016,Turkey,P9,Truck,2025-06,4,High,1.02
LANE-000637,United States,P9,Rail,2026-09,12,Low,0.73
LANE-014965,Czech Republic,P12,Truck,2025-05,4,Low,1.48
LANE-008416,South Korea,P12,Rail,2025-12,11,Low,1.25
LANE-011936,Canada,P9,Ocean,2025-12,25,High,0.66
LANE-008032,South Korea,P8,Truck,2025-02,5,High,0.85
LANE-008515,Italy,P1,Ocean,2025-01,24,High,0.6
LANE-013050,France,P11,Ocean,2025-04,22,Medium,0.67
LANE-004455,India,P11,Ocean,2025-11,27,Low,0.59
LANE-009959,Turkey,P8,Truck,2026-03,5,Low,1.4
LANE-016339,United Kingdom,P5,Truck,2026-03,5,Low,1.2
LANE-013933,Spain,P11,Truck,2025-07,4,Low,0.94
LANE-011838,Canada,P8,Ocean,2025-02,24,High,0.83
LANE-010875,Vietnam,P8,Truck,2025-07,4,Medium,1.52
LANE-001744,Mexico,P11,Air,2025-06,3,Low,4.0
LANE-005644,Brazil,P2,Ocean,2025-12,32,Low,0.63
LANE-007646,South Korea,P3,Truck,2025-12,5,Low,0.95
LANE-003626,China,P12,Ocean,2026-06,28,Medium,0.81
LANE-008534,Italy,P1,Ocean,2026-08,31,High,0.79
LANE-002711,China,P1,Truck,2025-05,4,Low,1.3
LANE-003979,India,P5,Ocean,2026-07,23,High,0.79
LANE-003062,China,P5,Rail,2025-04,11,Low,1.18
LANE-006383,Brazil,P11,Ocean,2025-03,23,High,0.74
LANE-003945,India,P5,Rail,2025-07,13,Medium,0.71
LANE-016035,United Kingdom,P1,Rail,2026-07,11,High,1.09
LANE-005944,Brazil,P6,Rail,2025-04,12,Medium,1.11
LANE-000413,United States,P6,Ocean,2026-05,23,Low,0.67
LANE-001719,Mexico,P11,Ocean,2025-03,36,High,0.5
LANE-016192,United Kingdom,P3,Rail,2026-10,11,Low,1.18
LANE-001238,Mexico,P5,Air,2025-06,2,High,
LANE-008543,Italy,P1,Air,2025-07,3,Low,2.26
LANE-015030,Czech Republic,P12,Air,2025-04,3,Low,2.88
LANE-008826,Italy,P5,Ocean,2025-04,28,High,0.67
LANE-014683,Czech Republic,P8,Ocean,2025-09,29,Medium,0.51
LANE-005413,Poland,P12,Truck,2025-01,5,Low,1.05
LANE-013508,Spain,P5,Rail,2026-10,13,Low,1.13
LANE-004673,Poland,P2,Ocean,2025-09,29,Low,0.5
LANE-013002,France,P10,Ocean,2026-10,26,Low,
LANE-013551,Spain,P6,Truck,2026-09,5,Low,1.3
LANE-013610,Spain,P6,Air,2026-02,3,Medium,3.05
LANE-015410,Thailand,P6,Truck,2025-10,4,Low,0.83
LANE-005639,Brazil,P2,Ocean,2025-07,21,Low,0.51
LANE-009734,Turkey,P5,Rail,2025-10,13,Medium,0.75
LANE-007739,South Korea,P4,Rail,2026-05,13,Low,0.76
LANE-004892,Poland,P5,Truck,2025-08,4,High,
LANE-008228,South Korea,P10,Truck,2026-10,4,Medium,1.59
LANE-000656,United States,P9,Ocean,2026-06,32,Medium,0.84
LANE-000455,United States,P7,Truck,2026-03,3,High,
LANE-010158,Turkey,P10,Air,2026-04,2,Low,3.18
LANE-011412,Canada,P3,Truck,2026-04,1,Low,1.04
LANE-003812,India,P3,Rail,2025-06,10,Low,1.17
LANE-016776,United Kingdom,P10,Rail,2025-12,9,Medium,1.13
LANE-008501,Italy,P1,Rail,2025-09,7,Low,1.17
LANE-015300,Thailand,P4,Ocean,2025-10,28,Low,0.8
LANE-004586,Poland,P1,Rail,2025-10,10,High,0.91
LANE-008463,South Korea,P12,Air,2026-03,2,Medium,4.03
LANE-001616,Mexico,P10,Rail,2025-10,9,Medium,0.65
LANE-014884,Czech Republic,P10,Air,2025-12,3,Low,3.64
LANE-013519,Spain,P5,Ocean,2025-11,35,Low,0.81
LANE-004805,Poland,P4,Truck,2025-09,5,Medium,1.45
LANE-006720,Japan,P3,Air,2025-10,2,Low,3.87
LANE-000825,United States,P12,Rail,2025-11,10,Low,1.19
LANE-003497,China,P10,Ocean,2026-09,19,Low,0.55
LANE-004420,India,P11,Truck,2026-08,4,High,0.9
LANE-014758,Czech Republic,P9,Rail,2026-06,13,Low,1.22
LANE-005358,Poland,P11,Rail,2025-12,8,High,1.04
LANE-001627,Mexico,P10,Rail,2026-09,14,Medium,0.84
LANE-003115,China,P5,Air,2026-01,3,Low,2.16
LANE-009881,Turkey,P7,Truck,2025-03,4,High,1.14
LANE-008249,South Korea,P10,Rail,2026-09,11,Low,0.85
LANE-002837,China,P2,Ocean,2026-09,31,Low,0.87
LANE-004713,Poland,P3,Truck,2025-05,5,Low,1.03
LANE-001894,Germany,P1,Air,2025-02,2,High,2.87
LANE-015126,Thailand,P2,Truck,2025-12,5,Medium,1.59
LANE-010634,Vietnam,P5,Truck,2025-08,5,Low,1.13
LANE-009674,Turkey,P4,Rail,2026-04,12,Low,0.78
LANE-004424,India,P11,Rail,2025-02,15,Low,
LANE-005234,Poland,P9,Truck,2026-08,5,Low,1.57
LANE-007993,South Korea,P7,Rail,2025-07,10,Low,0.84
LANE-005430,Poland,P12,Truck,2026-06,4,Low,1.21
LANE-016263,United Kingdom,P4,Rail,2025-05,12,Low,0.94
LANE-011575,Canada,P5,Rail,2025-03,8,Low,0.84
LANE-006164,Brazil,P9,Truck,2025-04,4,Medium,
LANE-008645,Italy,P3,Truck,2026-09,4,Low,1.43
LANE-011092,Vietnam,P11,Truck,2025-04,5,Low,1.12
LANE-004773,Poland,P3,Ocean,2026-09,32,Medium,0.64
LANE-006992,Japan,P6,Air,2026-06,2,Medium,2.65
LANE-016930,United Kingdom,P12,Rail,2025-12,10,Medium,1.21
LANE-015827,Thailand,P11,Truck,2025-09,5,High,0.83
LANE-002129,Germany,P5,Truck,2026-05,1,Low,1.54
LANE-010067,Turkey,P9,Ocean,2026-01,16,Low,0.6
LANE-011876,Canada,P8,Air,2026-06,2,Low,3.7
LANE-010077,Turkey,P10,Truck,2025-01,4,Medium,0.95
LANE-002286,Germany,P7,Rail,2026-08,12,Low,
LANE-012021,Canada,P10,Ocean,2025-09,33,Medium,0.84
LANE-013767,Spain,P8,Air,2026-05,3,Low,3.05
LANE-015818,Thailand,P10,Ocean,2026-10,26,Low,0.64
LANE-007723,South Korea,P4,Rail,2025-01,12,Low,0.91
LANE-004192,India,P8,Truck,2025-12,4,Low,0.94
LANE-006603,Japan,P2,Rail,2025-03,11,Medium,0.85
LANE-013102,France,P12,Rail,2025-12,13,Low,0.79
LANE-008742,Italy,P4,Rail,2025-08,12,Low,1.22
LANE-016836,United Kingdom,P11,Truck,2025-06,6,Medium,1.3
LANE-014427,Czech Republic,P5,Rail,2026-05,10,Low,1.09
LANE-007201,Japan,P9,Rail,2025-07,13,Low,0.82
LANE-005502,Brazil,P1,Truck,2025-02,5,Low,1.18
LANE-010619,Vietnam,P4,Air,2026-03,3,Medium,2.96
LANE-011267,Canada,P1,Rail,2025-03,12,Medium,0.83
LANE-015027,Czech Republic,P12,Air,2025-01,3,Low,2.82
LANE-006202,Brazil,P9,Rail,2026-08,14,Medium,0.92
LANE-003898,India,P4,Ocean,2025-04,27,Low,0.45
LANE-004121,India,P7,Rail,2025-07,16,High,0.93
LANE-011104,Vietnam,P11,Truck,2026-04,5,Low,0.94
LANE-012620,France,P6,Truck,2026-02,5,Medium,1.5
LANE-000565,United States,P8,Rail,2026-03,11,Low,0.87
LANE-007379,Japan,P11,Ocean,2025-09,28,Low,0.71
LANE-001468,Mexico,P8,Ocean,2026-04,29,Low,0.74
LANE-003384,China,P9,Truck,2026-06,4,Low,1.07
LANE-000858,United States,P12,Ocean,2026-10,20,Low,0.75
LANE-011477,Canada,P4,Truck,2026-03,4,Low,1.05
LANE-009705,Turkey,P5,Truck,2025-03,4,High,0.93
LANE-010723,Vietnam,P6,Truck,2025-09,4,Low,0.82
LANE-000798,United States,P12,Truck,2025-06,4,Medium,0.87
LANE-002214,Germany,P6,Rail,2026-02,11,Low,0.79
LANE-003173,China,P6,Ocean,2025-05,24,Medium,0.63
LANE-015824,Thailand,P11,Truck,2025-06,4,High,1.08
LANE-001584,Mexico,P9,Air,2026-10,3,Medium,2.68
LANE-015221,Thailand,P3,Rail,2026-07,13,Low,1.03
LANE-012439,France,P3,Ocean,2025-09,34,Low,0.69
LANE-009099,Italy,P8,Ocean,2026-01,19,Low,0.59
LANE-010445,Vietnam,P2,Rail,2026-05,8,High,0.89
LANE-016593,United Kingdom,P8,Rail,2025-05,10,Medium,0.85
LANE-015116,Thailand,P2,Truck,2025-02,6,Medium,1.19
LANE-014382,Czech Republic,P4,Ocean,2026-04,30,High,0.7
LANE-011141,Vietnam,P11,Ocean,2025-09,29,Low,0.72
LANE-011235,Vietnam,P12,Ocean,2026-03,28,Low,0.78
LANE-010438,Vietnam,P2,Rail,2025-10,12,High,0.9
LANE-001775,Mexico,P12,Truck,2026-03,4,High,1.49
LANE-007271,Japan,P10,Rail,2025-11,11,Medium,0.97
LANE-002300,Germany,P7,Ocean,2025-12,28,Medium,
LANE-000776,United States,P11,Rail,2025-06,8,Low,1.08
LANE-015790,Thailand,P10,Rail,2026-04,11,High,0.88
LANE-013530,Spain,P5,Ocean,2026-10,32,Low,0.69
LANE-016027,United Kingdom,P1,Rail,2025-11,9,High,1.28
LANE-005741,Brazil,P3,Ocean,2026-09,30,Medium,0.55
LANE-015243,Thailand,P3,Ocean,2026-07,22,Low,0.62
LANE-011312,Canada,P2,Truck,2025-04,5,Low,0.87
LANE-009430,Turkey,P1,Ocean,2026-02,30,Low,0.77
LANE-006990,Japan,P6,Air,2026-04,3,Medium,3.56
LANE-004020,India,P6,Truck,2026-04,2,Low,1.51
LANE-016381,United Kingdom,P5,Ocean,2026-01,27,Low,0.66
LANE-008143,South Korea,P9,Rail,2025-03,12,High,1.07
LANE-002539,Germany,P11,Truck,2025-09,4,High,1.05
LANE-004005,India,P6,Truck,2025-01,4,Low,1.37
LANE-000258,United States,P4,Ocean,2026-04,31,Low,0.54
LANE-005564,Brazil,P1,Ocean,2026-08,32,Medium,0.75
LANE-009915,Turkey,P7,Rail,2026-03,12,Low,1.22
LANE-000899,Mexico,P1,Truck,2026-07,2,Medium,1.25
LANE-013184,Spain,P1,Ocean,2025-06,26,Low,0.84
LANE-014438,Czech Republic,P5,Ocean,2025-06,21,High,0.74
LANE-004853,Poland,P4,Ocean,2026-01,33,Medium,0.61
LANE-004367,India,P10,Ocean,2025-11,30,Medium,0.74
LANE-001946,Germany,P2,Rail,2025-10,12,Low,0.91
LANE-008041,South Korea,P8,Truck,2025-11,4,High,1.46
LANE-009606,Turkey,P3,Ocean,2026-02,27,Low,0.87
LANE-015871,Thailand,P11,Ocean,2025-09,20,High,0.47
LANE-001925,Germany,P2,Truck,2025-11,4,Low,1.19
LANE-016789,United Kingdom,P10,Ocean,2025-03,23,Low,0.54
LANE-000842,United States,P12,Ocean,2025-06,31,Low,
LANE-008858,Italy,P5,Air,2026-02,2,Low,3.5
LANE-004336,India,P10,Rail,2025-02,15,Low,1.11
LANE-013401,Spain,P4,Rail,2025-03,10,Low,0.76
LANE-010599,Vietnam,P4,Ocean,2026-05,29,Low,0.5
LANE-007309,Japan,P10,Air,2025-05,2,Medium,3.97
LANE-004732,Poland,P3,Rail,2025-02,9,Medium,0.77
LANE-012990,France,P10,Ocean,2025-10,31,Low,0.6
LANE-003091,China,P5,Ocean,2025-11,29,Medium,0.71
LANE-000223,United States,P4,Rail,2025-03,9,Low,1.05
LANE-001128,Mexico,P4,Rail,2025-06,8,Low,0.79
LANE-013042,France,P11,Rail,2026-06,14,Medium,1.21
LANE-002087,Germany,P4,Rail,2026-07,12,Low,0.71
LANE-010816,Vietnam,P7,Truck,2026-02,4,Low,1.35
LANE-014015,Spain,P12,Rail,2025-01,13,Low,1.25
LANE-008707,Italy,P3,Air,2026-05,3,High,3.88
LANE-009451,Turkey,P1,Air,2026-01,3,High,
LANE-014835,Czech Republic,P10,Rail,2025-07,10,Low,0.95
LANE-013891,Spain,P10,Rail,2025-09,14,Low,1.1
LANE-003771,India,P2,Ocean,2025-09,28,Low,0.65
LANE-008795,Italy,P5,Truck,2026-05,5,Low,1.37
LANE-000982,Mexico,P2,Rail,2026-02,13,Low,1.02
LANE-004843,Poland,P4,Ocean,2025-03,30,Medium,0.45
LANE-000971,Mexico,P2,Rail,2025-03,10,Low,1.19
LANE-005586,Brazil,P1,Air,2026-08,3,Medium,3.63
LANE-002276,Germany,P7,Rail,2025-10,11,Low,1.02
LANE-007459,Japan,P12,Air,2025-01,2,Medium,2.27
LANE-016050,United Kingdom,P1,Ocean,2025-12,30,Low,0.63
LANE-004354,India,P10,Rail,2026-08,10,Low,1.02
LANE-006289,Brazil,P10,Rail,2026-07,14,Low,1.17
LANE-000902,Mexico,P1,Truck,2026-10,4,Medium,0.84
LANE-003674,India,P1,Rail,2026-10,12,Medium,0.85
LANE-002256,Germany,P7,Truck,2025-12,5,High,1.18
LANE-014577,Czech Republic,P7,Rail,2026-01,12,Low,1.08
LANE-012266,France,P1,Rail,2025-12,15,Low,1.01
LANE-009878,Turkey,P6,Air,2026-10,3,Low,2.55
LANE-007849,South Korea,P5,Ocean,2026-05,25,Medium,0.8
LANE-004166,India,P7,Air,2025-08,2,Medium,3.91
LANE-005476,Poland,P12,Ocean,2026-08,23,Low,0.69
LANE-005131,Poland,P8,Truck,2025-05,4,High,0.8
LANE-004874,Poland,P4,Air,2025-12,3,Medium,4.07
LANE-003855,India,P4,Truck,2025-05,4,Medium,1.33
LANE-014733,Czech Republic,P9,Truck,2026-03,4,Medium,1.28
LANE-009593,Turkey,P3,Ocean,2025-01,29,Low,0.46
LANE-014445,Czech Republic,P5,Ocean,2026-01,28,High,0.68
LANE-004163,India,P7,Air,2025-05,3,Medium,3.14
LANE-006207,Brazil,P9,Ocean,2025-03,24,Low,0.51
LANE-010071,Turkey,P9,Ocean,2026-05,30,Low,0.78
LANE-008466,South Korea,P12,Air,2026-06,2,Medium,2.13
LANE-013897,Spain,P10,Rail,2026-03,11,Low,1.25
LANE-003032,China,P4,Air,2026-06,2,Medium,2.55
LANE-013127,France,P12,Ocean,2026-03,28,High,0.77
LANE-015693,Thailand,P9,Rail,2025-07,12,Low,0.69
LANE-005339,Poland,P11,Truck,2026-03,5,Low,0.9
LANE-015510,Thailand,P7,Truck,2026-10,4,Low,0.93
LANE-008901,Italy,P6,Rail,2026-01,13,Low,0.79
LANE-003336,China,P8,Rail,2026-02,9,High,0.77
LANE-007889,South Korea,P6,Truck,2026-01,6,High,0.9
LANE-008621,Italy,P2,Ocean,2026-07,31,Low,0.63
LANE-006077,Brazil,P8,Truck,2025-05,6,Medium,1.35
LANE-008549,Italy,P1,Air,2026-01,3,Low,3.34
LANE-003116,China,P5,Air,2026-02,3,Low,3.86
LANE-011016,Vietnam,P10,Truck,2026-04,5,Medium,1.59
LANE-004309,India,P9,Air,2026-07,1,Medium,3.06
LANE-006026,Brazil,P7,Truck,2026-08,1,Low,1.34
LANE-012692,France,P7,Truck,2026-08,5,Medium,1.37
LANE-015151,Thailand,P2,Rail,2026-03,12,Low,1.05
LANE-009736,Turkey,P5,Rail,2025-12,10,Medium,0.74
LANE-010885,Vietnam,P8,Truck,2026-05,5,Medium,1.09
LANE-005574,Brazil,P1,Air,2025-08,2,Medium,3.12
LANE-005424,Poland,P12,Truck,2025-12,6,Low,1.04
LANE-015507,Thailand,P7,Truck,2026-07,3,Low,1.02
LANE-001059,Mexico,P3,Rail,2025-03,12,Low,1.25
LANE-012340,France,P2,Truck,2026-08,4,Medium,1.39
LANE-001308,Mexico,P6,Ocean,2025-10,35,Low,0.76
LANE-003387,China,P9,Truck,2026-09,3,Low,1.3
LANE-007818,South Korea,P5,Rail,2025-08,13,Low,0.67
LANE-009240,Italy,P10,Ocean,2026-10,31,Low,0.86
LANE-000117,United States,P3,Truck,2025-07,4,Low,0.88
LANE-013119,France,P12,Ocean,2025-07,28,High,0.78
LANE-003084,China,P5,Ocean,2025-04,28,Medium,0.83
LANE-006983,Japan,P6,Air,2025-09,3,Medium,4.06
LANE-005896,Brazil,P5,Ocean,2026-10,36,Low,0.83
LANE-008754,Italy,P4,Rail,2026-08,14,Low,1.08
LANE-015847,Thailand,P11,Rail,2025-07,14,Low,0.97
LANE-004031,India,P6,Rail,2025-05,13,Medium,0.9
LANE-016236,United Kingdom,P3,Air,2026-10,2,Low,2.5
LANE-013967,Spain,P11,Rail,2026-07,11,High,1.04
LANE-016691,United Kingdom,P9,Rail,2026-03,15,High,0.82
LANE-016721,United Kingdom,P9,Air,2025-01,2,Medium,2.61
LANE-000897,Mexico,P1,Truck,2026-05,4,Medium,1.17
LANE-013740,Spain,P8,Ocean,2025-12,24,Medium,0.72
LANE-013478,Spain,P5,Truck,2026-02,3,Low,1.05
LANE-004812,Poland,P4,Truck,2026-04,5,Medium,0.99
LANE-002768,China,P1,Ocean,2026-06,32,Low,0.55
LANE-003419,China,P9,Ocean,2025-09,32,Low,0.68
LANE-000025,United States,P1,Rail,2025-03,9,Low,1.19
LANE-008372,South Korea,P11,Air,2025-12,2,Medium,2.61
LANE-009912,Turkey,P7,Rail,2025-12,12,Low,1.27
LANE-004305,India,P9,Air,2026-03,1,Medium,2.49
LANE-015312,Thailand,P4,Ocean,2026-10,33,Low,0.69
LANE-002416,Germany,P9,Truck,2026-06,5,Medium,0.81
LANE-007618,South Korea,P2,Air,2025-06,2,Medium,2.97
LANE-015197,Thailand,P3,Truck,2026-05,4,Low,0.99
LANE-005308,Poland,P10,Rail,2025-06,9,Low,0.81
LANE-003600,China,P12,Rail,2026-02,8,Medium,0.65
LANE-006458,Brazil,P12,Ocean,2025-12,28,Low,0.5
LANE-015985,Thailand,P12,Air,2026-01,2,Low,3.58
LANE-009557,Turkey,P3,Truck,2025-09,5,Medium,0.99
LANE-004201,India,P8,Truck,2026-09,5,Low,0.96
LANE-009143,Italy,P9,Rail,2026-01,12,High,1.09
LANE-009274,Italy,P11,Rail,2025-12,12,Low,0.76
LANE-010039,Turkey,P9,Rail,2025-07,8,Medium,0.71
LANE-008985,Italy,P7,Rail,2025-09,9,High,1.12
LANE-015671,Thailand,P9,Truck,2025-07,4,Low,0.89
LANE-001518,Mexico,P9,Truck,2026-10,5,Low,
LANE-000645,United States,P9,Ocean,2025-07,21,Medium,0.73
LANE-003781,India,P2,Ocean,2026-07,24,Low,
LANE-014230,Czech Republic,P2,Ocean,2026-06,22,Low,0.45
LANE-002052,Germany,P4,Truck,2025-06,5,Low,
LANE-013331,Spain,P3,Rail,2026-09,12,Low,0.7
LANE-002248,Germany,P7,Truck,2025-04,5,High,1.15
LANE-010313,Turkey,P12,Ocean,2026-05,28,Low,0.83
LANE-003111,China,P5,Air,2025-09,3,Low,2.24
LANE-007183,Japan,P9,Truck,2025-11,5,High,0.92
LANE-013376,Spain,P3,Air,2026-10,3,High,
LANE-002865,China,P3,Truck,2025-05,3,High,1.46
LANE-011306,Canada,P1,Ocean,2026-08,26,Low,0.44
LANE-008806,Italy,P5,Rail,2025-06,10,Low,0.82
LANE-016778,United Kingdom,P10,Rail,2026-02,13,Medium,0.82
LANE-016015,United Kingdom,P1,Truck,2026-09,4,Low,1.56
LANE-015048,Czech Republic,P12,Air,2026-10,3,Low,2.51
LANE-010980,Vietnam,P9,Ocean,2025-02,28,Low,0.62
LANE-009342,Italy,P12,Rail,2026-02,12,Low,1.16
LANE-011190,Vietnam,P12,Truck,2026-02,5,Low,0.89
LANE-012356,France,P2,Rail,2026-02,11,Low,1.17
LANE-005882,Brazil,P5,Ocean,2025-08,24,Low,0.82
LANE-006521,Japan,P1,Rail,2025-09,13,Low,
LANE-008725,Italy,P4,Truck,2026-01,4,Medium,1.27
LANE-011516,Canada,P4,Ocean,2025-10,23,Low,0.87
LANE-009941,Turkey,P7,Ocean,2026-07,19,Low,0.54
LANE-008506,Italy,P1,Rail,2026-02,14,Low,0.74
LANE-002403,Germany,P9,Truck,2025-05,4,Medium,1.49
LANE-007605,South Korea,P2,Ocean,2026-03,29,Low,0.57
LANE-000319,United States,P5,Rail,2025-11,9,Low,1.1
LANE-010416,Vietnam,P2,Truck,2025-10,4,Low,1.51
LANE-011345,Canada,P2,Rail,2026-03,9,Medium,1.09
LANE-008599,Italy,P2,Rail,2026-07,11,Low,1.26
LANE-001373,Mexico,P7,Rail,2025-09,12,High,0.91
LANE-008548,Italy,P1,Air,2025-12,3,Low,4.05
LANE-015078,Thailand,P1,Rail,2025-08,12,Low,1.11
LANE-003716,India,P1,Air,2026-08,3,Low,2.56
LANE-002284,Germany,P7,Rail,2026-06,9,Low,0.98
LANE-008695,Italy,P3,Air,2025-05,3,High,3.42
LANE-003043,China,P5,Truck,2025-07,5,Low,0.86
LANE-010418,Vietnam,P2,Truck,2025-12,6,Low,1.21
LANE-016728,United Kingdom,P9,Air,2025-08,2,Medium,3.2
LANE-008012,South Korea,P7,Ocean,2025-04,22,Low,0.83
LANE-009710,Turkey,P5,Truck,2025-08,5,High,1.36
LANE-001970,Germany,P2,Ocean,2025-12,29,Low,0.5
LANE-008884,Italy,P6,Truck,2026-06,4,Medium,1.51
LANE-013776,Spain,P9,Truck,2025-04,5,Low,1.28
LANE-014338,Czech Republic,P4,Truck,2026-04,5,High,1.09
LANE-003926,India,P5,Truck,2025-10,6,Medium,0.98
LANE-009224,Italy,P10,Ocean,2025-06,33,Low,0.83
LANE-014797,Czech Republic,P9,Air,2026-01,2,Medium,3.43
LANE-001064,Mexico,P3,Rail,2025-08,12,Low,1.12
LANE-016938,United Kingdom,P12,Rail,2026-08,12,Medium,0.98
LANE-012114,Canada,P11,Ocean,2026-02,21,Low,0.75
LANE-009131,Italy,P9,Rail,2025-01,11,High,
LANE-004472,India,P12,Truck,2025-06,5,Medium,
LANE-006227,Brazil,P9,Air,2025-01,2,Low,3.03
LANE-000939,Mexico,P1,Ocean,2026-03,30,Medium,0.64
LANE-012775,France,P8,Truck,2026-03,5,Medium,
LANE-011909,Canada,P9,Rail,2025-07,11,Medium,1.04
LANE-005215,Poland,P9,Truck,2025-01,5,Low,0.93
LANE-006043,Brazil,P7,Rail,2026-03,9,Low,1.02
LANE-005326,Poland,P11,Truck,2025-02,5,Low,0.93
LANE-002175,Germany,P5,Air,2026-07,1,Low,2.72
LANE-008739,Italy,P4,Rail,2025-05,10,Low,
LANE-009322,Italy,P12,Truck,2026-04,6,High,0.9
LANE-006512,Japan,P1,Truck,2026-10,5,Low,0.9
LANE-010377,Vietnam,P1,Ocean,2026-03,30,Low,0.75
LANE-011623,Canada,P5,Air,2025-07,3,Low,2.9
LANE-011942,Canada,P9,Ocean,2026-06,26,High,0.61
LANE-004596,Poland,P1,Rail,2026-08,12,High,0.95
LANE-016453,United Kingdom,P6,Rail,2026-07,11,Low,1.17
LANE-003020,China,P4,Air,2025-06,3,Medium,3.25
LANE-011232,Vietnam,P12,Ocean,2025-12,31,Low,0.7
LANE-009428,Turkey,P1,Ocean,2025-12,25,Low,0.75
LANE-003075,China,P5,Rail,2026-05,12,Low,
LANE-009585,Turkey,P3,Rail,2026-03,14,Low,0.9
LANE-010520,Vietnam,P3,Ocean,2025-04,23,Low,
LANE-016784,United Kingdom,P10,Rail,2026-08,13,Medium,1.18
LANE-003465,China,P10,Rail,2025-11,8,Low,0.89
LANE-005957,Brazil,P6,Rail,2026-05,12,Medium,0.92
LANE-005700,Brazil,P3,Rail,2025-02,8,High,1.19
LANE-010382,Vietnam,P1,Ocean,2026-08,30,Low,0.81
LANE-007870,South Korea,P5,Air,2026-04,2,Medium,2.71
LANE-006167,Brazil,P9,Truck,2025-07,4,Medium,0.9
LANE-003980,India,P5,Ocean,2026-08,26,High,0.58
LANE-008589,Italy,P2,Rail,2025-09,11,Low,0.84
LANE-001354,Mexico,P7,Truck,2025-12,5,High,1.44
LANE-014721,Czech Republic,P9,Truck,2025-03,5,Medium,1.07
LANE-006014,Brazil,P7,Truck,2025-08,1,Low,1.43
LANE-011514,Canada,P4,Ocean,2025-08,33,Low,0.54
LANE-004253,India,P9,Truck,2025-07,2,Low,1.24
LANE-006626,Japan,P2,Ocean,2025-04,30,Low,0.56
LANE-006924,Japan,P6,Truck,2026-04,4,Low,1.37
LANE-003891,India,P4,Rail,2026-07,13,Low,0.8
LANE-014555,Czech Republic,P7,Truck,2026-01,4,Low,1.19
LANE-004107,India,P7,Truck,2026-03,5,Low,1.11
LANE-015189,Thailand,P3,Truck,2025-09,5,Low,1.34
LANE-005431,Poland,P12,Truck,2026-07,5,Low,1.49
LANE-007965,South Korea,P7,Truck,2025-01,7,Low,1.31
LANE-016946,United Kingdom,P12,Ocean,2025-06,26,Low,0.49
LANE-007678,South Korea,P3,Rail,2026-10,10,Medium,0.99
LANE-012864,France,P9,Truck,2026-04,5,Low,1.6
LANE-007114,Japan,P8,Rail,2025-08,12,Low,0.66
LANE-005959,Brazil,P6,Rail,2026-07,14,Medium,
LANE-009565,Turkey,P3,Truck,2026-05,4,Medium,0.89
LANE-005514,Brazil,P1,Truck,2026-02,4,Low,0.95
LANE-009349,Italy,P12,Rail,2026-09,13,Low,0.65
LANE-008366,South Korea,P11,Air,2025-06,3,Medium,3.66
LANE-004844,Poland,P4,Ocean,2025-04,28,Medium,0.79
LANE-002956,China,P4,Truck,2025-08,5,Low,1.29
LANE-005330,Poland,P11,Truck,2025-06,5,Low,0.96
LANE-004704,Poland,P2,Air,2026-06,2,Low,2.78
LANE-007137,Japan,P8,Ocean,2025-09,36,Low,0.47
LANE-009363,Italy,P12,Ocean,2026-01,22,Low,0.76
LANE-000703,United States,P10,Truck,2026-09,5,Low,1.3
LANE-009114,Italy,P9,Truck,2025-06,4,Low,1.58
LANE-007025,Japan,P7,Rail,2025-07,8,Low,0.66
LANE-004978,Poland,P6,Truck,2025-06,5,Low,1.5
LANE-005441,Poland,P12,Rail,2025-07,9,Low,0.76
LANE-012584,France,P5,Rail,2026-10,13,Medium,1.02
LANE-013025,France,P11,Rail,2025-01,11,Medium,1.24
LANE-001622,Mexico,P10,Rail,2026-04,11,Medium,1.03
LANE-002334,Germany,P8,Rail,2025-02,13,Low,0.77
LANE-007966,South Korea,P7,Truck,2025-02,6,Low,1.42
LANE-005899,Brazil,P5,Air,2025-03,2,Low,2.71
LANE-002229,Germany,P6,Ocean,2025-07,28,High,0.78
LANE-000704,United States,P10,Truck,2026-10,5,Low,0.94
LANE-004629,Poland,P2,Truck,2025-09,5,Low,1.27
LANE-007347,Japan,P11,Truck,2026-09,4,Low,1.09
LANE-005590,Brazil,P2,Truck,2025-02,4,Low,1.0
LANE-014449,Czech Republic,P5,Ocean,2026-05,26,High,0.49
LANE-003245,China,P7,Rail,2025-11,8,Medium,0.94
LANE-005638,Brazil,P2,Ocean,2025-06,23,Low,0.69
LANE-008718,Italy,P4,Truck,2025-06,4,Medium,1.24
LANE-000959,Mexico,P2,Truck,2026-01,4,High,1.13
LANE-005180,Poland,P8,Ocean,2025-10,27,Low,0.82
LANE-000603,United States,P9,Truck,2025-09,5,Low,0.87
LANE-004543,India,P12,Air,2025-11,3,Medium,3.98
LANE-013875,Spain,P10,Truck,2026-03,4,High,0.95
LANE-002827,China,P2,Ocean,2025-11,26,Low,0.71
LANE-001015,Mexico,P2,Air,2025-03,2,Low,3.56
LANE-001194,Mexico,P5,Rail,2025-06,12,Medium,1.03
LANE-008332,South Korea,P11,Rail,2026-04,11,Medium,0.97
LANE-012227,Canada,P12,Air,2026-05,2,Medium,3.72
LANE-002737,China,P1,Rail,2025-09,10,Medium,0.91
LANE-006334,Brazil,P10,Air,2026-08,3,Low,2.88
LANE-009000,Italy,P7,Ocean,2025-02,28,Medium,0.78
LANE-008590,Italy,P2,Rail,2025-10,9,Low,1.22
LANE-011888,Canada,P9,Truck,2025-08,5,Low,1.09
LANE-006709,Japan,P3,Ocean,2026-09,29,Medium,0.57
LANE-001905,Germany,P1,Air,2026-01,3,High,2.55
LANE-012316,France,P1,Air,2026-06,3,Medium,4.15
LANE-014403,Czech Republic,P5,Truck,2026-03,4,Low,0.84
LANE-010659,Vietnam,P5,Rail,2025-11,13,Low,1.17
LANE-001435,Mexico,P8,Rail,2025-05,13,Low,1.07
LANE-008677,Italy,P3,Ocean,2025-09,31,High,0.81
LANE-005738,Brazil,P3,Ocean,2026-06,27,Medium,0.56
LANE-009145,Italy,P9,Rail,2026-03,13,High,1.26
LANE-004692,Poland,P2,Air,2025-06,3,Low,4.13
LANE-003604,China,P12,Rail,2026-06,10,Medium,0.89
LANE-014547,Czech Republic,P7,Truck,2025-05,3,Low,0.92
LANE-008169,South Korea,P9,Ocean,2025-07,26,Medium,0.66
LANE-008069,South Korea,P8,Rail,2026-05,8,High,0.87
LANE-000468,United States,P7,Rail,2025-06,12,Medium,0.89
LANE-009001,Italy,P7,Ocean,2025-03,31,Medium,0.66
LANE-005657,Brazil,P2,Air,2025-03,3,Low,3.07
LANE-013089,France,P12,Truck,2026-09,5,Medium,1.0
LANE-001610,Mexico,P10,Rail,2025-04,11,Medium,1.15
LANE-013630,Spain,P7,Truck,2025-12,5,Medium,1.02
LANE-016094,United Kingdom,P2,Truck,2025-12,5,Low,1.6
LANE-016107,United Kingdom,P2,Rail,2025-03,13,High,0.99
LANE-013442,Spain,P4,Ocean,2026-10,29,Low,0.82
LANE-000654,United States,P9,Ocean,2026-04,26,Medium,0.62
LANE-012683,France,P7,Truck,2025-11,4,Medium,1.02
LANE-005695,Brazil,P3,Truck,2026-07,4,Low,0.91
LANE-007726,South Korea,P4,Rail,2025-04,11,Low,0.74
LANE-009867,Turkey,P6,Air,2025-11,2,Low,4.0
LANE-014076,Spain,P12,Air,2026-06,2,Medium,4.0
LANE-002564,Germany,P11,Rail,2025-12,11,High,1.21
LANE-015863,Thailand,P11,Ocean,2025-01,16,High,0.74
LANE-005127,Poland,P8,Truck,2025-01,5,High,0.91
LANE-002211,Germany,P6,Rail,2025-11,13,Low,0.71
LANE-006486,Brazil,P12,Air,2026-06,2,Low,2.33
LANE-002528,Germany,P10,Ocean,2026-08,23,Low,0.5
LANE-008149,South Korea,P9,Rail,2025-09,11,High,0.84
LANE-002310,Germany,P7,Ocean,2026-10,32,Medium,0.53
LANE-006178,Brazil,P9,Truck,2026-06,4,Medium,1.27
LANE-002042,Germany,P3,Ocean,2026-06,31,Medium,0.84
LANE-012999,France,P10,Ocean,2026-07,23,Low,0.51
LANE-014314,Czech Republic,P3,Ocean,2026-02,22,Medium,0.7
LANE-003061,China,P5,Rail,2025-03,11,Low,0.7
LANE-005982,Brazil,P6,Ocean,2026-08,25,Low,0.7
LANE-008132,South Korea,P9,Truck,2026-02,4,Medium,0.96
LANE-006966,Japan,P6,Ocean,2026-02,30,Low,0.76
LANE-005601,Brazil,P2,Truck,2026-01,4,Low,1.58
LANE-016432,United Kingdom,P6,Truck,2026-08,3,High,1.56
LANE-011987,Canada,P10,Truck,2026-07,4,Medium,1.03
LANE-013672,Spain,P7,Ocean,2025-10,29,High,0.66
LANE-008433,South Korea,P12,Ocean,2025-07,27,Low,0.88
LANE-001899,Germany,P1,Air,2025-07,3,High,2.62
LANE-012278,France,P1,Ocean,2025-02,28,Medium,0.69
LANE-010094,Turkey,P10,Truck,2026-06,3,Medium,1.19
LANE-013214,Spain,P2,Truck,2026-02,5,Low,0.84
LANE-006844,Japan,P5,Rail,2025-02,13,Low,0.83
LANE-013728,Spain,P8,Rail,2026-10,9,Low,0.98
LANE-001877,Germany,P1,Ocean,2025-07,21,Low,0.69
LANE-003521,China,P11,Rail,2025-01,9,Medium,0.81
LANE-010647,Vietnam,P5,Truck,2026-09,5,Low,0.92
LANE-010836,Vietnam,P7,Rail,2025-12,13,Low,0.76
LANE-006649,Japan,P3,Truck,2025-05,4,Low,1.15
LANE-012027,Canada,P10,Ocean,2026-03,32,Medium,0.77
LANE-007007,Japan,P7,Truck,2025-11,5,Medium,1.19
LANE-001208,Mexico,P5,Rail,2026-08,12,Medium,0.69
LANE-009778,Turkey,P5,Air,2025-10,3,High,2.86
LANE-007242,Japan,P10,Truck,2025-04,4,High,0.81
LANE-008834,Italy,P5,Ocean,2025-12,32,High,0.68
LANE-014095,Czech Republic,P1,Truck,2026-03,4,Low,0.99
LANE-012239,France,P1,Truck,2025-07,3,Medium,1.09
LANE-006120,Brazil,P8,Ocean,2025-04,29,Low,
LANE-003196,China,P6,Air,2025-06,2,Medium,3.01
LANE-001347,Mexico,P7,Truck,2025-05,5,High,1.03
LANE-012202,Canada,P12,Ocean,2026-02,28,Medium,0.84
LANE-007615,South Korea,P2,Air,2025-03,3,Medium,3.43
LANE-003285,China,P7,Air,2025-07,3,Low,4.13
LANE-006283,Brazil,P10,Rail,2026-01,11,Low,0.9
LANE-004512,India,P12,Ocean,2025-02,31,Low,0.87
LANE-012764,France,P8,Truck,2025-04,5,Medium,1.29
LANE-014273,Czech Republic,P3,Truck,2026-05,3,Medium,1.5
LANE-009486,Turkey,P2,Rail,2025-04,14,Medium,0.8
LANE-000680,United States,P9,Air,2026-08,2,Low,2.64
LANE-005151,Poland,P8,Rail,2025-03,10,Low,1.17
LANE-001795,Mexico,P12,Rail,2026-01,13,High,1.12
LANE-012752,France,P7,Air,2026-02,3,High,2.91
LANE-002839,China,P2,Air,2025-01,3,Low,2.46
LANE-011238,Vietnam,P12,Ocean,2026-06,26,Low,0.82
LANE-009873,Turkey,P6,Air,2026-05,2,Low,2.14
LANE-015002,Czech Republic,P12,Rail,2026-08,12,Medium,0.95
LANE-001976,Germany,P2,Ocean,2026-06,29,Low,0.67
LANE-009347,Italy,P12,Rail,2026-07,10,Low,0.87
LANE-011887,Canada,P9,Truck,2025-07,5,Low,0.83
LANE-012373,France,P2,Ocean,2025-09,21,Medium,0.66
LANE-001673,Mexico,P11,Truck,2025-01,4,Low,1.44
LANE-007700,South Korea,P3,Ocean,2026-10,26,High,0.57
LANE-003982,India,P5,Ocean,2026-10,17,High,0.66
LANE-009924,Turkey,P7,Ocean,2025-02,23,Low,0.76
LANE-015150,Thailand,P2,Rail,2026-02,13,Low,0.74
LANE-002487,Germany,P10,Rail,2025-01,13,Medium,1.17
LANE-010430,Vietnam,P2,Rail,2025-02,14,High,0.98
LANE-014429,Czech Republic,P5,Rail,2026-07,13,Low,
LANE-001040,Mexico,P3,Truck,2025-06,4,Low,0.97
LANE-012656,France,P6,Ocean,2025-06,29,Medium,0.67
LANE-001073,Mexico,P3,Rail,2026-05,14,Low,1.07
LANE-008970,Italy,P7,Truck,2026-04,4,High,0.93
LANE-004319,India,P10,Truck,2025-07,5,Medium,1.35
LANE-002577,Germany,P11,Ocean,2025-03,30,Low,0.8
LANE-012220,Canada,P12,Air,2025-10,3,Medium,2.74
LANE-009916,Turkey,P7,Rail,2026-04,11,Low,0.78
LANE-004348,India,P10,Rail,2026-02,11,Low,0.94
LANE-011186,Vietnam,P12,Truck,2025-10,5,Low,0.95
LANE-015850,Thailand,P11,Rail,2025-10,15,Low,1.08
LANE-006447,Brazil,P12,Ocean,2025-01,25,Low,0.74
LANE-000517,United States,P7,Air,2025-11,2,Medium,
LANE-002698,Germany,P12,Air,2026-02,3,Low,2.58
LANE-008067,South Korea,P8,Rail,2026-03,11,High,0.7
LANE-007420,Japan,P12,Rail,2025-06,10,Medium,1.02
LANE-016278,United Kingdom,P4,Rail,2026-08,14,Low,0.83
LANE-011480,Canada,P4,Truck,2026-06,4,Low,1.23
LANE-004291,India,P9,Air,2025-01,1,Medium,2.82
LANE-011980,Canada,P10,Truck,2025-12,5,Medium,0.96
LANE-006312,Brazil,P10,Ocean,2026-08,29,Medium,0.78
LANE-003073,China,P5,Rail,2026-03,11,Low,0.68
LANE-013226,Spain,P2,Rail,2025-04,10,Medium,0.67
LANE-010423,Vietnam,P2,Truck,2026-05,5,Low,0.98
LANE-011518,Canada,P4,Ocean,2025-12,22,Low,0.88
LANE-003129,China,P6,Truck,2025-05,3,Low,0.92
LANE-008359,South Korea,P11,Ocean,2026-09,26,Low,0.86
LANE-010538,Vietnam,P3,Ocean,2026-10,22,Low,0.85
LANE-012407,France,P3,Truck,2026-09,4,Medium,1.38
LANE-002010,Germany,P3,Rail,2025-08,9,Low,
LANE-009019,Italy,P7,Ocean,2026-09,26,Medium,0.77
LANE-015870,Thailand,P11,Ocean,2025-08,27,High,0.64
LANE-011163,Vietnam,P11,Air,2025-09,2,Medium,
LANE-015982,Thailand,P12,Air,2025-10,2,Low,3.84
LANE-013486,Spain,P5,Truck,2026-10,5,Low,
LANE-004523,India,P12,Ocean,2026-01,31,Low,0.47
LANE-015238,Thailand,P3,Ocean,2026-02,30,Low,0.83
LANE-011742,Canada,P7,Truck,2026-04,4,Low,
LANE-010255,Turkey,P12,Truck,2025-03,4,Low,0.97
LANE-013356,Spain,P3,Air,2025-02,3,High,3.53
LANE-009567,Turkey,P3,Truck,2026-07,5,Medium,1.22
LANE-005533,Brazil,P1,Rail,2025-11,14,Medium,1.11
LANE-016517,United Kingdom,P7,Rail,2026-05,15,Medium,0.91
LANE-016417,United Kingdom,P6,Truck,2025-05,5,High,1.53
LANE-010884,Vietnam,P8,Truck,2026-04,4,Medium,0.88
LANE-008899,Italy,P6,Rail,2025-11,12,Low,1.22
LANE-005379,Poland,P11,Ocean,2025-11,28,Medium,0.59
LANE-014283,Czech Republic,P3,Rail,2025-05,10,Medium,0.67
LANE-014893,Czech Republic,P10,Air,2026-09,2,Low,4.09
LANE-003617,China,P12,Ocean,2025-09,24,Medium,0.6
LANE-008213,South Korea,P10,Truck,2025-07,4,Medium,1.07
LANE-011114,Vietnam,P11,Rail,2025-04,13,Low,0.9
LANE-002404,Germany,P9,Truck,2025-06,6,Medium,1.26
LANE-014261,Czech Republic,P3,Truck,2025-05,6,Medium,1.28
LANE-009426,Turkey,P1,Ocean,2025-10,22,Low,0.52
LANE-011169,Vietnam,P11,Air,2026-03,3,Medium,2.71
LANE-009040,Italy,P7,Air,2026-08,3,Medium,2.32
LANE-014901,Czech Republic,P11,Truck,2025-07,5,Medium,0.93
LANE-015999,United Kingdom,P1,Truck,2025-05,5,Low,0.88
LANE-014701,Czech Republic,P8,Air,2025-05,3,Medium,2.39
LANE-003848,India,P3,Ocean,2026-08,27,Low,0.46
LANE-008295,South Korea,P11,Truck,2025-01,4,Low,1.16
LANE-010882,Vietnam,P8,Truck,2026-02,4,Medium,0.89
LANE-004604,Poland,P1,Ocean,2025-06,23,Medium,0.66
LANE-003379,China,P9,Truck,2026-01,4,Low,1.07
LANE-013210,Spain,P2,Truck,2025-10,4,Low,1.49
LANE-001751,Mexico,P11,Air,2026-01,2,Low,3.26
LANE-009921,Turkey,P7,Rail,2026-09,10,Low,1.14
LANE-001164,Mexico,P4,Ocean,2026-08,25,Low,0.46
LANE-013395,Spain,P4,Truck,2026-07,5,Low,1.1
LANE-015344,Thailand,P5,Truck,2025-10,4,Low,1.14
LANE-006016,Brazil,P7,Truck,2025-10,2,Low,1.2
LANE-007858,South Korea,P5,Air,2025-04,2,Medium,2.16
LANE-000026,United States,P1,Rail,2025-04,8,Low,0.95
LANE-016333,United Kingdom,P5,Truck,2025-09,5,Low,1.01
LANE-007908,South Korea,P6,Rail,2025-10,13,Low,0.74
LANE-007281,Japan,P10,Rail,2026-09,11,Medium,1.23
LANE-006153,Brazil,P8,Air,2026-03,3,High,2.27
LANE-012530,France,P4,Air,2025-12,1,High,3.09
LANE-011027,Vietnam,P10,Rail,2025-05,12,Medium,1.04
LANE-013354,Spain,P3,Ocean,2026-10,25,Low,0.5
LANE-004652,Poland,P2,Rail,2025-10,12,Low,1.01
LANE-013573,Spain,P6,Rail,2026-09,14,Low,1.24
LANE-015638,Thailand,P8,Ocean,2026-06,22,Low,0.65
LANE-009789,Turkey,P5,Air,2026-09,4,High,3.36
LANE-006477,Brazil,P12,Air,2025-09,2,Low,3.03
LANE-002451,Germany,P9,Ocean,2025-09,27,Low,0.61
LANE-010824,Vietnam,P7,Truck,2026-10,6,Low,1.33
LANE-004661,Poland,P2,Rail,2026-07,12,Low,1.14
LANE-013562,Spain,P6,Rail,2025-10,14,Low,0.84
LANE-016122,United Kingdom,P2,Rail,2026-06,11,High,1.27
LANE-014817,Czech Republic,P10,Truck,2025-11,3,Low,1.46
LANE-009698,Turkey,P4,Ocean,2026-06,32,Medium,0.84
LANE-004315,India,P10,Truck,2025-03,4,Medium,1.13
LANE-013976,Spain,P11,Ocean,2025-06,27,Low,0.85
LANE-010205,Turkey,P11,Rail,2026-07,14,Low,1.05
LANE-011577,Canada,P5,Rail,2025-05,10,Low,0.81
LANE-002637,Germany,P12,Truck,2026-07,6,High,1.28
LANE-006660,Japan,P3,Truck,2026-04,4,Low,1.01
LANE-004023,India,P6,Truck,2026-07,5,Low,1.47
LANE-010649,Vietnam,P5,Rail,2025-01,12,Low,0.99
LANE-002589,Germany,P11,Ocean,2026-03,22,Low,0.83
LANE-007940,South Korea,P6,Ocean,2026-08,27,Medium,0.63
LANE-014594,Czech Republic,P7,Ocean,2025-08,34,Medium,0.59
LANE-013862,Spain,P10,Truck,2025-02,5,High,1.23
LANE-013165,Spain,P1,Rail,2025-09,11,Medium,0.89
LANE-003147,China,P6,Rail,2025-01,10,Medium,0.69
LANE-011285,Canada,P1,Rail,2026-09,9,Medium,0.69
LANE-007651,South Korea,P3,Truck,2026-05,5,Low,1.52
LANE-008399,South Korea,P12,Truck,2026-05,2,Low,1.37
LANE-006530,Japan,P1,Rail,2026-06,9,Low,1.13
LANE-000050,United States,P2,Truck,2025-06,2,Low,0.9
LANE-001481,Mexico,P8,Air,2025-07,2,Low,4.13
LANE-014862,Czech Republic,P10,Ocean,2025-12,32,Medium,0.48
LANE-004414,India,P11,Truck,2026-02,5,High,0.97
LANE-007303,Japan,P10,Ocean,2026-09,26,Low,0.61
LANE-016701,United Kingdom,P9,Ocean,2025-03,19,High,0.69
LANE-004852,Poland,P4,Ocean,2025-12,23,Medium,0.82
LANE-001161,Mexico,P4,Ocean,2026-05,26,Low,0.63
LANE-000566,United States,P8,Rail,2026-04,11,Low,1.0
LANE-003913,India,P4,Ocean,2026-07,23,Low,0.62
LANE-012134,Canada,P11,Air,2025-12,2,Low,3.09
LANE-015895,Thailand,P11,Air,2025-11,2,Medium,3.38
LANE-010701,Vietnam,P5,Air,2025-09,2,Medium,4.01
LANE-010546,Vietnam,P4,Truck,2025-08,5,Medium,1.42
LANE-002459,Germany,P9,Ocean,2026-05,23,Low,0.54
LANE-002873,China,P3,Truck,2026-01,5,High,1.05
LANE-014019,Spain,P12,Rail,2025-05,11,Low,0.97
LANE-016441,United Kingdom,P6,Rail,2025-07,14,Low,1.22
LANE-002225,Germany,P6,Ocean,2025-03,20,High,
LANE-002466,Germany,P10,Truck,2025-02,5,Medium,1.39
LANE-009346,Italy,P12,Rail,2026-06,8,Low,1.13
LANE-010261,Turkey,P12,Truck,2025-09,2,Low,1.31
LANE-010591,Vietnam,P4,Ocean,2025-09,34,Low,0.84
LANE-000592,United States,P8,Ocean,2026-08,32,Medium,0.58
LANE-006528,Japan,P1,Rail,2026-04,11,Low,1.08
LANE-008831,Italy,P5,Ocean,2025-09,21,High,0.45
LANE-009864,Turkey,P6,Air,2025-08,2,Low,3.71
LANE-014671,Czech Republic,P8,Rail,2026-07,11,Medium,0.69
LANE-007996,South Korea,P7,Rail,2025-10,12,Low,0.86
LANE-015674,Thailand,P9,Truck,2025-10,4,Low,1.07
LANE-016750,United Kingdom,P10,Truck,2025-08,5,Low,1.21
LANE-013856,Spain,P9,Air,2026-06,2,Low,3.62
LANE-014865,Czech Republic,P10,Ocean,2026-03,24,Medium,0.7
LANE-001153,Mexico,P4,Ocean,2025-09,26,Low,0.65
LANE-007923,South Korea,P6,Ocean,2025-03,25,Medium,0.71
LANE-011269,Canada,P1,Rail,2025-05,14,Medium,0.74
LANE-008318,South Korea,P11,Rail,2025-02,12,Medium,0.77
LANE-013785,Spain,P9,Truck,2026-01,4,Low,1.19
LANE-008214,South Korea,P10,Truck,2025-08,6,Medium,1.45
LANE-015286,Thailand,P4,Rail,2026-06,7,Low,
LANE-007813,South Korea,P5,Rail,2025-03,11,Low,0.69
LANE-016365,United Kingdom,P5,Rail,2026-07,10,Medium,
LANE-005166,Poland,P8,Rail,2026-06,12,Low,0.99
LANE-008694,Italy,P3,Air,2025-04,2,High,3.33
LANE-009960,Turkey,P8,Truck,2026-04,5,Low,1.23
LANE-009728,Turkey,P5,Rail,2025-04,10,Medium,1.26
LANE-015576,Thailand,P7,Air,2026-10,2,Low,2.86
LANE-014065,Spain,P12,Air,2025-07,2,Medium,
LANE-013090,France,P12,Truck,2026-10,3,Medium,1.0
LANE-008150,South Korea,P9,Rail,2025-10,11,High,0.74
LANE-015550,Thailand,P7,Ocean,2026-06,35,Low,0.64
LANE-012562,France,P5,Truck,2026-10,5,Medium,1.02
LANE-016036,United Kingdom,P1,Rail,2026-08,11,High,1.18
LANE-007967,South Korea,P7,Truck,2025-03,3,Low,1.31
LANE-008738,Italy,P4,Rail,2025-04,11,Low,1.01
LANE-004926,Poland,P5,Rail,2026-08,12,Medium,1.18
LANE-002533,Germany,P11,Truck,2025-03,4,High,1.02
LANE-007175,Japan,P9,Truck,2025-03,4,High,1.24
LANE-000684,United States,P10,Truck,2025-02,4,Low,0.88
LANE-006204,Brazil,P9,Rail,2026-10,10,Medium,1.16
LANE-012089,Canada,P11,Rail,2025-11,9,Low,1.25
LANE-012844,France,P8,Air,2026-06,2,Low,
LANE-000910,Mexico,P1,Rail,2025-08,8,Medium,0.76
LANE-003565,China,P12,Truck,2025-01,6,High,1.54
LANE-016912,United Kingdom,P12,Truck,2026-04,4,High,1.29
LANE-004505,India,P12,Rail,2026-05,12,Medium,0.94
LANE-008090,South Korea,P8,Ocean,2026-04,32,Low,0.76
LANE-011411,Canada,P3,Truck,2026-03,2,Low,0.99
LANE-012983,France,P10,Ocean,2025-03,26,Low,0.5
LANE-005729,Brazil,P3,Ocean,2025-09,24,Medium,0.45
LANE-001351,Mexico,P7,Truck,2025-09,4,High,
LANE-014012,Spain,P12,Truck,2026-08,5,High,
LANE-008201,South Korea,P9,Air,2026-05,2,Low,3.4
LANE-013092,France,P12,Rail,2025-02,10,Low,
LANE-001864,Germany,P1,Rail,2026-04,11,Low,1.15
LANE-008353,South Korea,P11,Ocean,2026-03,28,Low,0.62
LANE-013640,Spain,P7,Truck,2026-10,5,Medium,0.91
LANE-010706,Vietnam,P5,Air,2026-02,3,Medium,2.13
LANE-009045,Italy,P8,Truck,2025-03,4,Low,1.33
LANE-008047,South Korea,P8,Truck,2026-05,4,High,1.07
LANE-005244,Poland,P9,Rail,2025-08,8,Low,
LANE-007973,South Korea,P7,Truck,2025-09,5,Low,1.21
LANE-012270,France,P1,Rail,2026-04,9,Low,0.65
LANE-002490,Germany,P10,Rail,2025-04,11,Medium,1.07
LANE-009654,Turkey,P4,Truck,2026-06,5,Low,1.24
LANE-004768,Poland,P3,Ocean,2026-04,31,Medium,0.6
LANE-003237,China,P7,Rail,2025-03,12,Medium,1.19
LANE-003334,China,P8,Rail,2025-12,9,High,0.85
LANE-016769,United Kingdom,P10,Rail,2025-05,10,Medium,1.21
LANE-011509,Canada,P4,Ocean,2025-03,25,Low,0.61
LANE-004986,Poland,P6,Truck,2026-02,5,Low,0.86
LANE-005427,Poland,P12,Truck,2026-03,5,Low,1.09
LANE-011994,Canada,P10,Rail,2025-04,12,Low,1.0
LANE-010352,Vietnam,P1,Rail,2025-12,11,Low,1.23
LANE-012364,France,P2,Rail,2026-10,10,Low,1.11
LANE-004122,India,P7,Rail,2025-08,10,High,0.88
LANE-012921,France,P9,Air,2025-07,2,Medium,3.05
LANE-004544,India,P12,Air,2025-12,3,Medium,2.25
LANE-009230,Italy,P10,Ocean,2025-12,31,Low,0.48
LANE-000429,United States,P6,Air,2025-11,3,Low,4.01
LANE-014907,Czech Republic,P11,Truck,2026-01,3,Medium,0.94
LANE-005199,Poland,P8,Air,2025-07,3,Medium,3.48
LANE-007587,South Korea,P2,Rail,2026-07,11,Low,0.76
LANE-014891,Czech Republic,P10,Air,2026-07,2,Low,3.27
LANE-010018,Turkey,P9,Truck,2025-08,3,High,0.89
LANE-000921,Mexico,P1,Rail,2026-07,15,Medium,0.97
LANE-006404,Brazil,P12,Truck,2025-02,5,Medium,1.01
LANE-014466,Czech Republic,P5,Air,2025-12,2,Low,3.58
LANE-009590,Turkey,P3,Rail,2026-08,13,Low,0.79
LANE-004526,India,P12,Ocean,2026-04,21,Low,0.76
LANE-012421,France,P3,Rail,2026-01,13,High,1.17
LANE-013066,France,P11,Ocean,2026-08,33,Medium,0.72
LANE-013919,Spain,P10,Ocean,2026-03,29,Low,0.5
LANE-012173,Canada,P12,Rail,2025-07,13,Low,1.15
LANE-012914,France,P9,Ocean,2026-10,22,Low,0.82
LANE-007449,Japan,P12,Ocean,2026-01,31,Low,0.47
LANE-001313,Mexico,P6,Ocean,2026-03,25,Low,0.6
LANE-008258,South Korea,P10,Ocean,2025-08,24,Low,0.8
LANE-008912,Italy,P6,Ocean,2025-02,31,Low,0.87
LANE-016754,United Kingdom,P10,Truck,2025-12,4,Low,1.09
LANE-002330,Germany,P8,Truck,2026-08,5,Medium,1.41
LANE-000183,United States,P3,Air,2025-07,2,Low,2.44
LANE-002948,China,P3,Air,2026-10,2,High,3.63
LANE-005457,Poland,P12,Ocean,2025-01,37,Low,0.53
LANE-004205,India,P8,Rail,2025-03,15,Medium,0.97
LANE-013171,Spain,P1,Rail,2026-03,17,Medium,1.23
LANE-012706,France,P7,Rail,2025-12,12,Low,0.81
LANE-012465,France,P3,Air,2026-01,2,Medium,3.27
LANE-011563,Canada,P5,Truck,2026-01,4,High,1.22
LANE-013829,Spain,P9,Ocean,2026-01,30,Medium,
LANE-016131,United Kingdom,P2,Ocean,2025-05,27,Low,0.49
LANE-004188,India,P8,Truck,2025-08,5,Low,0.95
LANE-008053,South Korea,P8,Rail,2025-01,9,High,0.81
LANE-005350,Poland,P11,Rail,2025-04,16,High,1.18
LANE-012635,France,P6,Rail,2025-07,12,Low,0.69
LANE-008584,Italy,P2,Rail,2025-04,12,Low,
LANE-000894,Mexico,P1,Truck,2026-02,5,Medium,1.31
LANE-002208,Germany,P6,Rail,2025-08,10,Low,1.19
LANE-004392,India,P10,Air,2026-02,2,Medium,2.63
LANE-013445,Spain,P4,Air,2025-03,3,Low,2.54
LANE-002819,China,P2,Ocean,2025-03,32,Low,0.46
LANE-005770,Brazil,P4,Truck,2025-06,5,High,0.92
LANE-014174,Czech Republic,P2,Truck,2025-06,3,Low,1.0
LANE-009800,Turkey,P6,Truck,2025-10,3,Medium,1.26
LANE-000055,United States,P2,Truck,2025-11,2,Low,1.44
LANE-001633,Mexico,P10,Ocean,2025-05,35,Low,0.79
LANE-010424,Vietnam,P2,Truck,2026-06,4,Low,1.15
LANE-006311,Brazil,P10,Ocean,2026-07,30,Medium,0.68
LANE-014711,Czech Republic,P8,Air,2026-03,2,Medium,3.16
LANE-016590,United Kingdom,P8,Rail,2025-02,12,Medium,0.92
LANE-000288,United States,P5,Truck,2025-02,4,High,1.34
LANE-005801,Brazil,P4,Rail,2026-03,14,Low,0.72
LANE-005207,Poland,P8,Air,2026-03,2,Medium,3.43
LANE-007492,South Korea,P1,Truck,2025-12,3,Medium,1.41
LANE-001929,Germany,P2,Truck,2026-03,5,Low,0.81
LANE-011021,Vietnam,P10,Truck,2026-09,4,Medium,1.34
LANE-011060,Vietnam,P10,Ocean,2026-04,32,Medium,0.63
LANE-012024,Canada,P10,Ocean,2025-12,34,Medium,0.66
LANE-008791,Italy,P5,Truck,2026-01,6,Low,0.96
LANE-016281,United Kingdom,P4,Ocean,2025-01,26,Low,0.81
LANE-016054,United Kingdom,P1,Ocean,2026-04,25,Low,0.76
LANE-016012,United Kingdom,P1,Truck,2026-06,5,Low,1.09
LANE-006405,Brazil,P12,Truck,2025-03,3,Medium,1.53
LANE-013411,Spain,P4,Rail,2026-01,13,Low,0.71
LANE-011988,Canada,P10,Truck,2026-08,5,Medium,1.54
LANE-015311,Thailand,P4,Ocean,2026-09,29,Low,0.46
LANE-010201,Turkey,P11,Rail,2026-03,10,Low,1.19
LANE-000314,United States,P5,Rail,2025-06,11,Low,0.78
LANE-007899,South Korea,P6,Rail,2025-01,15,Low,0.7
LANE-016818,United Kingdom,P10,Air,2025-10,3,Low,2.29
LANE-015496,Thailand,P7,Truck,2025-08,5,Low,0.89
LANE-003978,India,P5,Ocean,2026-06,36,High,0.87
LANE-014976,Czech Republic,P12,Truck,2026-04,4,Low,1.25
LANE-010393,Vietnam,P1,Air,2025-09,3,Medium,4.11
LANE-003712,India,P1,Air,2026-04,2,Low,3.42
LANE-002342,Germany,P8,Rail,2025-10,9,Low,0.99
LANE-001664,Mexico,P10,Air,2026-02,3,Low,2.58
LANE-013988,Spain,P11,Ocean,2026-06,26,Low,0.65
LANE-015527,Thailand,P7,Rail,2026-05,13,Low,0.68
LANE-006598,Japan,P2,Truck,2026-08,5,Medium,0.96
LANE-012708,France,P7,Rail,2026-02,12,Low,
LANE-015644,Thailand,P8,Air,2025-02,2,Low,3.58
LANE-003241,China,P7,Rail,2025-07,14,Medium,1.24
LANE-016786,United Kingdom,P10,Rail,2026-10,11,Medium,0.77
LANE-012757,France,P7,Air,2026-07,2,High,
LANE-009150,Italy,P9,Rail,2026-08,11,High,1.13
LANE-004298,India,P9,Air,2025-08,1,Medium,2.97
LANE-011659,Canada,P6,Truck,2026-09,4,Low,1.12
LANE-016049,United Kingdom,P1,Ocean,2025-11,33,Low,0.69
LANE-009136,Italy,P9,Rail,2025-06,10,High,0.84
LANE-008236,South Korea,P10,Rail,2025-08,9,Low,0.68
LANE-000268,United States,P4,Air,2025-04,3,Low,2.41
LANE-015833,Thailand,P11,Truck,2026-03,4,High,0.9
LANE-010734,Vietnam,P6,Truck,2026-08,5,Low,1.01
LANE-013243,Spain,P2,Rail,2026-09,10,Medium,0.86
LANE-007514,South Korea,P1,Rail,2025-12,12,Medium,1.27
LANE-013997,Spain,P12,Truck,2025-05,6,High,0.96
LANE-011121,Vietnam,P11,Rail,2025-11,12,Low,0.85
LANE-006923,Japan,P6,Truck,2026-03,4,Low,1.39
LANE-016820,United Kingdom,P10,Air,2025-12,3,Low,3.52
LANE-005582,Brazil,P1,Air,2026-04,3,Medium,2.77
LANE-011197,Vietnam,P12,Truck,2026-09,6,Low,0.88
LANE-001281,Mexico,P6,Rail,2025-05,11,Low,1.14
LANE-014802,Czech Republic,P9,Air,2026-06,3,Medium,2.26
LANE-003500,China,P11,Truck,2025-02,4,Medium,0.8
LANE-011527,Canada,P4,Ocean,2026-09,34,Low,0.45
LANE-012760,France,P7,Air,2026-10,3,High,3.69
LANE-004261,India,P9,Truck,2026-03,2,Low,1.2
LANE-014677,Czech Republic,P8,Ocean,2025-03,24,Medium,0.59
LANE-016914,United Kingdom,P12,Truck,2026-06,4,High,1.02
LANE-001470,Mexico,P8,Ocean,2026-06,41,Low,0.44
LANE-005145,Poland,P8,Truck,2026-07,4,High,1.32
LANE-007876,South Korea,P5,Air,2026-10,3,Medium,4.04
LANE-005473,Poland,P12,Ocean,2026-05,28,Low,0.55
LANE-007106,Japan,P8,Truck,2026-10,5,High,1.38
LANE-013524,Spain,P5,Ocean,2026-04,33,Low,0.57
LANE-003871,India,P4,Truck,2026-09,5,Medium,
LANE-004187,India,P8,Truck,2025-07,4,Low,
LANE-006381,Brazil,P11,Ocean,2025-01,24,High,0.66
LANE-009013,Italy,P7,Ocean,2026-03,26,Medium,0.6
LANE-012498,France,P4,Rail,2025-02,10,Low,1.06
LANE-011164,Vietnam,P11,Air,2025-10,3,Medium,2.69
LANE-007780,South Korea,P4,Air,2026-02,2,Low,2.74
LANE-001552,Mexico,P9,Ocean,2025-12,27,Low,0.77
LANE-001107,Mexico,P4,Truck,2025-07,5,Low,1.46
LANE-007552,South Korea,P2,Truck,2025-06,5,Low,0.85
LANE-014830,Czech Republic,P10,Rail,2025-02,11,Low,0.86
LANE-016194,United Kingdom,P3,Ocean,2025-02,29,Low,0.47
LANE-008414,South Korea,P12,Rail,2025-10,11,Low,0.91
LANE-006900,Japan,P5,Air,2026-02,3,High,2.91
LANE-008759,Italy,P4,Ocean,2025-03,21,Low,0.87
LANE-002846,China,P2,Air,2025-08,2,Low,2.33
LANE-016653,United Kingdom,P8,Air,2026-09,3,Low,3.46
LANE-011586,Canada,P5,Rail,2026-02,10,Low,1.21
LANE-010874,Vietnam,P8,Truck,2025-06,5,Medium,0.89
LANE-013889,Spain,P10,Rail,2025-07,9,Low,0.85
LANE-005712,Brazil,P3,Rail,2026-02,11,High,0.65
LANE-007735,South Korea,P4,Rail,2026-01,11,Low,0.71
LANE-015767,Thailand,P10,Truck,2026-03,6,Low,1.48
LANE-001939,Germany,P2,Rail,2025-03,10,Low,1.28
LANE-014780,Czech Republic,P9,Ocean,2026-06,32,Medium,0.82
LANE-011339,Canada,P2,Rail,2025-09,12,Medium,1.13
LANE-003180,China,P6,Ocean,2025-12,38,Medium,0.66
LANE-001887,Germany,P1,Ocean,2026-05,28,Low,0.75
LANE-000955,Mexico,P2,Truck,2025-09,4,High,0.81
LANE-007663,South Korea,P3,Rail,2025-07,11,Medium,0.88
LANE-010767,Vietnam,P6,Ocean,2025-09,18,Low,0.78
LANE-008489,Italy,P1,Truck,2026-07,5,Medium,1.33
LANE-007515,South Korea,P1,Rail,2026-01,10,Medium,0.95
LANE-010664,Vietnam,P5,Rail,2026-04,12,Low,0.71
LANE-012643,France,P6,Rail,2026-03,12,Low,0.65
LANE-005407,Poland,P11,Air,2026-05,3,High,3.17
LANE-002626,Germany,P12,Truck,2025-08,4,High,1.29
LANE-013617,Spain,P6,Air,2026-09,2,Medium,3.46
LANE-008952,Italy,P6,Air,2026-08,2,Low,3.8
LANE-012968,France,P10,Rail,2025-10,10,Medium,
LANE-008581,Italy,P2,Rail,2025-01,11,Low,0.98
LANE-000333,United States,P5,Ocean,2025-03,26,Low,
LANE-014187,Czech Republic,P2,Truck,2026-07,4,Low,1.15
LANE-010572,Vietnam,P4,Rail,2025-12,13,Low,0.9
LANE-000227,United States,P4,Rail,2025-07,15,Low,1.26
LANE-010099,Turkey,P10,Rail,2025-01,13,Medium,1.19
LANE-015891,Thailand,P11,Air,2025-07,2,Medium,3.35
LANE-000885,Mexico,P1,Truck,2025-05,5,Medium,1.45
LANE-005670,Brazil,P2,Air,2026-04,3,Low,2.47
LANE-012652,France,P6,Ocean,2025-02,26,Medium,0.45
LANE-007555,South Korea,P2,Truck,2025-09,4,Low,1.37
LANE-009140,Italy,P9,Rail,2025-10,13,High,0.92
LANE-008126,South Korea,P9,Truck,2025-08,5,Medium,0.81
LANE-012788,France,P8,Rail,2025-06,11,Medium,0.96
LANE-005902,Brazil,P5,Air,2025-06,1,Low,3.96
LANE-008949,Italy,P6,Air,2026-05,2,Low,2.15
LANE-000370,United States,P6,Truck,2026-06,4,Low,0.84
LANE-014550,Czech Republic,P7,Truck,2025-08,5,Low,1.25
LANE-003306,China,P8,Truck,2025-06,2,Low,1.16
LANE-007531,South Korea,P1,Ocean,2025-07,30,Low,0.82
LANE-008983,Italy,P7,Rail,2025-07,15,High,0.68
LANE-003578,China,P12,Truck,2026-02,4,High,1.6
LANE-016348,United Kingdom,P5,Rail,2025-02,15,Medium,1.18
LANE-002345,Germany,P8,Rail,2026-01,16,Low,0.99
LANE-010758,Vietnam,P6,Rail,2026-10,9,Medium,0.85
LANE-009100,Italy,P8,Ocean,2026-02,19,Low,0.62
LANE-014602,Czech Republic,P7,Ocean,2026-04,26,Medium,0.8
LANE-005425,Poland,P12,Truck,2026-01,5,Low,0.99
LANE-000351,United States,P5,Ocean,2026-09,26,Low,0.68
LANE-006597,Japan,P2,Truck,2026-07,4,Medium,1.04
LANE-001913,Germany,P1,Air,2026-09,2,High,2.84
LANE-008984,Italy,P7,Rail,2025-08,12,High,0.79
LANE-012317,France,P1,Air,2026-07,2,Medium,
LANE-009636,Turkey,P3,Air,2026-10,3,Low,3.03
LANE-014520,Czech Republic,P6,Rail,2026-10,12,Medium,1.26
LANE-015699,Thailand,P9,Rail,2026-01,15,Low,0.93
LANE-010972,Vietnam,P9,Rail,2026-04,11,Medium,1.12
LANE-001439,Mexico,P8,Rail,2025-09,11,Low,0.9
LANE-002116,Germany,P5,Truck,2025-04,1,Low,0.85
LANE-000919,Mexico,P1,Rail,2026-05,8,Medium,1.25
LANE-003707,India,P1,Air,2025-11,2,Low,4.1
LANE-013632,Spain,P7,Truck,2026-02,4,Medium,1.04
LANE-002484,Germany,P10,Truck,2026-08,5,Medium,1.24
LANE-015029,Czech Republic,P12,Air,2025-03,3,Low,2.16
LANE-010867,Vietnam,P7,Ocean,2026-09,29,Low,0.64
LANE-010426,Vietnam,P2,Truck,2026-08,5,Low,1.34
LANE-005622,Brazil,P2,Rail,2025-12,13,Low,1.01
LANE-001198,Mexico,P5,Rail,2025-10,12,Medium,0.84
LANE-016057,United Kingdom,P1,Ocean,2026-07,34,Low,0.73
LANE-014572,Czech Republic,P7,Rail,2025-08,9,Low,1.28
LANE-014182,Czech Republic,P2,Truck,2026-02,5,Low,1.04
LANE-010480,Vietnam,P3,Truck,2025-08,5,Medium,1.49
LANE-010536,Vietnam,P3,Ocean,2026-08,26,Low,0.78
LANE-008179,South Korea,P9,Ocean,2026-05,30,Medium,0.64
LANE-000664,United States,P9,Air,2025-04,3,Low,2.75
LANE-002182,Germany,P6,Truck,2025-04,4,Low,1.22
LANE-001948,Germany,P2,Rail,2025-12,11,Low,
LANE-003929,India,P5,Truck,2026-01,5,Medium,1.26
LANE-004710,Poland,P3,Truck,2025-02,3,Low,
LANE-014329,Czech Republic,P4,Truck,2025-07,3,High,1.59
LANE-016458,United Kingdom,P6,Ocean,2025-02,31,Low,0.55
LANE-006306,Brazil,P10,Ocean,2026-02,27,Medium,0.84
LANE-011403,Canada,P3,Truck,2025-07,1,Low,0.99
LANE-015068,Thailand,P1,Truck,2026-08,3,Medium,1.11
LANE-010128,Turkey,P10,Ocean,2025-08,27,Medium,0.65
LANE-003660,India,P1,Rail,2025-08,11,Medium,0.9
LANE-001623,Mexico,P10,Rail,2026-05,11,Medium,1.27
LANE-013072,France,P12,Truck,2025-04,5,Medium,1.53
LANE-016301,United Kingdom,P4,Ocean,2026-09,29,Low,
LANE-013560,Spain,P6,Rail,2025-08,13,Low,1.01
LANE-016871,United Kingdom,P11,Rail,2026-07,15,Medium,0.67
LANE-014708,Czech Republic,P8,Air,2025-12,2,Medium,4.13
LANE-008103,South Korea,P8,Air,2025-07,1,Low,2.59
LANE-003960,India,P5,Rail,2026-10,13,Medium,0.89
LANE-004917,Poland,P5,Rail,2025-11,11,Medium,0.79
LANE-001458,Mexico,P8,Ocean,2025-06,29,Low,0.49
LANE-011880,Canada,P8,Air,2026-10,2,Low,3.55
LANE-001512,Mexico,P9,Truck,2026-04,4,Low,1.44
LANE-006176,Brazil,P9,Truck,2026-04,4,Medium,0.95
LANE-015380,Thailand,P5,Ocean,2025-02,35,Medium,0.78
LANE-008271,South Korea,P10,Ocean,2026-09,25,Low,0.54
LANE-002277,Germany,P7,Rail,2025-11,9,Low,0.78
LANE-009057,Italy,P8,Truck,2026-03,4,Low,1.42
LANE-010525,Vietnam,P3,Ocean,2025-09,24,Low,0.57
LANE-004977,Poland,P6,Truck,2025-05,5,Low,0.9
LANE-002119,Germany,P5,Truck,2025-07,1,Low,1.54
LANE-007974,South Korea,P7,Truck,2025-10,5,Low,1.42
LANE-012611,France,P6,Truck,2025-05,4,Medium,1.26
LANE-016470,United Kingdom,P6,Ocean,2026-02,28,Low,0.86
LANE-001986,Germany,P3,Truck,2025-06,4,Medium,1.33
LANE-006359,Brazil,P11,Rail,2025-01,14,Low,0.99
LANE-011628,Canada,P5,Air,2025-12,3,Low,3.96
LANE-014460,Czech Republic,P5,Air,2025-06,3,Low,
LANE-012945,France,P10,Truck,2025-09,5,Medium,1.17
LANE-009463,Turkey,P2,Truck,2025-03,5,Medium,
LANE-003080,China,P5,Rail,2026-10,15,Low,
LANE-002448,Germany,P9,Ocean,2025-06,25,Low,0.47
LANE-013133,France,P12,Ocean,2026-09,27,High,0.72
LANE-010894,Vietnam,P8,Rail,2025-04,14,Low,0.78
LANE-000647,United States,P9,Ocean,2025-09,22,Medium,0.7
LANE-013563,Spain,P6,Rail,2025-11,10,Low,1.0
LANE-009942,Turkey,P7,Ocean,2026-08,27,Low,0.75
LANE-013068,France,P11,Ocean,2026-10,35,Medium,0.44
LANE-007406,Japan,P12,Truck,2026-02,5,Medium,0.96
LANE-000674,United States,P9,Air,2026-02,3,Low,3.5
LANE-011070,Vietnam,P10,Air,2025-04,2,Low,2.52
LANE-011206,Vietnam,P12,Rail,2025-08,11,High,1.21
LANE-003889,India,P4,Rail,2026-05,12,Low,0.66
LANE-011004,Vietnam,P10,Truck,2025-04,5,Medium,0.87
LANE-009339,Italy,P12,Rail,2025-11,11,Low,1.24
LANE-008388,South Korea,P12,Truck,2025-06,4,Low,1.17
LANE-016285,United Kingdom,P4,Ocean,2025-05,26,Low,0.54
LANE-008251,South Korea,P10,Ocean,2025-01,22,Low,0.73
LANE-004627,Poland,P2,Truck,2025-07,3,Low,0.84
LANE-000341,United States,P5,Ocean,2025-11,33,Low,0.77
LANE-013884,Spain,P10,Rail,2025-02,14,Low,0.81
LANE-011152,Vietnam,P11,Ocean,2026-08,31,Low,0.77
LANE-008691,Italy,P3,Air,2025-01,2,High,2.85
LANE-002244,Germany,P6,Ocean,2026-10,21,High,0.58
LANE-000731,United States,P10,Ocean,2025-05,25,Medium,
LANE-015294,Thailand,P4,Ocean,2025-04,27,Low,
LANE-003995,India,P5,Air,2026-01,3,Low,3.88
LANE-005821,Brazil,P4,Ocean,2026-01,16,Medium,0.63
LANE-006847,Japan,P5,Rail,2025-05,11,Low,1.02
LANE-004384,India,P10,Air,2025-06,3,Medium,3.17
LANE-010545,Vietnam,P4,Truck,2025-07,4,Medium,1.05
LANE-007094,Japan,P8,Truck,2025-10,6,High,1.26
LANE-001979,Germany,P2,Ocean,2026-09,33,Low,0.57
LANE-007995,South Korea,P7,Rail,2025-09,10,Low,0.82
LANE-013881,Spain,P10,Truck,2026-09,4,High,0.82
LANE-000471,United States,P7,Rail,2025-09,14,Medium,
LANE-010360,Vietnam,P1,Rail,2026-08,12,Low,0.72
LANE-013834,Spain,P9,Ocean,2026-06,24,Medium,0.54
LANE-016892,United Kingdom,P11,Ocean,2026-06,27,Low,0.86
LANE-011524,Canada,P4,Ocean,2026-06,22,Low,0.76
LANE-011807,Canada,P8,Truck,2026-03,3,Medium,1.42
LANE-014294,Czech Republic,P3,Rail,2026-04,12,Medium,1.04
LANE-001490,Mexico,P8,Air,2026-04,1,Low,2.43
LANE-016972,United Kingdom,P12,Air,2025-10,2,Low,2.78
LANE-001334,Mexico,P6,Air,2026-02,3,Low,2.13
LANE-006544,Japan,P1,Ocean,2025-10,24,Low,0.86
LANE-008166,South Korea,P9,Ocean,2025-04,24,Medium,0.82
LANE-013766,Spain,P8,Air,2026-04,3,Low,2.52
LANE-012857,France,P9,Truck,2025-09,4,Low,1.58
LANE-003159,China,P6,Rail,2026-01,12,Medium,0.97
LANE-003078,China,P5,Rail,2026-08,8,Low,0.66
LANE-002910,China,P3,Ocean,2025-06,30,Low,0.7
LANE-005877,Brazil,P5,Ocean,2025-03,33,Low,0.86
LANE-004608,Poland,P1,Ocean,2025-10,37,Medium,0.68
LANE-009886,Turkey,P7,Truck,2025-08,4,High,1.19
LANE-000717,United States,P10,Rail,2026-01,14,Low,1.22
LANE-007732,South Korea,P4,Rail,2025-10,13,Low,1.2
LANE-011767,Canada,P7,Rail,2026-07,8,Low,
LANE-001018,Mexico,P2,Air,2025-06,3,Low,
LANE-011182,Vietnam,P12,Truck,2025-06,5,Low,1.55
LANE-011431,Canada,P3,Rail,2026-01,11,Low,1.09
LANE-007703,South Korea,P4,Truck,2025-03,4,Low,1.1
LANE-007879,South Korea,P6,Truck,2025-03,5,High,1.46
LANE-003734,India,P2,Truck,2026-04,4,Low,1.37
LANE-001559,Mexico,P9,Ocean,2026-07,29,Low,0.83
LANE-009187,Italy,P10,Truck,2026-01,5,Low,0.82
LANE-016059,United Kingdom,P1,Ocean,2026-09,28,Low,0.76
LANE-006118,Brazil,P8,Ocean,2025-02,30,Low,0.78
LANE-011102,Vietnam,P11,Truck,2026-02,4,Low,1.33
LANE-014713,Czech Republic,P8,Air,2026-05,2,Medium,4.13
LANE-011251,Canada,P1,Truck,2025-09,4,Low,1.11
LANE-004620,Poland,P1,Ocean,2026-10,30,Medium,0.85
LANE-000103,United States,P2,Air,2026-03,1,Low,
LANE-009826,Turkey,P6,Rail,2026-02,10,Low,0.9
LANE-010386,Vietnam,P1,Air,2025-02,3,Medium,2.94
LANE-003211,China,P6,Air,2026-09,3,Medium,3.41
LANE-014269,Czech Republic,P3,Truck,2026-01,6,Medium,1.03
LANE-001527,Mexico,P9,Rail,2025-09,14,Low,0.89
LANE-000906,Mexico,P1,Rail,2025-04,14,Medium,1.21
LANE-010689,Vietnam,P5,Ocean,2026-07,29,Medium,0.82
LANE-007564,South Korea,P2,Truck,2026-06,4,Low,1.05
LANE-013251,Spain,P2,Ocean,2025-07,26,Medium,0.79
LANE-010493,Vietnam,P3,Truck,2026-09,4,Medium,1.08
LANE-008982,Italy,P7,Rail,2025-06,15,High,0.76
LANE-015797,Thailand,P10,Ocean,2025-01,29,Low,0.59
LANE-013189,Spain,P1,Ocean,2025-11,29,Low,0.46
LANE-007654,South Korea,P3,Truck,2026-08,4,Low,1.18
LANE-009309,Italy,P12,Truck,2025-03,6,High,1.37
LANE-014201,Czech Republic,P2,Rail,2025-11,12,Low,0.68
LANE-009288,Italy,P11,Ocean,2025-04,27,Low,
LANE-016722,United Kingdom,P9,Air,2025-02,3,Medium,3.35
LANE-009594,Turkey,P3,Ocean,2025-02,30,Low,0.59
LANE-005032,Poland,P6,Ocean,2026-04,15,High,
LANE-016472,United Kingdom,P6,Ocean,2026-04,25,Low,0.5
LANE-006362,Brazil,P11,Rail,2025-04,10,Low,1.13
LANE-005684,Brazil,P3,Truck,2025-08,4,Low,1.32
LANE-000264,United States,P4,Ocean,2026-10,23,Low,0.73
LANE-008369,South Korea,P11,Air,2025-09,2,Medium,2.3
LANE-010284,Turkey,P12,Rail,2025-10,8,Low,0.71
LANE-005090,Poland,P7,Ocean,2025-08,21,Low,0.47
LANE-000609,United States,P9,Truck,2026-03,4,Low,0.9
LANE-002043,Germany,P3,Ocean,2026-07,28,Medium,0.57
LANE-009842,Turkey,P6,Ocean,2025-08,25,Low,0.46
LANE-005618,Brazil,P2,Rail,2025-08,10,Low,1.17
LANE-009781,Turkey,P5,Air,2026-01,2,High,3.25
LANE-006041,Brazil,P7,Rail,2026-01,7,Low,0.95
LANE-015893,Thailand,P11,Air,2025-09,2,Medium,
LANE-012157,Canada,P12,Truck,2026-01,3,High,1.26
LANE-003810,India,P3,Rail,2025-04,11,Low,1.26
LANE-006459,Brazil,P12,Ocean,2026-01,25,Low,0.87
LANE-011073,Vietnam,P10,Air,2025-07,2,Low,
LANE-006132,Brazil,P8,Ocean,2026-04,26,Low,0.47
LANE-008632,Italy,P3,Truck,2025-08,5,Low,1.28
LANE-005772,Brazil,P4,Truck,2025-08,5,High,0.88
LANE-012315,France,P1,Air,2026-05,2,Medium,2.25
LANE-004500,India,P12,Rail,2025-12,12,Medium,0.82
LANE-003683,India,P1,Ocean,2025-09,25,Low,0.49
LANE-015234,Thailand,P3,Ocean,2025-10,23,Low,0.45
LANE-002417,Germany,P9,Truck,2026-07,4,Medium,1.33
LANE-012912,France,P9,Ocean,2026-08,25,Low,0.51
LANE-002009,Germany,P3,Rail,2025-07,9,Low,1.05
LANE-012344,France,P2,Rail,2025-02,11,Low,0.76
LANE-001665,Mexico,P10,Air,2026-03,2,Low,2.58
LANE-011975,Canada,P10,Truck,2025-07,5,Medium,1.28
LANE-002234,Germany,P6,Ocean,2025-12,24,High,0.48
LANE-015212,Thailand,P3,Rail,2025-10,9,Low,0.72
LANE-011801,Canada,P8,Truck,2025-09,4,Medium,1.06
LANE-014381,Czech Republic,P4,Ocean,2026-03,27,High,0.85
LANE-014291,Czech Republic,P3,Rail,2026-01,12,Medium,1.16
LANE-007015,Japan,P7,Truck,2026-07,4,Medium,1.53
LANE-009464,Turkey,P2,Truck,2025-04,5,Medium,1.33
LANE-010029,Turkey,P9,Truck,2026-07,5,High,1.49
LANE-003458,China,P10,Rail,2025-04,14,Low,1.04
LANE-000510,United States,P7,Air,2025-04,2,Medium,2.22
LANE-001479,Mexico,P8,Air,2025-05,3,Low,3.8
LANE-016086,United Kingdom,P2,Truck,2025-04,6,Low,1.29
LANE-002084,Germany,P4,Rail,2026-04,12,Low,1.01
LANE-007810,South Korea,P5,Truck,2026-10,4,Low,1.03
LANE-008824,Italy,P5,Ocean,2025-02,20,High,0.65
LANE-010287,Turkey,P12,Rail,2026-01,14,Low,0.67
LANE-012172,Canada,P12,Rail,2025-06,10,Low,0.88
LANE-001600,Mexico,P10,Truck,2026-04,5,Low,1.22
LANE-007609,South Korea,P2,Ocean,2026-07,36,Low,0.74
LANE-010149,Turkey,P10,Air,2025-07,2,Low,
LANE-015970,Thailand,P12,Ocean,2026-08,29,Medium,0.78
LANE-003483,China,P10,Ocean,2025-07,27,Low,0.72
LANE-005503,Brazil,P1,Truck,2025-03,3,Low,1.1
LANE-012924,France,P9,Air,2025-10,3,Medium,2.43
LANE-008356,South Korea,P11,Ocean,2026-06,31,Low,0.54
LANE-014536,Czech Republic,P6,Ocean,2026-04,29,Medium,0.77
LANE-007254,Japan,P10,Truck,2026-04,4,High,1.41
LANE-001870,Germany,P1,Rail,2026-10,12,Low,0.87
LANE-009553,Turkey,P3,Truck,2025-05,6,Medium,0.82
LANE-008320,South Korea,P11,Rail,2025-04,12,Medium,1.05
LANE-005532,Brazil,P1,Rail,2025-10,11,Medium,0.8
LANE-004810,Poland,P4,Truck,2026-02,5,Medium,1.52
LANE-012269,France,P1,Rail,2026-03,13,Low,
LANE-016659,United Kingdom,P9,Truck,2025-05,5,Medium,1.47
LANE-006939,Japan,P6,Rail,2025-09,12,Medium,0.97
LANE-006877,Japan,P5,Ocean,2026-01,27,Low,0.79
LANE-000140,United States,P3,Rail,2025-08,10,Medium,0.96
LANE-007145,Japan,P8,Ocean,2026-05,23,Low,0.57
LANE-001628,Mexico,P10,Rail,2026-10,12,Medium,0.92
LANE-014864,Czech Republic,P10,Ocean,2026-02,22,Medium,0.57
LANE-012430,France,P3,Rail,2026-10,12,High,0.75
LANE-001789,Mexico,P12,Rail,2025-07,12,High,1.09
LANE-000606,United States,P9,Truck,2025-12,5,Low,1.14
LANE-016801,United Kingdom,P10,Ocean,2026-03,28,Low,
LANE-015658,Thailand,P8,Air,2026-04,2,Low,2.69
LANE-002320,Germany,P8,Truck,2025-10,5,Medium,0.9
LANE-007411,Japan,P12,Truck,2026-07,6,Medium,1.25
LANE-006529,Japan,P1,Rail,2026-05,9,Low,0.74
LANE-008085,South Korea,P8,Ocean,2025-11,32,Low,0.68
LANE-015020,Czech Republic,P12,Ocean,2026-04,29,Low,0.5
LANE-006989,Japan,P6,Air,2026-03,3,Medium,3.17
LANE-010362,Vietnam,P1,Rail,2026-10,12,Low,0.78
LANE-015794,Thailand,P10,Rail,2026-08,12,High,1.26
LANE-003758,India,P2,Rail,2026-06,11,Low,0.88
LANE-007536,South Korea,P1,Ocean,2025-12,23,Low,0.58
LANE-011978,Canada,P10,Truck,2025-10,4,Medium,1.49
LANE-001335,Mexico,P6,Air,2026-03,3,Low,3.3
LANE-012085,Canada,P11,Rail,2025-07,13,Low,0.95
LANE-007580,South Korea,P2,Rail,2025-12,12,Low,0.84
LANE-008441,South Korea,P12,Ocean,2026-03,29,Low,0.76
LANE-006374,Brazil,P11,Rail,2026-04,11,Low,1.17
LANE-014374,Czech Republic,P4,Ocean,2025-08,27,High,0.6
LANE-002976,China,P4,Rail,2025-06,14,Medium,1.05
LANE-001874,Germany,P1,Ocean,2025-04,33,Low,0.46
LANE-004352,India,P10,Rail,2026-06,11,Low,1.08
LANE-015807,Thailand,P10,Ocean,2025-11,27,Low,0.5
LANE-016093,United Kingdom,P2,Truck,2025-11,4,Low,1.27
LANE-015716,Thailand,P9,Ocean,2025-08,24,High,0.5
LANE-005518,Brazil,P1,Truck,2026-06,5,Low,1.43
LANE-013624,Spain,P7,Truck,2025-06,4,Medium,0.98
LANE-005500,Poland,P12,Air,2026-10,2,Low,2.81
LANE-013507,Spain,P5,Rail,2026-09,9,Low,0.69
LANE-016961,United Kingdom,P12,Ocean,2026-09,29,Low,0.85
LANE-015098,Thailand,P1,Ocean,2025-06,21,High,0.51
LANE-013159,Spain,P1,Rail,2025-03,8,Medium,0.65
LANE-010186,Turkey,P11,Truck,2026-10,4,Low,
LANE-002509,Germany,P10,Ocean,2025-01,23,Low,0.8
LANE-010226,Turkey,P11,Ocean,2026-06,25,Low,
LANE-000462,United States,P7,Truck,2026-10,6,High,1.52
LANE-016344,United Kingdom,P5,Truck,2026-08,4,Low,0.95
LANE-006599,Japan,P2,Truck,2026-09,6,Medium,0.92
LANE-001694,Mexico,P11,Truck,2026-10,6,Low,1.51
LANE-009574,Turkey,P3,Rail,2025-04,10,Low,0.81
LANE-011546,Canada,P4,Air,2026-06,2,Low,3.21
LANE-006581,Japan,P2,Truck,2025-03,5,Medium,0.82
LANE-009598,Turkey,P3,Ocean,2025-06,34,Low,0.55
LANE-002045,Germany,P3,Ocean,2026-09,29,Medium,0.84
LANE-015777,Thailand,P10,Rail,2025-03,12,High,0.72
LANE-007159,Japan,P8,Air,2025-09,1,High,2.62
LANE-010585,Vietnam,P4,Ocean,2025-03,20,Low,0.83
LANE-010970,Vietnam,P9,Rail,2026-02,15,Medium,1.12
LANE-008415,South Korea,P12,Rail,2025-11,8,Low,0.71
LANE-004587,Poland,P1,Rail,2025-11,12,High,0.84
LANE-003959,India,P5,Rail,2026-09,11,Medium,0.87
LANE-001960,Germany,P2,Ocean,2025-02,31,Low,0.77
LANE-005362,Poland,P11,Rail,2026-04,13,High,1.23
LANE-016936,United Kingdom,P12,Rail,2026-06,16,Medium,0.71
LANE-006819,Japan,P4,Air,2026-09,3,Low,3.68
LANE-004593,Poland,P1,Rail,2026-05,12,High,0.68
LANE-016272,United Kingdom,P4,Rail,2026-02,14,Low,0.82
LANE-010459,Vietnam,P2,Ocean,2025-09,27,Low,0.53
LANE-008493,Italy,P1,Rail,2025-01,12,Low,1.09
LANE-009561,Turkey,P3,Truck,2026-01,5,Medium,1.38
LANE-014005,Spain,P12,Truck,2026-01,5,High,1.57
LANE-000253,United States,P4,Ocean,2025-11,30,Low,0.47
LANE-007141,Japan,P8,Ocean,2026-01,25,Low,0.63
LANE-003647,India,P1,Truck,2026-05,5,Medium,1.58
LANE-002866,China,P3,Truck,2025-06,4,High,
LANE-006749,Japan,P4,Truck,2026-05,4,Low,1.01
LANE-004027,India,P6,Rail,2025-01,10,Medium,1.14
LANE-006128,Brazil,P8,Ocean,2025-12,32,Low,0.68
LANE-005807,Brazil,P4,Rail,2026-09,9,Low,0.92
LANE-008323,South Korea,P11,Rail,2025-07,10,Medium,0.9
LANE-003425,China,P9,Ocean,2026-03,32,Low,0.66
LANE-014715,Czech Republic,P8,Air,2026-07,2,Medium,2.75
LANE-008001,South Korea,P7,Rail,2026-03,10,Low,1.0
LANE-005893,Brazil,P5,Ocean,2026-07,31,Low,0.87
LANE-009727,Turkey,P5,Rail,2025-03,12,Medium,0.64
LANE-009455,Turkey,P1,Air,2026-05,3,High,3.87
LANE-012214,Canada,P12,Air,2025-04,2,Medium,3.99
LANE-016274,United Kingdom,P4,Rail,2026-04,12,Low,0.93
LANE-002247,Germany,P7,Truck,2025-03,5,High,1.36
LANE-012794,France,P8,Rail,2025-12,14,Medium,1.27
LANE-011635,Canada,P5,Air,2026-07,2,Low,3.59
LANE-010283,Turkey,P12,Rail,2025-09,11,Low,1.01
LANE-009989,Turkey,P8,Ocean,2025-01,28,Medium,0.71
LANE-013185,Spain,P1,Ocean,2025-07,24,Low,0.55
LANE-007008,Japan,P7,Truck,2025-12,5,Medium,1.25
LANE-016177,United Kingdom,P3,Rail,2025-07,12,Low,0.84
LANE-001023,Mexico,P2,Air,2025-11,2,Low,2.48
LANE-001762,Mexico,P12,Truck,2025-02,4,High,1.51
LANE-012235,France,P1,Truck,2025-03,3,Medium,1.2
LANE-011494,Canada,P4,Rail,2025-10,9,Medium,1.11
LANE-012588,France,P5,Ocean,2025-04,29,Low,0.75
LANE-014205,Czech Republic,P2,Rail,2026-03,10,Low,0.91
LANE-012624,France,P6,Truck,2026-06,4,Medium,1.25
LANE-013061,France,P11,Ocean,2026-03,32,Medium,0.52
LANE-015845,Thailand,P11,Rail,2025-05,13,Low,0.97
LANE-008408,South Korea,P12,Rail,2025-04,8,Low,1.26
LANE-012207,Canada,P12,Ocean,2026-07,30,Medium,0.58
LANE-009278,Italy,P11,Rail,2026-04,14,Low,1.24
LANE-004388,India,P10,Air,2025-10,2,Medium,2.28
LANE-012117,Canada,P11,Ocean,2026-05,34,Low,0.68
LANE-003052,China,P5,Truck,2026-04,6,Low,1.13
LANE-006786,Japan,P4,Ocean,2025-10,30,Low,0.76
LANE-012502,France,P4,Rail,2025-06,5,Low,1.23
LANE-016656,United Kingdom,P9,Truck,2025-02,4,Medium,0.99
LANE-003011,China,P4,Ocean,2026-07,30,Low,0.77
LANE-012884,France,P9,Rail,2026-02,13,Medium,0.8
LANE-001156,Mexico,P4,Ocean,2025-12,28,Low,0.82
LANE-016032,United Kingdom,P1,Rail,2026-04,12,High,1.1
LANE-016169,United Kingdom,P3,Truck,2026-09,4,Low,0.98
LANE-015265,Thailand,P4,Truck,2026-07,4,Low,0.86
LANE-011971,Canada,P10,Truck,2025-03,5,Medium,1.06
LANE-006561,Japan,P1,Air,2025-05,2,High,3.72
LANE-016940,United Kingdom,P12,Rail,2026-10,9,Medium,0.67
LANE-003764,India,P2,Ocean,2025-02,29,Low,0.78
LANE-010467,Vietnam,P2,Ocean,2026-05,28,Low,0.6
LANE-008033,South Korea,P8,Truck,2025-03,4,High,1.01
LANE-011294,Canada,P1,Ocean,2025-08,26,Low,0.79
LANE-004573,Poland,P1,Truck,2026-07,4,Medium,1.37
LANE-016699,United Kingdom,P9,Ocean,2025-01,34,High,0.47
LANE-009498,Turkey,P2,Rail,2026-04,9,Medium,0.7
LANE-013974,Spain,P11,Ocean,2025-04,27,Low,
LANE-002511,Germany,P10,Ocean,2025-03,25,Low,0.64
LANE-002762,China,P1,Ocean,2025-12,38,Low,0.5
LANE-011374,Canada,P2,Ocean,2026-10,27,Medium,0.7
LANE-015046,Czech Republic,P12,Air,2026-08,2,Low,2.14
LANE-006009,Brazil,P7,Truck,2025-03,2,Low,0.94
LANE-016931,United Kingdom,P12,Rail,2026-01,11,Medium,0.94
LANE-013534,Spain,P6,Truck,2025-04,5,Low,1.3
LANE-005332,Poland,P11,Truck,2025-08,5,Low,1.05
LANE-005368,Poland,P11,Rail,2026-10,10,High,
LANE-003665,India,P1,Rail,2026-01,13,Medium,1.27
LANE-002257,Germany,P7,Truck,2026-01,4,High,
LANE-002077,Germany,P4,Rail,2025-09,12,Low,0.71
LANE-009536,Turkey,P2,Air,2025-10,3,Medium,
LANE-010363,Vietnam,P1,Ocean,2025-01,25,Low,0.47
LANE-007331,Japan,P11,Truck,2025-05,4,Low,0.9
LANE-002867,China,P3,Truck,2025-07,3,High,1.2
LANE-007415,Japan,P12,Rail,2025-01,10,Medium,1.14
LANE-009691,Turkey,P4,Ocean,2025-11,27,Medium,0.83
LANE-005116,Poland,P7,Air,2025-12,3,Low,2.21
LANE-001824,Mexico,P12,Ocean,2026-08,27,High,0.83
LANE-012714,France,P7,Rail,2026-08,8,Low,0.96
LANE-007111,Japan,P8,Rail,2025-05,11,Low,0.95
LANE-016484,United Kingdom,P7,Truck,2025-06,5,Medium,1.48
LANE-015873,Thailand,P11,Ocean,2025-11,24,High,0.63
LANE-005858,Brazil,P5,Rail,2025-06,11,Medium,0.71
LANE-015158,Thailand,P2,Rail,2026-10,9,Low,0.8
LANE-012474,France,P3,Air,2026-10,2,Medium,2.54
LANE-004699,Poland,P2,Air,2026-01,3,Low,3.75
LANE-004329,India,P10,Truck,2026-05,5,Medium,1.34
LANE-010366,Vietnam,P1,Ocean,2025-04,33,Low,0.78
LANE-015413,Thailand,P6,Truck,2026-01,3,Low,1.41
LANE-011119,Vietnam,P11,Rail,2025-09,14,Low,0.82
LANE-005385,Poland,P11,Ocean,2026-05,31,Medium,0.55
LANE-009649,Turkey,P4,Truck,2026-01,4,Low,1.3
LANE-012308,France,P1,Air,2025-10,2,Medium,3.4
LANE-002888,China,P3,Rail,2025-06,14,Medium,0.7
LANE-016633,United Kingdom,P8,Air,2025-01,3,Low,3.94
LANE-013536,Spain,P6,Truck,2025-06,5,Low,
LANE-004622,Poland,P2,Truck,2025-02,3,Low,1.44
LANE-011688,Canada,P6,Ocean,2025-06,32,Low,0.68
LANE-004036,India,P6,Rail,2025-10,12,Medium,1.2
LANE-001910,Germany,P1,Air,2026-06,2,High,3.09
LANE-004770,Poland,P3,Ocean,2026-06,28,Medium,0.64
LANE-007752,South Korea,P4,Ocean,2025-08,33,Medium,0.49
LANE-011815,Canada,P8,Rail,2025-01,11,Low,1.15
LANE-004830,Poland,P4,Rail,2025-12,11,Low,0.91
LANE-011782,Canada,P7,Ocean,2025-12,25,Low,0.69
LANE-015104,Thailand,P1,Ocean,2025-12,27,High,0.8
LANE-003228,China,P7,Truck,2026-04,4,Low,1.08
LANE-001759,Mexico,P11,Air,2026-09,2,Low,3.5
LANE-010718,Vietnam,P6,Truck,2025-04,5,Low,0.87
LANE-008768,Italy,P4,Ocean,2025-12,23,Low,0.7
LANE-004663,Poland,P2,Rail,2026-09,13,Low,1.07
LANE-002405,Germany,P9,Truck,2025-07,4,Medium,0.87
LANE-015944,Thailand,P12,Rail,2026-04,13,Medium,0.71
LANE-016069,United Kingdom,P1,Air,2025-09,2,Low,3.24
LANE-008422,South Korea,P12,Rail,2026-06,13,Low,1.14
LANE-014347,Czech Republic,P4,Rail,2025-03,12,Medium,1.18
LANE-001213,Mexico,P5,Ocean,2025-03,28,Low,0.84
LANE-001782,Mexico,P12,Truck,2026-10,5,High,1.49
LANE-013913,Spain,P10,Ocean,2025-09,27,Low,0.87
LANE-006919,Japan,P6,Truck,2025-11,4,Low,1.05
LANE-005971,Brazil,P6,Ocean,2025-09,33,Low,0.6
LANE-015586,Thailand,P8,Truck,2025-10,4,Low,1.19
LANE-016370,United Kingdom,P5,Ocean,2025-02,29,Low,0.63
LANE-000987,Mexico,P2,Rail,2026-07,14,Low,
LANE-010676,Vietnam,P5,Ocean,2025-06,20,Medium,0.66
LANE-011576,Canada,P5,Rail,2025-04,11,Low,0.86
LANE-016479,United Kingdom,P7,Truck,2025-01,6,Medium,0.85
LANE-015792,Thailand,P10,Rail,2026-06,11,High,1.07
LANE-007600,South Korea,P2,Ocean,2025-10,31,Low,0.86
LANE-009820,Turkey,P6,Rail,2025-08,12,Low,0.86
LANE-011010,Vietnam,P10,Truck,2025-10,5,Medium,1.58
LANE-009457,Turkey,P1,Air,2026-07,2,High,4.13
LANE-003366,China,P8,Air,2026-10,1,Low,3.84
LANE-004481,India,P12,Truck,2026-03,3,Medium,0.96
LANE-012759,France,P7,Air,2026-09,2,High,3.35
LANE-005098,Poland,P7,Ocean,2026-04,27,Low,0.75
LANE-012693,France,P7,Truck,2026-09,4,Medium,1.43
LANE-000221,United States,P4,Rail,2025-01,12,Low,1.19
LANE-014496,Czech Republic,P6,Truck,2026-08,4,Low,0.9
LANE-013896,Spain,P10,Rail,2026-02,13,Low,1.23
LANE-007553,South Korea,P2,Truck,2025-07,5,Low,1.35
LANE-014850,Czech Republic,P10,Rail,2026-10,10,Low,1.02
LANE-006333,Brazil,P10,Air,2026-07,2,Low,2.42
LANE-016926,United Kingdom,P12,Rail,2025-08,14,Medium,0.92
LANE-009021,Italy,P7,Air,2025-01,3,Medium,2.52
LANE-008845,Italy,P5,Air,2025-01,2,Low,2.58
LANE-007354,Japan,P11,Rail,2025-06,8,High,1.07
LANE-001634,Mexico,P10,Ocean,2025-06,20,Low,0.82
LANE-016454,United Kingdom,P6,Rail,2026-08,13,Low,1.04
LANE-011247,Canada,P1,Truck,2025-05,4,Low,1.18
LANE-014243,Czech Republic,P2,Air,2025-09,3,High,2.47
LANE-004665,Poland,P2,Ocean,2025-01,28,Low,0.76
LANE-005823,Brazil,P4,Ocean,2026-03,27,Medium,0.78
LANE-013963,Spain,P11,Rail,2026-03,13,High,0.74
LANE-002348,Germany,P8,Rail,2026-04,11,Low,1.16
LANE-013228,Spain,P2,Rail,2025-06,9,Medium,1.11
LANE-004879,Poland,P4,Air,2026-05,3,Medium,2.37
LANE-006253,Brazil,P10,Truck,2025-05,4,Low,0.83
LANE-002227,Germany,P6,Ocean,2025-05,22,High,0.69
LANE-015918,Thailand,P12,Truck,2025-12,5,High,0.87
LANE-006243,Brazil,P9,Air,2026-05,3,Low,2.2
LANE-014820,Czech Republic,P10,Truck,2026-02,4,Low,0.96
LANE-004196,India,P8,Truck,2026-04,4,Low,1.16
LANE-010902,Vietnam,P8,Rail,2025-12,13,Low,0.86
LANE-005158,Poland,P8,Rail,2025-10,10,Low,0.67
LANE-000805,United States,P12,Truck,2026-01,5,Medium,1.17
LANE-007463,Japan,P12,Air,2025-05,2,Medium,3.81
LANE-006051,Brazil,P7,Air,2025-01,1,High,3.83
LANE-008239,South Korea,P10,Rail,2025-11,12,Low,1.15
LANE-000837,United States,P12,Ocean,2025-01,29,Low,0.85
LANE-008459,South Korea,P12,Air,2025-11,2,Medium,2.99
LANE-005054,Poland,P7,Truck,2026-04,4,Low,1.06
LANE-012366,France,P2,Ocean,2025-02,35,Medium,
LANE-002580,Germany,P11,Ocean,2025-06,24,Low,0.7
LANE-003844,India,P3,Ocean,2026-04,30,Low,0.61
LANE-000379,United States,P6,Rail,2025-05,13,Medium,0.67
LANE-009047,Italy,P8,Truck,2025-05,4,Low,0.95
LANE-007634,South Korea,P2,Air,2026-10,2,Medium,2.24
LANE-016736,United Kingdom,P9,Air,2026-04,2,Medium,3.78
LANE-014440,Czech Republic,P5,Ocean,2025-08,34,High,0.84
LANE-016557,United Kingdom,P7,Air,2026-01,3,Medium,3.78
LANE-015405,Thailand,P6,Truck,2025-05,5,Low,1.3
LANE-012379,France,P2,Ocean,2026-03,25,Medium,
LANE-014952,Czech Republic,P11,Ocean,2026-02,28,Medium,0.74
LANE-007472,Japan,P12,Air,2026-02,2,Medium,3.14
LANE-011020,Vietnam,P10,Truck,2026-08,5,Medium,1.56
LANE-009366,Italy,P12,Ocean,2026-04,22,Low,0.46
LANE-006203,Brazil,P9,Rail,2026-09,14,Medium,0.78
LANE-011602,Canada,P5,Ocean,2025-08,27,Low,
LANE-008027,South Korea,P7,Ocean,2026-07,22,Low,0.62
LANE-010399,Vietnam,P1,Air,2026-03,2,Medium,4.01
LANE-016984,United Kingdom,P12,Air,2026-10,4,Low,
LANE-007451,Japan,P12,Ocean,2026-03,25,Low,0.72
LANE-015076,Thailand,P1,Rail,2025-06,12,Low,1.15
LANE-011699,Canada,P6,Ocean,2026-05,25,Low,0.49
LANE-011064,Vietnam,P10,Ocean,2026-08,24,Medium,
LANE-004409,India,P11,Truck,2025-09,4,High,1.1
LANE-015740,Thailand,P9,Air,2025-10,3,Low,3.8
LANE-012563,France,P5,Rail,2025-01,13,Medium,1.12
LANE-001324,Mexico,P6,Air,2025-04,3,Low,3.81
LANE-002160,Germany,P5,Air,2025-04,1,Low,2.84
LANE-016038,United Kingdom,P1,Rail,2026-10,10,High,1.11
LANE-005645,Brazil,P2,Ocean,2026-01,29,Low,0.76
LANE-007445,Japan,P12,Ocean,2025-09,31,Low,0.59
LANE-014539,Czech Republic,P6,Ocean,2026-07,32,Medium,0.51
LANE-006364,Brazil,P11,Rail,2025-06,15,Low,1.18
LANE-007602,South Korea,P2,Ocean,2025-12,28,Low,0.46
LANE-007999,South Korea,P7,Rail,2026-01,14,Low,1.15
LANE-004642,Poland,P2,Truck,2026-10,3,Low,1.02
LANE-013604,Spain,P6,Air,2025-08,3,Medium,3.25
LANE-003895,India,P4,Ocean,2025-01,22,Low,0.68
LANE-004643,Poland,P2,Rail,2025-01,8,Low,1.1
LANE-003039,China,P5,Truck,2025-03,5,Low,1.24
LANE-003362,China,P8,Air,2026-06,1,Low,2.99
LANE-015074,Thailand,P1,Rail,2025-04,11,Low,0.72
LANE-004454,India,P11,Ocean,2025-10,28,Low,0.73
LANE-002801,China,P2,Rail,2025-07,12,Low,1.1
LANE-009372,Italy,P12,Ocean,2026-10,25,Low,0.61
LANE-002232,Germany,P6,Ocean,2025-10,29,High,0.52
LANE-012409,France,P3,Rail,2025-01,13,High,0.76
LANE-004496,India,P12,Rail,2025-08,9,Medium,1.03
LANE-012376,France,P2,Ocean,2025-12,22,Medium,0.85
LANE-004677,Poland,P2,Ocean,2026-01,27,Low,0.67
LANE-016053,United Kingdom,P1,Ocean,2026-03,25,Low,0.74
LANE-016442,United Kingdom,P6,Rail,2025-08,9,Low,0.69
LANE-014379,Czech Republic,P4,Ocean,2026-01,25,High,0.62
LANE-008634,Italy,P3,Truck,2025-10,5,Low,1.39
LANE-013770,Spain,P8,Air,2026-08,3,Low,3.37
LANE-011243,Canada,P1,Truck,2025-01,5,Low,0.88
LANE-009038,Italy,P7,Air,2026-06,2,Medium,2.31
LANE-015308,Thailand,P4,Ocean,2026-06,31,Low,0.69
LANE-000410,United States,P6,Ocean,2026-02,25,Low,0.8
LANE-013828,Spain,P9,Ocean,2025-12,26,Medium,0.77
LANE-001704,Mexico,P11,Rail,2025-10,14,Medium,0.97
LANE-005753,Brazil,P3,Air,2025-11,3,Medium,3.32
LANE-001448,Mexico,P8,Rail,2026-06,13,Low,1.09
LANE-010124,Turkey,P10,Ocean,2025-04,27,Medium,0.69
LANE-005100,Poland,P7,Ocean,2026-06,36,Low,0.72
LANE-013906,Spain,P10,Ocean,2025-02,33,Low,0.74
LANE-004842,Poland,P4,Ocean,2025-02,21,Medium,0.69
LANE-004915,Poland,P5,Rail,2025-09,13,Medium,1.22
LANE-008052,South Korea,P8,Truck,2026-10,4,High,1.27
LANE-003537,China,P11,Rail,2026-05,11,Medium,0.75
LANE-004886,Poland,P5,Truck,2025-02,2,High,0.92
LANE-011028,Vietnam,P10,Rail,2025-06,13,Medium,0.66
LANE-015400,Thailand,P5,Ocean,2026-10,29,Medium,0.58
LANE-002461,Germany,P9,Ocean,2026-07,22,Low,0.81
LANE-015110,Thailand,P1,Ocean,2026-06,29,High,0.56
LANE-008002,South Korea,P7,Rail,2026-04,7,Low,1.18
LANE-011221,Vietnam,P12,Ocean,2025-01,27,Low,0.48
LANE-003059,China,P5,Rail,2025-01,10,Low,0.92
LANE-006062,Brazil,P7,Air,2025-12,1,High,3.96
LANE-004398,India,P10,Air,2026-08,1,Medium,2.14
LANE-008072,South Korea,P8,Rail,2026-08,10,High,1.07
LANE-012662,France,P6,Ocean,2025-12,29,Medium,0.56
LANE-004756,Poland,P3,Ocean,2025-04,28,Medium,0.63
LANE-006555,Japan,P1,Ocean,2026-09,28,Low,0.54
LANE-011558,Canada,P5,Truck,2025-08,4,High,0.82
LANE-005659,Brazil,P2,Air,2025-05,3,Low,2.99
LANE-000701,United States,P10,Truck,2026-07,5,Low,
LANE-001096,Mexico,P3,Ocean,2026-06,36,Medium,0.75
LANE-003951,India,P5,Rail,2026-01,12,Medium,0.88
LANE-014074,Spain,P12,Air,2026-04,2,Medium,2.69
LANE-012518,France,P4,Rail,2026-10,9,Low,0.93
LANE-002817,China,P2,Ocean,2025-01,28,Low,0.59
LANE-001700,Mexico,P11,Rail,2025-06,13,Medium,1.26
LANE-006816,Japan,P4,Air,2026-06,3,Low,2.47
LANE-006122,Brazil,P8,Ocean,2025-06,26,Low,0.53
LANE-011721,Canada,P6,Air,2026-05,3,Low,2.29
LANE-002994,China,P4,Ocean,2025-02,28,Low,0.72
LANE-015774,Thailand,P10,Truck,2026-10,4,Low,1.04
LANE-014832,Czech Republic,P10,Rail,2025-04,9,Low,1.11
LANE-000946,Mexico,P1,Ocean,2026-10,26,Medium,0.79
LANE-012934,France,P9,Air,2026-08,3,Medium,2.19
LANE-007909,South Korea,P6,Rail,2025-11,16,Low,0.75
LANE-016148,United Kingdom,P2,Ocean,2026-10,25,Low,0.76
LANE-010622,Vietnam,P4,Air,2026-06,3,Medium,3.9
LANE-009413,Turkey,P1,Rail,2026-07,12,Medium,0.79
LANE-014342,Czech Republic,P4,Truck,2026-08,5,High,1.21
LANE-002810,China,P2,Rail,2026-04,11,Low,1.09
LANE-014352,Czech Republic,P4,Rail,2025-08,15,Medium,0.86
LANE-016358,United Kingdom,P5,Rail,2025-12,11,Medium,0.82
LANE-003394,China,P9,Rail,2025-06,12,Medium,0.84
LANE-014914,Czech Republic,P11,Truck,2026-08,4,Medium,1.44
LANE-003897,India,P4,Ocean,2025-03,26,Low,0.63
LANE-015984,Thailand,P12,Air,2025-12,3,Low,2.37
LANE-005803,Brazil,P4,Rail,2026-05,11,Low,0.67
LANE-012274,France,P1,Rail,2026-08,14,Low,1.27
LANE-011612,Canada,P5,Ocean,2026-06,28,Low,0.79
LANE-010839,Vietnam,P7,Rail,2026-03,9,Low,1.13
LANE-014723,Czech Republic,P9,Truck,2025-05,5,Medium,1.44
LANE-007427,Japan,P12,Rail,2026-01,9,Medium,0.74
LANE-003904,India,P4,Ocean,2025-10,19,Low,0.47
LANE-011255,Canada,P1,Truck,2026-01,5,Low,1.16
LANE-008885,Italy,P6,Truck,2026-07,4,Medium,0.83
LANE-016702,United Kingdom,P9,Ocean,2025-04,36,High,0.49
LANE-007545,South Korea,P1,Ocean,2026-09,32,Low,0.57
LANE-016537,United Kingdom,P7,Ocean,2026-03,38,High,0.79
LANE-001197,Mexico,P5,Rail,2025-09,11,Medium,0.73
LANE-011361,Canada,P2,Ocean,2025-09,23,Medium,0.7
LANE-014819,Czech Republic,P10,Truck,2026-01,4,Low,1.56
LANE-007149,Japan,P8,Ocean,2026-09,30,Low,0.88
LANE-015366,Thailand,P5,Rail,2025-10,13,Low,0.9
LANE-013024,France,P11,Truck,2026-10,3,Medium,1.53
LANE-005307,Poland,P10,Rail,2025-05,9,Low,0.71
LANE-010967,Vietnam,P9,Rail,2025-11,11,Medium,0.84
LANE-003118,China,P5,Air,2026-04,3,Low,2.78
LANE-009387,Turkey,P1,Truck,2026-03,5,Medium,1.51
LANE-003294,China,P7,Air,2026-04,3,Low,2.18
LANE-016468,United Kingdom,P6,Ocean,2025-12,33,Low,0.66
LANE-011629,Canada,P5,Air,2026-01,2,Low,2.57
LANE-010436,Vietnam,P2,Rail,2025-08,14,High,0.96
LANE-016825,United Kingdom,P10,Air,2026-05,3,Low,3.06
LANE-000048,United States,P2,Truck,2025-04,2,Low,1.55
LANE-015788,Thailand,P10,Rail,2026-02,9,High,1.12
LANE-013475,Spain,P5,Truck,2025-11,4,Low,0.85
LANE-008793,Italy,P5,Truck,2026-03,4,Low,0.85
LANE-008403,South Korea,P12,Truck,2026-09,4,Low,1.42
LANE-015373,Thailand,P5,Rail,2026-05,10,Low,1.18
LANE-009894,Turkey,P7,Truck,2026-04,5,High,1.12
LANE-009578,Turkey,P3,Rail,2025-08,9,Low,1.15
LANE-006505,Japan,P1,Truck,2026-03,4,Low,1.04
LANE-012443,France,P3,Ocean,2026-01,31,Low,0.86
LANE-007772,South Korea,P4,Air,2025-06,2,Low,
LANE-016293,United Kingdom,P4,Ocean,2026-01,25,Low,
LANE-011006,Vietnam,P10,Truck,2025-06,5,Medium,1.22
LANE-013141,Spain,P1,Truck,2025-07,4,High,0.84
LANE-005095,Poland,P7,Ocean,2026-01,25,Low,0.48
LANE-015484,Thailand,P6,Air,2026-06,2,Low,3.19
LANE-006186,Brazil,P9,Rail,2025-04,10,Medium,0.96
LANE-006620,Japan,P2,Rail,2026-08,12,Medium,1.02
LANE-016828,United Kingdom,P10,Air,2026-08,2,Low,3.29
LANE-000336,United States,P5,Ocean,2025-06,26,Low,0.6
LANE-003017,China,P4,Air,2025-03,2,Medium,3.48
LANE-006367,Brazil,P11,Rail,2025-09,15,Low,0.81
LANE-006004,Brazil,P6,Air,2026-08,2,Low,3.82
LANE-001325,Mexico,P6,Air,2025-05,2,Low,3.96
LANE-002319,Germany,P8,Truck,2025-09,6,Medium,1.05
LANE-011791,Canada,P7,Ocean,2026-09,27,Low,0.84
LANE-015519,Thailand,P7,Rail,2025-09,14,Low,1.01
LANE-012225,Canada,P12,Air,2026-03,3,Medium,2.39
LANE-011774,Canada,P7,Ocean,2025-04,27,Low,0.74
LANE-014198,Czech Republic,P2,Rail,2025-08,13,Low,0.93
LANE-003611,China,P12,Ocean,2025-03,25,Medium,0.84
LANE-013619,Spain,P7,Truck,2025-01,5,Medium,0.81
LANE-004223,India,P8,Rail,2026-09,11,Medium,0.92
LANE-002964,China,P4,Truck,2026-04,4,Low,1.4
LANE-000014,United States,P1,Truck,2026-02,2,Low,1.55
LANE-007138,Japan,P8,Ocean,2025-10,24,Low,0.71
LANE-011849,Canada,P8,Ocean,2026-01,24,High,0.64
LANE-003205,China,P6,Air,2026-03,3,Medium,3.98
LANE-000310,United States,P5,Rail,2025-02,10,Low,0.8
LANE-007289,Japan,P10,Ocean,2025-07,36,Low,0.79
LANE-004515,India,P12,Ocean,2025-05,20,Low,0.45
LANE-007843,South Korea,P5,Ocean,2025-11,32,Medium,0.71
LANE-010996,Vietnam,P9,Ocean,2026-06,32,Low,0.77
LANE-010494,Vietnam,P3,Truck,2026-10,5,Medium,0.88
LANE-004405,India,P11,Truck,2025-05,3,High,1.25
LANE-006564,Japan,P1,Air,2025-08,3,High,3.61
LANE-006849,Japan,P5,Rail,2025-07,12,Low,0.91
LANE-003001,China,P4,Ocean,2025-09,31,Low,0.66
LANE-002341,Germany,P8,Rail,2025-09,11,Low,0.78
LANE-013773,Spain,P9,Truck,2025-01,5,Low,
LANE-009048,Italy,P8,Truck,2025-06,4,Low,1.28
LANE-016522,United Kingdom,P7,Rail,2026-10,10,Medium,0.75
LANE-004850,Poland,P4,Ocean,2025-10,25,Medium,0.74
LANE-016438,United Kingdom,P6,Rail,2025-04,12,Low,0.76
LANE-015659,Thailand,P8,Air,2026-05,2,Low,2.11
LANE-000113,United States,P3,Truck,2025-03,4,Low,1.34
LANE-008296,South Korea,P11,Truck,2025-02,3,Low,
LANE-008043,South Korea,P8,Truck,2026-01,6,High,1.15
LANE-016549,United Kingdom,P7,Air,2025-05,3,Medium,2.55
LANE-007548,South Korea,P2,Truck,2025-02,5,Low,1.22
LANE-010117,Turkey,P10,Rail,2026-07,12,Medium,0.75
LANE-010620,Vietnam,P4,Air,2026-04,2,Medium,2.51
LANE-001168,Mexico,P5,Truck,2025-02,4,Low,0.83
LANE-009068,Italy,P8,Rail,2025-04,12,Medium,
LANE-010911,Vietnam,P8,Rail,2026-09,14,Low,0.71
LANE-002809,China,P2,Rail,2026-03,12,Low,1.07
LANE-003435,China,P10,Truck,2025-03,5,Medium,0.99
LANE-016241,United Kingdom,P4,Truck,2025-05,4,Medium,1.56
LANE-010610,Vietnam,P4,Air,2025-06,2,Medium,2.54
LANE-013787,Spain,P9,Truck,2026-03,4,Low,1.21
LANE-015902,Thailand,P11,Air,2026-06,3,Medium,2.83
LANE-015599,Thailand,P8,Rail,2025-01,13,Low,0.78
LANE-012252,France,P1,Truck,2026-08,4,Medium,1.23
LANE-015071,Thailand,P1,Rail,2025-01,14,Low,0.66
LANE-010229,Turkey,P11,Ocean,2026-09,24,Low,0.82
LANE-001032,Mexico,P2,Air,2026-08,3,Low,2.29
LANE-014062,Spain,P12,Air,2025-04,3,Medium,2.84
LANE-012869,France,P9,Truck,2026-09,6,Low,1.3
LANE-011465,Canada,P4,Truck,2025-03,5,Low,1.07
LANE-002796,China,P2,Rail,2025-02,8,Low,
LANE-016615,United Kingdom,P8,Ocean,2025-05,25,Medium,0.84
LANE-001878,Germany,P1,Ocean,2025-08,31,Low,0.61
LANE-002162,Germany,P5,Air,2025-06,1,Low,3.38
LANE-001783,Mexico,P12,Rail,2025-01,12,High,1.05
LANE-003499,China,P11,Truck,2025-01,5,Medium,0.9
LANE-011130,Vietnam,P11,Rail,2026-08,14,Low,0.72
LANE-004501,India,P12,Rail,2026-01,8,Medium,0.72
LANE-005664,Brazil,P2,Air,2025-10,3,Low,3.48
LANE-005329,Poland,P11,Truck,2025-05,4,Low,0.96
LANE-000084,United States,P2,Rail,2026-06,9,Low,0.95
LANE-015404,Thailand,P6,Truck,2025-04,4,Low,1.43
LANE-006493,Japan,P1,Truck,2025-03,4,Low,1.5
LANE-005160,Poland,P8,Rail,2025-12,12,Low,0.87
LANE-008102,South Korea,P8,Air,2025-06,3,Low,2.62
LANE-005708,Brazil,P3,Rail,2025-10,8,High,0.96
LANE-015717,Thailand,P9,Ocean,2025-09,34,High,0.73
LANE-005265,Poland,P9,Ocean,2025-07,21,Medium,
LANE-006604,Japan,P2,Rail,2025-04,13,Medium,0.82
LANE-004659,Poland,P2,Rail,2026-05,15,Low,0.69
LANE-010755,Vietnam,P6,Rail,2026-07,13,Medium,0.68
LANE-011108,Vietnam,P11,Truck,2026-08,4,Low,1.08
LANE-004748,Poland,P3,Rail,2026-06,14,Medium,0.68
LANE-015428,Thailand,P6,Rail,2025-06,11,Low,0.71
LANE-008173,South Korea,P9,Ocean,2025-11,23,Medium,0.73
LANE-009619,Turkey,P3,Air,2025-05,2,Low,2.61
LANE-003176,China,P6,Ocean,2025-08,26,Medium,0.56
LANE-006347,Brazil,P11,Truck,2025-11,6,Medium,1.4
LANE-012750,France,P7,Air,2025-12,2,High,3.95
LANE-002574,Germany,P11,Rail,2026-10,11,High,1.28
LANE-004049,India,P6,Ocean,2025-01,28,Medium,0.48
LANE-003122,China,P5,Air,2026-08,3,Low,3.43
LANE-000287,United States,P5,Truck,2025-01,5,High,1.5
LANE-013238,Spain,P2,Rail,2026-04,12,Medium,0.77
LANE-008879,Italy,P6,Truck,2026-01,4,Medium,1.09
LANE-002703,Germany,P12,Air,2026-07,3,Low,2.58
LANE-008796,Italy,P5,Truck,2026-06,5,Low,1.35
LANE-015914,Thailand,P12,Truck,2025-08,6,High,1.42
LANE-014306,Czech Republic,P3,Ocean,2025-06,27,Medium,0.61
LANE-012354,France,P2,Rail,2025-12,12,Low,1.07
LANE-011914,Canada,P9,Rail,2025-12,12,Medium,0.89
LANE-006573,Japan,P1,Air,2026-05,2,High,3.08
LANE-015639,Thailand,P8,Ocean,2026-07,25,Low,0.76
LANE-006755,Japan,P4,Rail,2025-01,13,Low,1.13
LANE-014647,Czech Republic,P8,Truck,2026-05,5,Medium,
LANE-014344,Czech Republic,P4,Truck,2026-10,5,High,0.87
LANE-001961,Germany,P2,Ocean,2025-03,23,Low,0.51
LANE-007452,Japan,P12,Ocean,2026-04,22,Low,0.77
LANE-007412,Japan,P12,Truck,2026-08,4,Medium,1.18
LANE-008808,Italy,P5,Rail,2025-08,13,Low,1.28
LANE-006676,Japan,P3,Rail,2025-10,13,Low,0.88
LANE-008902,Italy,P6,Rail,2026-02,12,Low,
LANE-016971,United Kingdom,P12,Air,2025-09,3,Low,3.49
LANE-005900,Brazil,P5,Air,2025-04,2,Low,2.32
LANE-009390,Turkey,P1,Truck,2026-06,5,Medium,0.85
LANE-003813,India,P3,Rail,2025-07,9,Low,0.82
LANE-005442,Poland,P12,Rail,2025-08,15,Low,0.98
LANE-013143,Spain,P1,Truck,2025-09,4,High,0.89
LANE-010327,Vietnam,P1,Truck,2025-09,4,Low,1.25
LANE-004680,Poland,P2,Ocean,2026-04,26,Low,0.5
LANE-009838,Turkey,P6,Ocean,2025-04,36,Low,0.83
LANE-002843,China,P2,Air,2025-05,3,Low,4.14
LANE-016749,United Kingdom,P10,Truck,2025-07,4,Low,1.31
LANE-012461,France,P3,Air,2025-09,3,Medium,2.92
LANE-010658,Vietnam,P5,Rail,2025-10,11,Low,1.12
LANE-006899,Japan,P5,Air,2026-01,3,High,4.05
LANE-000700,United States,P10,Truck,2026-06,5,Low,1.5
LANE-012647,France,P6,Rail,2026-07,11,Low,0.72
LANE-016123,United Kingdom,P2,Rail,2026-07,11,High,0.69
LANE-014573,Czech Republic,P7,Rail,2025-09,14,Low,0.91
LANE-011088,Vietnam,P10,Air,2026-10,3,Low,3.96
LANE-009027,Italy,P7,Air,2025-07,1,Medium,2.87
LANE-013591,Spain,P6,Ocean,2026-05,34,Low,0.51
LANE-016376,United Kingdom,P5,Ocean,2025-08,29,Low,0.62
LANE-008638,Italy,P3,Truck,2026-02,4,Low,1.56
LANE-012654,France,P6,Ocean,2025-04,29,Medium,0.5
LANE-003802,India,P3,Truck,2026-06,4,Low,1.46
LANE-015923,Thailand,P12,Truck,2026-05,5,High,1.15
LANE-003162,China,P6,Rail,2026-04,13,Medium,
LANE-004935,Poland,P5,Ocean,2025-07,18,Low,0.8
LANE-007102,Japan,P8,Truck,2026-06,4,High,1.44
LANE-015823,Thailand,P11,Truck,2025-05,4,High,1.2
LANE-004211,India,P8,Rail,2025-09,10,Medium,1.1
LANE-005940,Brazil,P6,Truck,2026-10,4,Low,1.42
LANE-010369,Vietnam,P1,Ocean,2025-07,25,Low,0.8
LANE-015281,Thailand,P4,Rail,2026-01,12,Low,
LANE-010780,Vietnam,P6,Ocean,2026-10,29,Low,0.78
LANE-008521,Italy,P1,Ocean,2025-07,25,High,0.62
LANE-011053,Vietnam,P10,Ocean,2025-09,34,Medium,0.75
LANE-006817,Japan,P4,Air,2026-07,3,Low,2.95
LANE-013035,France,P11,Rail,2025-11,10,Medium,0.83
LANE-001813,Mexico,P12,Ocean,2025-09,28,High,0.81
LANE-009839,Turkey,P6,Ocean,2025-05,36,Low,0.46
LANE-005828,Brazil,P4,Ocean,2026-08,32,Medium,0.7
LANE-011291,Canada,P1,Ocean,2025-05,32,Low,0.63
LANE-005188,Poland,P8,Ocean,2026-06,24,Low,0.49
LANE-012514,France,P4,Rail,2026-06,8,Low,0.67
LANE-009897,Turkey,P7,Truck,2026-07,5,High,0.94
LANE-005172,Poland,P8,Ocean,2025-02,35,Low,
LANE-008370,South Korea,P11,Air,2025-10,3,Medium,3.96
LANE-013894,Spain,P10,Rail,2025-12,13,Low,1.23
LANE-007832,South Korea,P5,Rail,2026-10,13,Low,1.23
LANE-008650,Italy,P3,Rail,2025-04,9,High,1.21
LANE-010246,Turkey,P11,Air,2026-04,3,High,3.4
LANE-007385,Japan,P11,Ocean,2026-03,30,Low,0.68
LANE-015578,Thailand,P8,Truck,2025-02,5,Low,1.0
LANE-006619,Japan,P2,Rail,2026-07,12,Medium,1.18
LANE-006372,Brazil,P11,Rail,2026-02,15,Low,1.23
LANE-007740,South Korea,P4,Rail,2026-06,11,Low,1.23
LANE-013380,Spain,P4,Truck,2025-04,5,Low,0.96
LANE-007721,South Korea,P4,Truck,2026-09,4,Low,1.59
LANE-005513,Brazil,P1,Truck,2026-01,6,Low,0.99
LANE-010978,Vietnam,P9,Rail,2026-10,13,Medium,0.65
LANE-013463,Spain,P4,Air,2026-09,3,Low,3.84
LANE-013594,Spain,P6,Ocean,2026-08,26,Low,0.87
LANE-015182,Thailand,P3,Truck,2025-02,4,Low,0.94
LANE-011778,Canada,P7,Ocean,2025-08,27,Low,0.79
LANE-014554,Czech Republic,P7,Truck,2025-12,6,Low,1.15
LANE-013868,Spain,P10,Truck,2025-08,5,High,1.16
LANE-008859,Italy,P5,Air,2026-03,3,Low,3.95
LANE-008391,South Korea,P12,Truck,2025-09,5,Low,1.33
LANE-003297,China,P7,Air,2026-07,2,Low,2.84
LANE-001645,Mexico,P10,Ocean,2026-05,24,Low,0.63
LANE-008960,Italy,P7,Truck,2025-06,4,High,1.0
LANE-005707,Brazil,P3,Rail,2025-09,13,High,0.84
LANE-013134,France,P12,Ocean,2026-10,31,High,0.49
LANE-014949,Czech Republic,P11,Ocean,2025-11,24,Medium,0.51
LANE-016078,United Kingdom,P1,Air,2026-06,2,Low,3.21
LANE-008943,Italy,P6,Air,2025-11,2,Low,3.53
LANE-003112,China,P5,Air,2025-10,3,Low,
LANE-016207,United Kingdom,P3,Ocean,2026-03,25,Low,0.88
LANE-003639,India,P1,Truck,2025-09,5,Medium,1.2
LANE-002644,Germany,P12,Rail,2025-04,13,Medium,1.13
LANE-015962,Thailand,P12,Ocean,2025-12,29,Medium,0.83
LANE-015129,Thailand,P2,Truck,2026-03,3,Medium,1.36
LANE-009478,Turkey,P2,Truck,2026-06,5,Medium,0.87
LANE-015353,Thailand,P5,Truck,2026-07,4,Low,1.43
LANE-006902,Japan,P5,Air,2026-04,2,High,3.48
LANE-004998,Poland,P6,Rail,2025-04,10,Medium,1.04
LANE-009148,Italy,P9,Rail,2026-06,14,High,0.94
LANE-015563,Thailand,P7,Air,2025-09,4,Low,3.07
LANE-008963,Italy,P7,Truck,2025-09,3,High,1.11
LANE-008312,South Korea,P11,Truck,2026-06,6,Low,1.36
LANE-015290,Thailand,P4,Rail,2026-10,10,Low,0.8
LANE-010492,Vietnam,P3,Truck,2026-08,5,Medium,0.83
LANE-009639,Turkey,P4,Truck,2025-03,5,Low,1.5
LANE-016805,United Kingdom,P10,Ocean,2026-07,27,Low,0.55
LANE-016858,United Kingdom,P11,Rail,2025-06,10,Medium,1.12
LANE-016225,United Kingdom,P3,Air,2025-11,3,Low,2.32
LANE-004019,India,P6,Truck,2026-03,6,Low,
LANE-011299,Canada,P1,Ocean,2026-01,30,Low,0.51
LANE-006941,Japan,P6,Rail,2025-11,10,Medium,1.16
LANE-010043,Turkey,P9,Rail,2025-11,11,Medium,0.99
LANE-015905,Thailand,P11,Air,2026-09,3,Medium,3.07
LANE-009512,Turkey,P2,Ocean,2025-08,23,Medium,0.54
LANE-015501,Thailand,P7,Truck,2026-01,5,Low,1.35
LANE-011074,Vietnam,P10,Air,2025-08,3,Low,3.22
LANE-014986,Czech Republic,P12,Rail,2025-04,12,Medium,0.65
LANE-006457,Brazil,P12,Ocean,2025-11,29,Low,0.65
LANE-002401,Germany,P9,Truck,2025-03,4,Medium,1.4
LANE-001004,Mexico,P2,Ocean,2026-02,24,Medium,
LANE-010134,Turkey,P10,Ocean,2026-02,36,Medium,0.52
LANE-008916,Italy,P6,Ocean,2025-06,27,Low,0.55
LANE-000166,United States,P3,Ocean,2025-12,32,Medium,0.87
LANE-012870,France,P9,Truck,2026-10,4,Low,1.27
LANE-005791,Brazil,P4,Rail,2025-05,11,Low,0.71
LANE-013033,France,P11,Rail,2025-09,11,Medium,1.28
LANE-009110,Italy,P9,Truck,2025-02,4,Low,1.1
LANE-009204,Italy,P10,Rail,2025-08,10,Medium,0.82
LANE-001452,Mexico,P8,Rail,2026-10,15,Low,0.64
LANE-013614,Spain,P6,Air,2026-06,2,Medium,3.19
LANE-006349,Brazil,P11,Truck,2026-01,5,Medium,1.25
LANE-012219,Canada,P12,Air,2025-09,2,Medium,2.53
LANE-004597,Poland,P1,Rail,2026-09,13,High,1.04
LANE-004689,Poland,P2,Air,2025-03,3,Low,3.86
LANE-004365,India,P10,Ocean,2025-09,24,Medium,0.61
LANE-009294,Italy,P11,Ocean,2025-10,29,Low,0.54
LANE-015694,Thailand,P9,Rail,2025-08,11,Low,1.22
LANE-005668,Brazil,P2,Air,2026-02,3,Low,3.34
LANE-000601,United States,P9,Truck,2025-07,4,Low,1.43
LANE-010593,Vietnam,P4,Ocean,2025-11,22,Low,0.8
LANE-004688,Poland,P2,Air,2025-02,2,Low,3.59
LANE-005520,Brazil,P1,Truck,2026-08,4,Low,1.59
LANE-011790,Canada,P7,Ocean,2026-08,31,Low,0.46
LANE-002262,Germany,P7,Truck,2026-06,4,High,1.6
LANE-001413,Mexico,P8,Truck,2025-05,4,Low,1.15
LANE-000343,United States,P5,Ocean,2026-01,30,Low,0.65
LANE-000952,Mexico,P2,Truck,2025-06,4,High,1.0
LANE-010188,Turkey,P11,Rail,2025-02,10,Low,0.73
LANE-007323,Japan,P10,Air,2026-07,2,Medium,2.74
LANE-012224,Canada,P12,Air,2026-02,2,Medium,3.47
LANE-012603,France,P5,Ocean,2026-07,28,Low,0.84
LANE-000585,United States,P8,Ocean,2026-01,26,Medium,0.75
LANE-016021,United Kingdom,P1,Rail,2025-05,10,High,
LANE-005835,Brazil,P5,Truck,2025-05,3,Low,1.05
LANE-007984,South Korea,P7,Truck,2026-08,4,Low,1.56
LANE-014441,Czech Republic,P5,Ocean,2025-09,30,High,0.79
LANE-001730,Mexico,P11,Ocean,2026-02,24,High,0.55
LANE-015215,Thailand,P3,Rail,2026-01,9,Low,0.65
LANE-013687,Spain,P8,Truck,2025-03,5,Medium,1.29
LANE-001495,Mexico,P8,Air,2026-09,2,Low,3.24
LANE-000209,United States,P4,Truck,2025-11,4,Low,1.02
LANE-016102,United Kingdom,P2,Truck,2026-08,4,Low,1.09
LANE-011265,Canada,P1,Rail,2025-01,10,Medium,1.18
LANE-003917,India,P5,Truck,2025-01,5,Medium,0.97
LANE-011766,Canada,P7,Rail,2026-06,13,Low,0.98
LANE-004339,India,P10,Rail,2025-05,10,Low,0.87
LANE-007318,Japan,P10,Air,2026-02,3,Medium,3.24
LANE-004970,Poland,P5,Air,2026-08,3,Low,3.0
LANE-000322,United States,P5,Rail,2026-02,10,Low,0.91
LANE-012905,France,P9,Ocean,2026-01,31,Low,0.8
LANE-006732,Japan,P3,Air,2026-10,3,Low,3.91
LANE-012148,Canada,P12,Truck,2025-04,4,High,1.55
LANE-014166,Czech Republic,P1,Air,2026-08,3,Low,3.96
LANE-008661,Italy,P3,Rail,2026-03,10,High,0.69
LANE-003824,India,P3,Rail,2026-06,9,Low,0.67
LANE-003894,India,P4,Rail,2026-10,9,Low,1.12
LANE-003986,India,P5,Air,2025-04,3,Low,2.56
LANE-001105,Mexico,P4,Truck,2025-05,4,Low,1.24
LANE-009575,Turkey,P3,Rail,2025-05,12,Low,
LANE-012392,France,P3,Truck,2025-06,4,Medium,1.2
LANE-010451,Vietnam,P2,Ocean,2025-01,27,Low,0.64
LANE-005302,Poland,P10,Truck,2026-10,1,Medium,1.1
LANE-000799,United States,P12,Truck,2025-07,4,Medium,0.81
LANE-014751,Czech Republic,P9,Rail,2025-11,11,Low,1.05
LANE-013567,Spain,P6,Rail,2026-03,13,Low,0.71
LANE-012250,France,P1,Truck,2026-06,4,Medium,0.97
LANE-014944,Czech Republic,P11,Ocean,2025-06,29,Medium,0.79
LANE-005761,Brazil,P3,Air,2026-07,3,Medium,2.49
LANE-008794,Italy,P5,Truck,2026-04,5,Low,1.31
LANE-002008,Germany,P3,Rail,2025-06,9,Low,0.92
LANE-015710,Thailand,P9,Ocean,2025-02,27,High,0.57
LANE-008026,South Korea,P7,Ocean,2026-06,27,Low,0.64
LANE-001148,Mexico,P4,Ocean,2025-04,36,Low,0.84
LANE-007164,Japan,P8,Air,2026-02,3,High,3.79
LANE-002657,Germany,P12,Rail,2026-05,10,Medium,0.87
LANE-003502,China,P11,Truck,2025-04,3,Medium,1.39
LANE-006126,Brazil,P8,Ocean,2025-10,38,Low,0.65
LANE-016019,United Kingdom,P1,Rail,2025-03,11,High,0.74
LANE-013611,Spain,P6,Air,2026-03,3,Medium,2.49
LANE-013225,Spain,P2,Rail,2025-03,13,Medium,1.03
LANE-014946,Czech Republic,P11,Ocean,2025-08,31,Medium,0.58
LANE-004139,India,P7,Ocean,2025-03,29,Low,0.64
LANE-003670,India,P1,Rail,2026-06,10,Medium,0.87
LANE-001701,Mexico,P11,Rail,2025-07,11,Medium,0.72
LANE-012295,France,P1,Ocean,2026-07,23,Medium,0.51
LANE-007499,South Korea,P1,Truck,2026-07,2,Medium,1.0
LANE-008444,South Korea,P12,Ocean,2026-06,27,Low,
LANE-007054,Japan,P7,Ocean,2026-02,24,High,0.45
LANE-008569,Italy,P2,Truck,2025-11,5,Low,1.22
LANE-005204,Poland,P8,Air,2025-12,3,Medium,2.49
LANE-004444,India,P11,Rail,2026-10,12,Low,1.25
LANE-013192,Spain,P1,Ocean,2026-02,14,Low,0.53
LANE-003040,China,P5,Truck,2025-04,5,Low,1.52
LANE-006998,Japan,P7,Truck,2025-02,3,Medium,
LANE-008348,South Korea,P11,Ocean,2025-10,26,Low,0.51
LANE-011616,Canada,P5,Ocean,2026-10,29,Low,0.45
LANE-006590,Japan,P2,Truck,2025-12,4,Medium,0.91
LANE-006088,Brazil,P8,Truck,2026-04,5,Medium,0.92
LANE-012233,France,P1,Truck,2025-01,3,Medium,1.36
LANE-008903,Italy,P6,Rail,2026-03,11,Low,1.06
LANE-001286,Mexico,P6,Rail,2025-10,10,Low,0.82
LANE-016330,United Kingdom,P5,Truck,2025-06,3,Low,0.92
LANE-005018,Poland,P6,Ocean,2025-02,32,High,
LANE-014722,Czech Republic,P9,Truck,2025-04,4,Medium,1.15
LANE-012033,Canada,P10,Ocean,2026-09,23,Medium,0.65
LANE-012608,France,P6,Truck,2025-02,5,Medium,1.25
LANE-007388,Japan,P11,Ocean,2026-06,27,Low,0.78
LANE-002523,Germany,P10,Ocean,2026-03,30,Low,0.46
LANE-002979,China,P4,Rail,2025-09,12,Medium,0.69
LANE-001035,Mexico,P3,Truck,2025-01,5,Low,1.36
LANE-011983,Canada,P10,Truck,2026-03,4,Medium,1.51
LANE-003018,China,P4,Air,2025-04,3,Medium,2.21
LANE-001173,Mexico,P5,Truck,2025-07,5,Low,1.48
LANE-014527,Czech Republic,P6,Ocean,2025-07,30,Medium,0.47
LANE-012254,France,P1,Truck,2026-10,5,Medium,1.57
LANE-004953,Poland,P5,Air,2025-03,2,Low,2.16
LANE-015080,Thailand,P1,Rail,2025-10,10,Low,0.67
LANE-008828,Italy,P5,Ocean,2025-06,31,High,0.8
LANE-010115,Turkey,P10,Rail,2026-05,13,Medium,1.11
LANE-016864,United Kingdom,P11,Rail,2025-12,11,Medium,0.88
LANE-005395,Poland,P11,Air,2025-05,3,High,2.51
LANE-001505,Mexico,P9,Truck,2025-09,5,Low,1.49
LANE-011969,Canada,P10,Truck,2025-01,4,Medium,1.13
LANE-008753,Italy,P4,Rail,2026-07,11,Low,0.97
LANE-000191,United States,P3,Air,2026-03,2,Low,2.08
LANE-007207,Japan,P9,Rail,2026-01,11,Low,1.28
LANE-007143,Japan,P8,Ocean,2026-03,27,Low,0.46
LANE-012790,France,P8,Rail,2025-08,10,Medium,1.03
LANE-004076,India,P6,Air,2025-06,2,High,3.56
LANE-009065,Italy,P8,Rail,2025-01,10,Medium,1.05
LANE-013931,Spain,P11,Truck,2025-05,6,Low,1.47
LANE-003805,India,P3,Truck,2026-09,4,Low,0.87
LANE-001288,Mexico,P6,Rail,2025-12,11,Low,0.65
LANE-009286,Italy,P11,Ocean,2025-02,32,Low,0.78
LANE-011594,Canada,P5,Rail,2026-10,14,Low,0.7
LANE-004417,India,P11,Truck,2026-05,4,High,1.09
LANE-002573,Germany,P11,Rail,2026-09,9,High,0.95
LANE-004181,India,P8,Truck,2025-01,5,Low,1.39
LANE-011664,Canada,P6,Rail,2025-04,12,Low,1.05
LANE-002791,China,P2,Truck,2026-07,6,Medium,1.52
LANE-006835,Japan,P5,Truck,2026-03,3,Low,0.84
LANE-003352,China,P8,Air,2025-08,1,Low,2.14
LANE-012058,Canada,P11,Truck,2025-02,4,Medium,0.85
LANE-013757,Spain,P8,Air,2025-07,3,Low,2.27
LANE-015354,Thailand,P5,Truck,2026-08,3,Low,0.97
LANE-004415,India,P11,Truck,2026-03,4,High,1.6
LANE-011090,Vietnam,P11,Truck,2025-02,4,Low,1.44
LANE-011592,Canada,P5,Rail,2026-08,15,Low,1.05
LANE-000548,United States,P8,Truck,2026-08,4,High,1.52
LANE-007268,Japan,P10,Rail,2025-08,9,Medium,0.71
LANE-006687,Japan,P3,Rail,2026-09,9,Low,0.75
LANE-003086,China,P5,Ocean,2025-06,33,Medium,0.52
LANE-002285,Germany,P7,Rail,2026-07,10,Low,0.83
LANE-010574,Vietnam,P4,Rail,2026-02,9,Low,1.18
LANE-000999,Mexico,P2,Ocean,2025-09,32,Medium,
LANE-004171,India,P7,Air,2026-01,2,Medium,2.83
LANE-011113,Vietnam,P11,Rail,2025-03,14,Low,1.22
LANE-001689,Mexico,P11,Truck,2026-05,6,Low,1.07
LANE-006985,Japan,P6,Air,2025-11,2,Medium,2.58
LANE-010434,Vietnam,P2,Rail,2025-06,9,High,0.67
LANE-012843,France,P8,Air,2026-05,3,Low,2.95
LANE-013437,Spain,P4,Ocean,2026-05,24,Low,0.58
LANE-004559,Poland,P1,Truck,2025-05,5,Medium,0.86
LANE-008465,South Korea,P12,Air,2026-05,3,Medium,3.9
LANE-006117,Brazil,P8,Ocean,2025-01,18,Low,0.68
LANE-003595,China,P12,Rail,2025-09,11,Medium,0.7
LANE-012998,France,P10,Ocean,2026-06,33,Low,0.73
LANE-016821,United Kingdom,P10,Air,2026-01,2,Low,3.69
LANE-006224,Brazil,P9,Ocean,2026-08,29,Low,0.72
LANE-003308,China,P8,Truck,2025-08,2,Low,1.03
LANE-007611,South Korea,P2,Ocean,2026-09,23,Low,0.52
LANE-010079,Turkey,P10,Truck,2025-03,5,Medium,1.37
LANE-009656,Turkey,P4,Truck,2026-08,3,Low,1.42
LANE-006373,Brazil,P11,Rail,2026-03,11,Low,1.08
LANE-014605,Czech Republic,P7,Ocean,2026-07,32,Medium,0.47
LANE-005044,Poland,P7,Truck,2025-06,4,Low,0.99
LANE-010798,Vietnam,P6,Air,2026-06,2,Low,2.38
LANE-003621,China,P12,Ocean,2026-01,33,Medium,0.57
LANE-011670,Canada,P6,Rail,2025-10,9,Low,1.08
LANE-003317,China,P8,Truck,2026-05,1,Low,
LANE-013688,Spain,P8,Truck,2025-04,4,Medium,0.88
LANE-006096,Brazil,P8,Rail,2025-02,12,Low,0.92
LANE-006414,Brazil,P12,Truck,2025-12,5,Medium,1.58
LANE-013686,Spain,P8,Truck,2025-02,5,Medium,1.45
LANE-012932,France,P9,Air,2026-06,2,Medium,2.53
LANE-013113,France,P12,Ocean,2025-01,24,High,0.58
LANE-007699,South Korea,P3,Ocean,2026-09,29,High,0.82
LANE-000618,United States,P9,Rail,2025-02,12,Low,1.15
LANE-004945,Poland,P5,Ocean,2026-05,32,Low,0.5
LANE-015634,Thailand,P8,Ocean,2026-02,25,Low,0.8
LANE-009060,Italy,P8,Truck,2026-06,5,Low,0.82
LANE-012949,France,P10,Truck,2026-01,5,Medium,0.97
LANE-000853,United States,P12,Ocean,2026-05,29,Low,0.57
LANE-003068,China,P5,Rail,2025-10,9,Low,
LANE-000847,United States,P12,Ocean,2025-11,31,Low,0.46
LANE-014958,Czech Republic,P11,Ocean,2026-08,28,Medium,0.47
LANE-013584,Spain,P6,Ocean,2025-10,21,Low,0.68
LANE-000308,United States,P5,Truck,2026-10,4,High,0.99
LANE-011865,Canada,P8,Air,2025-07,2,Low,3.92
LANE-007394,Japan,P12,Truck,2025-02,5,Medium,1.05
LANE-010478,Vietnam,P3,Truck,2025-06,5,Medium,1.46
LANE-003833,India,P3,Ocean,2025-05,30,Low,0.8
LANE-003207,China,P6,Air,2026-05,2,Medium,3.92
LANE-002293,Germany,P7,Ocean,2025-05,35,Medium,
LANE-006671,Japan,P3,Rail,2025-05,11,Low,0.76
LANE-012513,France,P4,Rail,2026-05,9,Low,0.64
LANE-009700,Turkey,P4,Ocean,2026-08,28,Medium,0.59
LANE-010265,Turkey,P12,Truck,2026-01,5,Low,0.83
LANE-006545,Japan,P1,Ocean,2025-11,29,Low,0.7
LANE-008003,South Korea,P7,Rail,2026-05,12,Low,0.69
LANE-012398,France,P3,Truck,2025-12,6,Medium,1.27
LANE-003024,China,P4,Air,2025-10,2,Medium,3.17
LANE-010704,Vietnam,P5,Air,2025-12,3,Medium,3.07
LANE-016009,United Kingdom,P1,Truck,2026-03,5,Low,0.84
LANE-015111,Thailand,P1,Ocean,2026-07,21,High,0.55
LANE-006684,Japan,P3,Rail,2026-06,12,Low,0.73
LANE-004129,India,P7,Rail,2026-03,13,High,0.79
LANE-007009,Japan,P7,Truck,2026-01,5,Medium,1.13
LANE-004578,Poland,P1,Rail,2025-02,10,High,0.98
LANE-008776,Italy,P4,Ocean,2026-08,30,Low,0.55
LANE-009490,Turkey,P2,Rail,2025-08,6,Medium,0.84
LANE-016654,United Kingdom,P8,Air,2026-10,2,Low,2.55
LANE-001921,Germany,P2,Truck,2025-07,4,Low,1.5
LANE-006647,Japan,P3,Truck,2025-03,7,Low,1.43
LANE-002957,China,P4,Truck,2025-09,5,Low,
LANE-005353,Poland,P11,Rail,2025-07,15,High,0.81
LANE-012343,France,P2,Rail,2025-01,11,Low,1.21
LANE-011960,Canada,P9,Air,2026-02,2,Medium,2.18
LANE-015772,Thailand,P10,Truck,2026-08,4,Low,1.35
LANE-015422,Thailand,P6,Truck,2026-10,4,Low,1.48
LANE-015145,Thailand,P2,Rail,2025-09,11,Low,0.86
LANE-012879,France,P9,Rail,2025-09,10,Medium,0.69
LANE-015744,Thailand,P9,Air,2026-02,3,Low,2.42
LANE-008873,Italy,P6,Truck,2025-07,5,Medium,1.52
LANE-011343,Canada,P2,Rail,2026-01,8,Medium,0.65
LANE-008105,South Korea,P8,Air,2025-09,2,Low,2.71
LANE-000583,United States,P8,Ocean,2025-11,28,Medium,
LANE-011198,Vietnam,P12,Truck,2026-10,4,Low,1.31
LANE-000043,United States,P1,Rail,2026-09,8,Low,1.16
LANE-001809,Mexico,P12,Ocean,2025-05,35,High,0.68
LANE-014779,Czech Republic,P9,Ocean,2026-05,31,Medium,0.68
LANE-007380,Japan,P11,Ocean,2025-10,25,Low,0.84
LANE-012698,France,P7,Rail,2025-04,12,Low,1.02
LANE-006677,Japan,P3,Rail,2025-11,9,Low,1.2
LANE-014844,Czech Republic,P10,Rail,2026-04,9,Low,
LANE-004751,Poland,P3,Rail,2026-09,11,Medium,1.24
LANE-001902,Germany,P1,Air,2025-10,3,High,3.71
LANE-012159,Canada,P12,Truck,2026-03,5,High,1.17
LANE-002597,Germany,P11,Air,2025-01,3,Low,3.75
LANE-001404,Mexico,P7,Ocean,2026-06,28,Low,0.79
LANE-000102,United States,P2,Air,2026-02,1,Low,3.06
LANE-005491,Poland,P12,Air,2026-01,3,Low,3.19
LANE-006031,Brazil,P7,Rail,2025-03,8,Low,1.02
LANE-001981,Germany,P3,Truck,2025-01,4,Medium,1.08
LANE-004482,India,P12,Truck,2026-04,3,Medium,1.2
LANE-001868,Germany,P1,Rail,2026-08,9,Low,1.1
LANE-009961,Turkey,P8,Truck,2026-05,5,Low,1.59
LANE-013515,Spain,P5,Ocean,2025-07,30,Low,0.6
LANE-006221,Brazil,P9,Ocean,2026-05,32,Low,0.44
LANE-015737,Thailand,P9,Air,2025-07,3,Low,3.4
LANE-010746,Vietnam,P6,Rail,2025-10,14,Medium,0.97
LANE-005745,Brazil,P3,Air,2025-03,2,Medium,3.73
LANE-004701,Poland,P2,Air,2026-03,3,Low,3.51
LANE-008283,South Korea,P10,Air,2025-11,2,High,2.74
LANE-016581,United Kingdom,P8,Truck,2026-03,5,Medium,1.19
LANE-004657,Poland,P2,Rail,2026-03,13,Low,1.28
LANE-015118,Thailand,P2,Truck,2025-04,5,Medium,1.32
LANE-007017,Japan,P7,Truck,2026-09,4,Medium,0.92
LANE-006222,Brazil,P9,Ocean,2026-06,28,Low,0.69
LANE-003916,India,P4,Ocean,2026-10,27,Low,0.45
LANE-011171,Vietnam,P11,Air,2026-05,2,Medium,3.54
LANE-008522,Italy,P1,Ocean,2025-08,30,High,
LANE-007614,South Korea,P2,Air,2025-02,3,Medium,2.47
LANE-007052,Japan,P7,Ocean,2025-12,27,High,
LANE-008914,Italy,P6,Ocean,2025-04,19,Low,0.83
LANE-012742,France,P7,Air,2025-04,3,High,2.11
LANE-000198,United States,P3,Air,2026-10,2,Low,3.31
LANE-003487,China,P10,Ocean,2025-11,23,Low,0.64
LANE-011340,Canada,P2,Rail,2025-10,12,Medium,1.11
LANE-011078,Vietnam,P10,Air,2025-12,3,Low,3.7
LANE-004393,India,P10,Air,2026-03,2,Medium,2.6
LANE-002982,China,P4,Rail,2025-12,8,Medium,1.12
LANE-012626,France,P6,Truck,2026-08,5,Medium,1.28
LANE-015081,Thailand,P1,Rail,2025-11,12,Low,0.66
LANE-016257,United Kingdom,P4,Truck,2026-09,5,Medium,1.41
LANE-013419,Spain,P4,Rail,2026-09,12,Low,0.78
LANE-011463,Canada,P4,Truck,2025-01,5,Low,1.5
LANE-008539,Italy,P1,Air,2025-03,2,Low,2.21
LANE-009846,Turkey,P6,Ocean,2025-12,24,Low,0.58
LANE-013886,Spain,P10,Rail,2025-04,13,Low,0.91
LANE-006079,Brazil,P8,Truck,2025-07,4,Medium,1.41
LANE-013283,Spain,P2,Air,2026-05,3,Low,3.24
LANE-013788,Spain,P9,Truck,2026-04,4,Low,1.08
LANE-004676,Poland,P2,Ocean,2025-12,28,Low,0.5
LANE-016075,United Kingdom,P1,Air,2026-03,3,Low,2.72
LANE-007226,Japan,P9,Ocean,2025-10,29,Low,0.54
LANE-001009,Mexico,P2,Ocean,2026-07,26,Medium,0.62
LANE-008761,Italy,P4,Ocean,2025-05,31,Low,0.44
LANE-001566,Mexico,P9,Air,2025-04,2,Medium,2.39
LANE-006499,Japan,P1,Truck,2025-09,5,Low,1.4
LANE-013597,Spain,P6,Air,2025-01,2,Medium,3.08
LANE-006557,Japan,P1,Air,2025-01,3,High,3.62
LANE-002331,Germany,P8,Truck,2026-09,4,Medium,1.09
LANE-008670,Italy,P3,Ocean,2025-02,35,High,0.54
LANE-000388,United States,P6,Rail,2026-02,12,Medium,0.89
LANE-008866,Italy,P5,Air,2026-10,3,Low,2.17
LANE-000130,United States,P3,Truck,2026-08,4,Low,1.17
LANE-014011,Spain,P12,Truck,2026-07,4,High,1.13
LANE-016598,United Kingdom,P8,Rail,2025-10,15,Medium,
LANE-002814,China,P2,Rail,2026-08,7,Low,0.72
LANE-012416,France,P3,Rail,2025-08,14,High,0.74
LANE-002343,Germany,P8,Rail,2025-11,13,Low,1.26
LANE-008188,South Korea,P9,Air,2025-04,3,Low,3.19
LANE-007163,Japan,P8,Air,2026-01,2,High,3.7
LANE-014660,Czech Republic,P8,Rail,2025-08,12,Medium,1.1
LANE-014544,Czech Republic,P7,Truck,2025-02,4,Low,1.51
LANE-012209,Canada,P12,Ocean,2026-09,37,Medium,0.66
LANE-006740,Japan,P4,Truck,2025-08,3,Low,1.47
LANE-001123,Mexico,P4,Rail,2025-01,12,Low,0.85
LANE-005230,Poland,P9,Truck,2026-04,4,Low,1.23
LANE-015738,Thailand,P9,Air,2025-08,2,Low,2.93
LANE-005284,Poland,P10,Truck,2025-04,1,Medium,1.15
LANE-001465,Mexico,P8,Ocean,2026-01,32,Low,0.74
LANE-016565,United Kingdom,P7,Air,2026-09,3,Medium,2.13
LANE-001440,Mexico,P8,Rail,2025-10,14,Low,0.95
LANE-010566,Vietnam,P4,Rail,2025-06,11,Low,1.24
LANE-011961,Canada,P9,Air,2026-03,3,Medium,2.63
LANE-000867,United States,P12,Air,2025-09,3,Low,2.6
LANE-008091,South Korea,P8,Ocean,2026-05,23,Low,0.65
LANE-004035,India,P6,Rail,2025-09,7,Medium,0.78
LANE-008425,South Korea,P12,Rail,2026-09,12,Low,0.89
LANE-001895,Germany,P1,Air,2025-03,2,High,2.65
LANE-000960,Mexico,P2,Truck,2026-02,3,High,1.37
LANE-015125,Thailand,P2,Truck,2025-11,4,Medium,1.17
LANE-001051,Mexico,P3,Truck,2026-05,5,Low,1.18
LANE-009854,Turkey,P6,Ocean,2026-08,26,Low,0.87
LANE-014541,Czech Republic,P6,Ocean,2026-09,29,Medium,0.64
LANE-006553,Japan,P1,Ocean,2026-07,28,Low,0.5
LANE-016585,United Kingdom,P8,Truck,2026-07,4,Medium,1.09
LANE-001687,Mexico,P11,Truck,2026-03,5,Low,1.37
LANE-001370,Mexico,P7,Rail,2025-06,13,High,1.02
LANE-015749,Thailand,P9,Air,2026-07,3,Low,3.71
LANE-006093,Brazil,P8,Truck,2026-09,5,Medium,1.38
LANE-012265,France,P1,Rail,2025-11,12,Low,1.09
LANE-004156,India,P7,Ocean,2026-08,27,Low,0.72
LANE-010899,Vietnam,P8,Rail,2025-09,11,Low,0.71
LANE-009200,Italy,P10,Rail,2025-04,13,Medium,1.18
LANE-012672,France,P6,Ocean,2026-10,34,Medium,0.46
LANE-012699,France,P7,Rail,2025-05,11,Low,0.64
LANE-006703,Japan,P3,Ocean,2026-03,32,Medium,0.56
LANE-014500,Czech Republic,P6,Rail,2025-02,10,Medium,1.03
LANE-016809,United Kingdom,P10,Air,2025-01,3,Low,2.23
LANE-002073,Germany,P4,Rail,2025-05,13,Low,
LANE-011503,Canada,P4,Rail,2026-07,11,Medium,1.27
LANE-008437,South Korea,P12,Ocean,2025-11,24,Low,0.86
LANE-015904,Thailand,P11,Air,2026-08,3,Medium,2.89
LANE-000428,United States,P6,Air,2025-10,3,Low,2.28
LANE-009690,Turkey,P4,Ocean,2025-10,35,Medium,0.5
LANE-001217,Mexico,P5,Ocean,2025-07,29,Low,0.69
LANE-000111,United States,P3,Truck,2025-01,5,Low,1.21
LANE-013498,Spain,P5,Rail,2025-12,12,Low,0.74
LANE-010973,Vietnam,P9,Rail,2026-05,13,Medium,0.84
LANE-002845,China,P2,Air,2025-07,2,Low,2.9
LANE-004700,Poland,P2,Air,2026-02,4,Low,4.03
LANE-015043,Czech Republic,P12,Air,2026-05,3,Low,3.17
LANE-016354,United Kingdom,P5,Rail,2025-08,11,Medium,1.28
LANE-005669,Brazil,P2,Air,2026-03,2,Low,2.11
LANE-009427,Turkey,P1,Ocean,2025-11,35,Low,0.54
LANE-004214,India,P8,Rail,2025-12,8,Medium,1.22
LANE-016150,United Kingdom,P3,Truck,2025-02,4,Low,1.04
LANE-016104,United Kingdom,P2,Truck,2026-10,5,Low,1.58
LANE-001243,Mexico,P5,Air,2025-11,4,High,3.09
LANE-012174,Canada,P12,Rail,2025-08,15,Low,1.28
LANE-009327,Italy,P12,Truck,2026-09,5,High,0.88
LANE-011420,Canada,P3,Rail,2025-02,9,Low,1.25
LANE-005348,Poland,P11,Rail,2025-02,9,High,1.19
LANE-001053,Mexico,P3,Truck,2026-07,6,Low,1.38
LANE-002731,China,P1,Rail,2025-03,12,Medium,1.09
LANE-009858,Turkey,P6,Air,2025-02,1,Low,2.73
LANE-012107,Canada,P11,Ocean,2025-07,29,Low,0.76
LANE-010275,Turkey,P12,Rail,2025-01,8,Low,1.18
LANE-015105,Thailand,P1,Ocean,2026-01,22,High,0.83
LANE-008839,Italy,P5,Ocean,2026-05,27,High,0.53
LANE-007863,South Korea,P5,Air,2025-09,3,Medium,2.92
LANE-002983,China,P4,Rail,2026-01,8,Medium,0.85
LANE-003767,India,P2,Ocean,2025-05,26,Low,0.73
LANE-007368,Japan,P11,Rail,2026-08,10,High,1.16
LANE-001851,Germany,P1,Rail,2025-03,12,Low,0.86
LANE-011737,Canada,P7,Truck,2025-11,4,Low,1.27
LANE-009244,Italy,P11,Truck,2025-04,5,Low,1.34
LANE-015155,Thailand,P2,Rail,2026-07,11,Low,1.18
LANE-014810,Czech Republic,P10,Truck,2025-04,5,Low,1.06
LANE-016859,United Kingdom,P11,Rail,2025-07,10,Medium,0.84
LANE-013602,Spain,P6,Air,2025-06,3,Medium,2.92
LANE-006885,Japan,P5,Ocean,2026-09,25,Low,0.55
LANE-016433,United Kingdom,P6,Truck,2026-09,4,High,1.56
LANE-013860,Spain,P9,Air,2026-10,3,Low,2.33
LANE-011057,Vietnam,P10,Ocean,2026-01,33,Medium,0.64
LANE-004802,Poland,P4,Truck,2025-06,4,Medium,0.93
LANE-003274,China,P7,Ocean,2026-06,26,Low,0.54
LANE-008962,Italy,P7,Truck,2025-08,5,High,1.34
LANE-003133,China,P6,Truck,2025-09,4,Low,0.8
LANE-002047,Germany,P4,Truck,2025-01,4,Low,0.98
LANE-001246,Mexico,P5,Air,2026-02,2,High,2.09
LANE-010021,Turkey,P9,Truck,2025-11,4,High,1.11
LANE-010940,Vietnam,P9,Truck,2025-06,6,Medium,1.04
LANE-001391,Mexico,P7,Ocean,2025-05,24,Low,0.48
LANE-009933,Turkey,P7,Ocean,2025-11,28,Low,0.47
LANE-016876,United Kingdom,P11,Ocean,2025-02,19,Low,0.73
LANE-014766,Czech Republic,P9,Ocean,2025-04,33,Medium,0.58
LANE-005331,Poland,P11,Truck,2025-07,4,Low,1.45
LANE-004461,India,P11,Ocean,2026-05,29,Low,0.58
LANE-010838,Vietnam,P7,Rail,2026-02,12,Low,1.09
LANE-002304,Germany,P7,Ocean,2026-04,26,Medium,0.72
LANE-009704,Turkey,P5,Truck,2025-02,4,High,0.9
LANE-001328,Mexico,P6,Air,2025-08,3,Low,3.83
LANE-014471,Czech Republic,P5,Air,2026-05,3,Low,3.45
LANE-007237,Japan,P9,Ocean,2026-09,25,Low,0.51
LANE-006635,Japan,P2,Ocean,2026-01,31,Low,0.51
LANE-004504,India,P12,Rail,2026-04,12,Medium,1.0
LANE-002391,Germany,P8,Air,2026-03,2,Low,3.07
LANE-014124,Czech Republic,P1,Rail,2026-10,10,Low,0.84
LANE-001938,Germany,P2,Rail,2025-02,11,Low,0.98
LANE-004778,Poland,P3,Air,2025-04,2,Low,2.65
LANE-000296,United States,P5,Truck,2025-10,5,High,1.46
LANE-006710,Japan,P3,Ocean,2026-10,20,Medium,0.8
LANE-007446,Japan,P12,Ocean,2025-10,31,Low,
LANE-000802,United States,P12,Truck,2025-10,4,Medium,0.96
LANE-016047,United Kingdom,P1,Ocean,2025-09,30,Low,0.51
LANE-010774,Vietnam,P6,Ocean,2026-04,32,Low,0.46
LANE-014753,Czech Republic,P9,Rail,2026-01,10,Low,0.95
LANE-012818,France,P8,Ocean,2026-02,23,Low,0.67
LANE-002095,Germany,P4,Ocean,2025-05,30,High,0.63
LANE-008260,South Korea,P10,Ocean,2025-10,24,Low,0.52
LANE-002537,Germany,P11,Truck,2025-07,5,High,1.1
LANE-016247,United Kingdom,P4,Truck,2025-11,4,Medium,1.35
LANE-016261,United Kingdom,P4,Rail,2025-03,10,Low,1.09
LANE-004776,Poland,P3,Air,2025-02,3,Low,3.54
LANE-009751,Turkey,P5,Ocean,2025-05,28,Low,0.83
LANE-010490,Vietnam,P3,Truck,2026-06,5,Medium,1.05
LANE-002170,Germany,P5,Air,2026-02,1,Low,3.67
LANE-001112,Mexico,P4,Truck,2025-12,4,Low,1.28
LANE-001476,Mexico,P8,Air,2025-02,2,Low,2.96
LANE-013332,Spain,P3,Rail,2026-10,11,Low,0.85
LANE-010236,Turkey,P11,Air,2025-06,2,High,3.24
LANE-012737,France,P7,Ocean,2026-09,22,Low,0.82
LANE-002475,Germany,P10,Truck,2025-11,5,Medium,1.36
LANE-016578,United Kingdom,P8,Truck,2025-12,5,Medium,0.88
LANE-006294,Brazil,P10,Ocean,2025-02,30,Medium,
LANE-013750,Spain,P8,Ocean,2026-10,28,Medium,0.79
LANE-014132,Czech Republic,P1,Ocean,2025-08,28,Low,0.54
LANE-011091,Vietnam,P11,Truck,2025-03,4,Low,1.02
LANE-009283,Italy,P11,Rail,2026-09,12,Low,1.27
LANE-007844,South Korea,P5,Ocean,2025-12,35,Medium,0.57
LANE-004198,India,P8,Truck,2026-06,5,Low,1.58
LANE-005096,Poland,P7,Ocean,2026-02,25,Low,0.78
LANE-014107,Czech Republic,P1,Rail,2025-05,9,Low,1.15
LANE-002611,Germany,P11,Air,2026-03,2,Low,3.96
LANE-001703,Mexico,P11,Rail,2025-09,11,Medium,0.92
LANE-004478,India,P12,Truck,2025-12,4,Medium,1.39
LANE-007637,South Korea,P3,Truck,2025-03,4,Low,1.03
LANE-006380,Brazil,P11,Rail,2026-10,12,Low,0.9
LANE-000964,Mexico,P2,Truck,2026-06,4,High,0.95
LANE-000562,United States,P8,Rail,2025-12,9,Low,1.28
LANE-002057,Germany,P4,Truck,2025-11,4,Low,1.19
LANE-010553,Vietnam,P4,Truck,2026-03,5,Medium,1.03
LANE-006823,Japan,P5,Truck,2025-03,4,Low,0.96
LANE-000015,United States,P1,Truck,2026-03,1,Low,0.89
LANE-002800,China,P2,Rail,2025-06,14,Low,0.77
LANE-005322,Poland,P10,Rail,2026-08,9,Low,0.7
LANE-008717,Italy,P4,Truck,2025-05,6,Medium,1.23
LANE-001609,Mexico,P10,Rail,2025-03,12,Medium,
LANE-008365,South Korea,P11,Air,2025-05,2,Medium,3.23
LANE-015852,Thailand,P11,Rail,2025-12,15,Low,1.08
LANE-002498,Germany,P10,Rail,2025-12,9,Medium,0.73
LANE-012142,Canada,P11,Air,2026-08,2,Low,2.15
LANE-014629,Czech Republic,P7,Air,2026-09,2,Low,3.39
LANE-008919,Italy,P6,Ocean,2025-09,26,Low,0.75
LANE-000625,United States,P9,Rail,2025-09,11,Low,0.94
LANE-004971,Poland,P5,Air,2026-09,3,Low,2.27
LANE-000375,United States,P6,Rail,2025-01,8,Medium,1.24
LANE-004601,Poland,P1,Ocean,2025-03,26,Medium,0.8
LANE-016968,United Kingdom,P12,Air,2025-06,3,Low,3.05
LANE-015537,Thailand,P7,Ocean,2025-05,36,Low,0.75
LANE-014900,Czech Republic,P11,Truck,2025-06,5,Medium,1.36
LANE-009527,Turkey,P2,Air,2025-01,2,Medium,3.41
LANE-005338,Poland,P11,Truck,2026-02,5,Low,1.39
LANE-010861,Vietnam,P7,Ocean,2026-03,30,Low,0.78
LANE-014738,Czech Republic,P9,Truck,2026-08,5,Medium,1.44
LANE-014906,Czech Republic,P11,Truck,2025-12,5,Medium,1.09
LANE-013547,Spain,P6,Truck,2026-05,5,Low,1.43
LANE-013920,Spain,P10,Ocean,2026-04,28,Low,0.47
LANE-009280,Italy,P11,Rail,2026-06,15,Low,0.64
LANE-006881,Japan,P5,Ocean,2026-05,27,Low,0.58
LANE-002966,China,P4,Truck,2026-06,4,Low,0.92
LANE-002769,China,P1,Ocean,2026-07,19,Low,0.47
LANE-009550,Turkey,P3,Truck,2025-02,5,Medium,0.91
LANE-014114,Czech Republic,P1,Rail,2025-12,16,Low,1.04
LANE-002931,China,P3,Air,2025-05,2,High,2.17
LANE-015890,Thailand,P11,Air,2025-06,2,Medium,4.0
LANE-006123,Brazil,P8,Ocean,2025-07,32,Low,0.83
LANE-012009,Canada,P10,Rail,2026-07,13,Low,
LANE-002165,Germany,P5,Air,2025-09,1,Low,2.14
LANE-004576,Poland,P1,Truck,2026-10,4,Medium,1.58
LANE-008576,Italy,P2,Truck,2026-06,5,Low,1.19
LANE-012155,Canada,P12,Truck,2025-11,5,High,1.46
LANE-008184,South Korea,P9,Ocean,2026-10,19,Medium,0.53
LANE-003321,China,P8,Truck,2026-09,2,Low,1.55
LANE-011580,Canada,P5,Rail,2025-08,11,Low,
LANE-014295,Czech Republic,P3,Rail,2026-05,12,Medium,1.07
LANE-011270,Canada,P1,Rail,2025-06,15,Medium,1.0
LANE-006239,Brazil,P9,Air,2026-01,3,Low,3.37
LANE-007576,South Korea,P2,Rail,2025-08,13,Low,1.08
LANE-000071,United States,P2,Rail,2025-05,9,Low,1.1
LANE-001871,Germany,P1,Ocean,2025-01,26,Low,0.77
LANE-010082,Turkey,P10,Truck,2025-06,5,Medium,1.22
LANE-002908,China,P3,Ocean,2025-04,27,Low,0.72
LANE-016511,United Kingdom,P7,Rail,2025-11,11,Medium,0.77
LANE-010389,Vietnam,P1,Air,2025-05,2,Medium,2.49
LANE-013914,Spain,P10,Ocean,2025-10,30,Low,0.47
LANE-000290,United States,P5,Truck,2025-04,6,High,1.54
LANE-013696,Spain,P8,Truck,2025-12,4,Medium,1.42
LANE-012922,France,P9,Air,2025-08,3,Medium,2.67
LANE-015240,Thailand,P3,Ocean,2026-04,29,Low,0.6
LANE-011707,Canada,P6,Air,2025-03,3,Low,3.83
LANE-002218,Germany,P6,Rail,2026-06,12,Low,1.18
LANE-012637,France,P6,Rail,2025-09,13,Low,0.76
LANE-003329,China,P8,Rail,2025-07,5,High,1.22
LANE-003839,India,P3,Ocean,2025-11,31,Low,0.63
LANE-014568,Czech Republic,P7,Rail,2025-04,9,Low,1.0
LANE-016965,United Kingdom,P12,Air,2025-03,2,Low,3.65
LANE-013812,Spain,P9,Rail,2026-06,9,Low,0.91
LANE-005849,Brazil,P5,Truck,2026-07,4,Low,1.4
LANE-004142,India,P7,Ocean,2025-06,17,Low,0.45
LANE-001139,Mexico,P4,Rail,2026-05,11,Low,1.13
LANE-004860,Poland,P4,Ocean,2026-08,25,Medium,0.53
LANE-011918,Canada,P9,Rail,2026-04,10,Medium,0.84
LANE-009489,Turkey,P2,Rail,2025-07,11,Medium,0.9
LANE-005168,Poland,P8,Rail,2026-08,13,Low,1.05
LANE-009379,Turkey,P1,Truck,2025-07,4,Medium,0.8
LANE-013962,Spain,P11,Rail,2026-02,10,High,0.94
LANE-009163,Italy,P9,Ocean,2025-11,32,Low,0.84
LANE-003354,China,P8,Air,2025-10,1,Low,2.98
LANE-011672,Canada,P6,Rail,2025-12,13,Low,0.92
LANE-011828,Canada,P8,Rail,2026-02,14,Low,1.23
LANE-011606,Canada,P5,Ocean,2025-12,28,Low,
LANE-005031,Poland,P6,Ocean,2026-03,25,High,0.64
LANE-011442,Canada,P3,Air,2025-02,1,Low,2.53
LANE-004521,India,P12,Ocean,2025-11,33,Low,0.45
LANE-012853,France,P9,Truck,2025-05,5,Low,1.41
LANE-005118,Poland,P7,Air,2026-02,2,Low,4.07
LANE-016959,United Kingdom,P12,Ocean,2026-07,30,Low,0.47
LANE-001749,Mexico,P11,Air,2025-11,2,Low,2.59
LANE-001571,Mexico,P9,Air,2025-09,2,Medium,
LANE-011123,Vietnam,P11,Rail,2026-01,10,Low,0.74
LANE-007827,South Korea,P5,Rail,2026-05,13,Low,
LANE-013055,France,P11,Ocean,2025-09,30,Medium,0.51
LANE-000224,United States,P4,Rail,2025-04,11,Low,1.19
LANE-009714,Turkey,P5,Truck,2025-12,5,High,
LANE-008130,South Korea,P9,Truck,2025-12,3,Medium,1.16
LANE-000940,Mexico,P1,Ocean,2026-04,24,Medium,0.65
LANE-009685,Turkey,P4,Ocean,2025-05,29,Medium,0.84
LANE-006575,Japan,P1,Air,2026-07,2,High,2.52
LANE-002201,Germany,P6,Rail,2025-01,8,Low,1.26
LANE-003977,India,P5,Ocean,2026-05,24,High,0.56
LANE-011432,Canada,P3,Rail,2026-02,8,Low,1.06
LANE-015066,Thailand,P1,Truck,2026-06,4,Medium,1.2
LANE-010994,Vietnam,P9,Ocean,2026-04,27,Low,0.8
LANE-015805,Thailand,P10,Ocean,2025-09,31,Low,0.78
LANE-005875,Brazil,P5,Ocean,2025-01,32,Low,0.8
LANE-000801,United States,P12,Truck,2025-09,4,Medium,1.21
LANE-014953,Czech Republic,P11,Ocean,2026-03,25,Medium,0.46
LANE-012749,France,P7,Air,2025-11,2,High,4.08
LANE-015025,Czech Republic,P12,Ocean,2026-09,35,Low,0.49
LANE-005789,Brazil,P4,Rail,2025-03,9,Low,1.22
LANE-000477,United States,P7,Rail,2026-03,10,Medium,0.7
LANE-002332,Germany,P8,Truck,2026-10,6,Medium,0.83
LANE-013827,Spain,P9,Ocean,2025-11,26,Medium,0.64
LANE-006200,Brazil,P9,Rail,2026-06,10,Medium,1.27
LANE-011542,Canada,P4,Air,2026-02,3,Low,3.88
LANE-010344,Vietnam,P1,Rail,2025-04,17,Low,1.25
LANE-012593,France,P5,Ocean,2025-09,33,Low,0.69
LANE-008101,South Korea,P8,Air,2025-05,2,Low,2.88
LANE-007698,South Korea,P3,Ocean,2026-08,30,High,
LANE-003047,China,P5,Truck,2025-11,3,Low,0.92
LANE-001524,Mexico,P9,Rail,2025-06,13,Low,0.91
LANE-016921,United Kingdom,P12,Rail,2025-03,11,Medium,0.91
LANE-001848,Germany,P1,Truck,2026-10,5,Low,1.6
LANE-014317,Czech Republic,P3,Ocean,2026-05,31,Medium,0.44
LANE-011482,Canada,P4,Truck,2026-08,4,Low,1.27
LANE-016490,United Kingdom,P7,Truck,2025-12,5,Medium,
LANE-001728,Mexico,P11,Ocean,2025-12,27,High,0.48
LANE-002183,Germany,P6,Truck,2025-05,4,Low,0.86
LANE-005156,Poland,P8,Rail,2025-08,6,Low,1.23
LANE-001069,Mexico,P3,Rail,2026-01,12,Low,1.06
LANE-013097,France,P12,Rail,2025-07,12,Low,0.97
LANE-001399,Mexico,P7,Ocean,2026-01,24,Low,0.58
LANE-007443,Japan,P12,Ocean,2025-07,30,Low,0.81
LANE-003208,China,P6,Air,2026-06,2,Medium,2.14
LANE-012820,France,P8,Ocean,2026-04,26,Low,0.8
LANE-008772,Italy,P4,Ocean,2026-04,24,Low,0.73
LANE-015584,Thailand,P8,Truck,2025-08,4,Low,1.04
LANE-011770,Canada,P7,Rail,2026-10,14,Low,1.09
LANE-009066,Italy,P8,Rail,2025-02,13,Medium,0.95
LANE-001812,Mexico,P12,Ocean,2025-08,28,High,0.66
LANE-016560,United Kingdom,P7,Air,2026-04,2,Medium,3.73
LANE-011561,Canada,P5,Truck,2025-11,5,High,1.18
LANE-012841,France,P8,Air,2026-03,3,Low,3.63
LANE-007263,Japan,P10,Rail,2025-03,9,Medium,0.99
LANE-008735,Italy,P4,Rail,2025-01,13,Low,0.92
LANE-003954,India,P5,Rail,2026-04,9,Medium,0.78
LANE-001078,Mexico,P3,Rail,2026-10,12,Low,1.06
LANE-015443,Thailand,P6,Rail,2026-09,13,Low,1.09
LANE-003530,China,P11,Rail,2025-10,16,Medium,1.27
LANE-002450,Germany,P9,Ocean,2025-08,27,Low,0.51
LANE-005666,Brazil,P2,Air,2025-12,2,Low,2.61
LANE-003457,China,P10,Rail,2025-03,12,Low,1.16
LANE-009468,Turkey,P2,Truck,2025-08,4,Medium,1.07
LANE-011308,Canada,P1,Ocean,2026-10,29,Low,
LANE-000690,United States,P10,Truck,2025-08,5,Low,1.16
LANE-013654,Spain,P7,Rail,2026-02,12,Low,1.18
LANE-002139,Germany,P5,Rail,2025-05,8,Low,1.16
LANE-002954,China,P4,Truck,2025-06,4,Low,1.18
LANE-011858,Canada,P8,Ocean,2026-10,31,High,0.45
LANE-000528,United States,P7,Air,2026-10,3,Medium,3.19
LANE-000076,United States,P2,Rail,2025-10,9,Low,0.87
LANE-002198,Germany,P6,Truck,2026-08,5,Low,1.17
LANE-014034,Spain,P12,Rail,2026-08,13,Low,0.64
LANE-016260,United Kingdom,P4,Rail,2025-02,8,Low,0.78
LANE-003069,China,P5,Rail,2025-11,14,Low,1.0
LANE-005438,Poland,P12,Rail,2025-04,10,Low,0.7
LANE-014113,Czech Republic,P1,Rail,2025-11,8,Low,
LANE-006738,Japan,P4,Truck,2025-06,4,Low,1.42
LANE-013657,Spain,P7,Rail,2026-05,13,Low,0.87
LANE-003822,India,P3,Rail,2026-04,13,Low,0.8
LANE-009730,Turkey,P5,Rail,2025-06,11,Medium,0.8
LANE-002665,Germany,P12,Ocean,2025-03,19,Low,0.61
LANE-002778,China,P2,Truck,2025-06,5,Medium,1.34
LANE-002818,China,P2,Ocean,2025-02,31,Low,0.75
LANE-006602,Japan,P2,Rail,2025-02,8,Medium,1.11
LANE-001443,Mexico,P8,Rail,2026-01,11,Low,1.25
LANE-011460,Canada,P3,Air,2026-08,1,Low,2.48
LANE-001891,Germany,P1,Ocean,2026-09,24,Low,0.77
LANE-009144,Italy,P9,Rail,2026-02,12,High,1.22
LANE-003568,China,P12,Truck,2025-04,5,High,1.57
LANE-004779,Poland,P3,Air,2025-05,3,Low,2.95
LANE-008387,South Korea,P12,Truck,2025-05,4,Low,1.13
LANE-008155,South Korea,P9,Rail,2026-03,12,High,1.22
LANE-001151,Mexico,P4,Ocean,2025-07,14,Low,0.59
LANE-000553,United States,P8,Rail,2025-03,12,Low,0.73
LANE-013366,Spain,P3,Air,2025-12,2,High,2.48
LANE-015117,Thailand,P2,Truck,2025-03,4,Medium,0.92
LANE-004043,India,P6,Rail,2026-05,11,Medium,1.08
LANE-005844,Brazil,P5,Truck,2026-02,4,Low,0.91
LANE-002813,China,P2,Rail,2026-07,11,Low,0.81
LANE-006273,Brazil,P10,Rail,2025-03,11,Low,1.09
LANE-007617,South Korea,P2,Air,2025-05,3,Medium,3.73
LANE-005909,Brazil,P5,Air,2026-01,4,Low,3.37
LANE-005262,Poland,P9,Ocean,2025-04,23,Medium,0.58
LANE-011341,Canada,P2,Rail,2025-11,12,Medium,0.89
LANE-013344,Spain,P3,Ocean,2025-12,28,Low,0.75
LANE-000983,Mexico,P2,Rail,2026-03,8,Low,0.7
LANE-014248,Czech Republic,P2,Air,2026-02,2,High,3.41
LANE-005697,Brazil,P3,Truck,2026-09,4,Low,1.38
LANE-005653,Brazil,P2,Ocean,2026-09,27,Low,0.8
LANE-010122,Turkey,P10,Ocean,2025-02,26,Medium,0.49
LANE-009217,Italy,P10,Rail,2026-09,13,Medium,1.0
LANE-008600,Italy,P2,Rail,2026-08,8,Low,0.83
LANE-011347,Canada,P2,Rail,2026-05,12,Medium,
LANE-006257,Brazil,P10,Truck,2025-09,4,Low,0.96
LANE-005978,Brazil,P6,Ocean,2026-04,32,Low,0.68
LANE-006039,Brazil,P7,Rail,2025-11,8,Low,0.65
LANE-012139,Canada,P11,Air,2026-05,2,Low,3.4
LANE-010984,Vietnam,P9,Ocean,2025-06,30,Low,
LANE-012466,France,P3,Air,2026-02,3,Medium,3.32
LANE-016956,United Kingdom,P12,Ocean,2026-04,28,Low,0.66
LANE-015973,Thailand,P12,Air,2025-01,3,Low,
LANE-014104,Czech Republic,P1,Rail,2025-02,9,Low,0.71
LANE-007846,South Korea,P5,Ocean,2026-02,31,Medium,0.66
LANE-012810,France,P8,Ocean,2025-06,20,Low,0.51
LANE-000595,United States,P9,Truck,2025-01,3,Low,1.11
LANE-014921,Czech Republic,P11,Rail,2025-05,12,Low,1.05
LANE-008622,Italy,P2,Ocean,2026-08,24,Low,0.86
LANE-004858,Poland,P4,Ocean,2026-06,25,Medium,
LANE-007719,South Korea,P4,Truck,2026-07,6,Low,1.44
LANE-011187,Vietnam,P12,Truck,2025-11,3,Low,1.5
LANE-008526,Italy,P1,Ocean,2025-12,21,High,0.65
LANE-005581,Brazil,P1,Air,2026-03,3,Medium,3.61
LANE-002554,Germany,P11,Rail,2025-02,14,High,1.2
LANE-000395,United States,P6,Rail,2026-09,8,Medium,1.14
LANE-010717,Vietnam,P6,Truck,2025-03,4,Low,1.53
LANE-004670,Poland,P2,Ocean,2025-06,26,Low,0.46
LANE-005418,Poland,P12,Truck,2025-06,4,Low,1.47
LANE-013902,Spain,P10,Rail,2026-08,12,Low,1.16
LANE-016611,United Kingdom,P8,Ocean,2025-01,24,Medium,0.86
LANE-006389,Brazil,P11,Ocean,2025-09,28,High,0.65
LANE-002864,China,P3,Truck,2025-04,4,High,1.52
LANE-002439,Germany,P9,Rail,2026-07,10,Low,1.06
LANE-003427,China,P9,Ocean,2026-05,28,Low,0.59
LANE-012980,France,P10,Rail,2026-10,12,Medium,1.07
LANE-008752,Italy,P4,Rail,2026-06,10,Low,0.99
LANE-000297,United States,P5,Truck,2025-11,4,High,1.3
LANE-015810,Thailand,P10,Ocean,2026-02,20,Low,0.82
LANE-003579,China,P12,Truck,2026-03,5,High,1.56
LANE-006569,Japan,P1,Air,2026-01,1,High,2.09
LANE-001778,Mexico,P12,Truck,2026-06,5,High,1.48
LANE-012625,France,P6,Truck,2026-07,4,Medium,1.13
LANE-011733,Canada,P7,Truck,2025-07,3,Low,1.33
LANE-012362,France,P2,Rail,2026-08,10,Low,
LANE-010645,Vietnam,P5,Truck,2026-07,5,Low,1.51
LANE-002763,China,P1,Ocean,2026-01,22,Low,0.53
LANE-005319,Poland,P10,Rail,2026-05,10,Low,1.04
LANE-002003,Germany,P3,Rail,2025-01,10,Low,
LANE-014941,Czech Republic,P11,Ocean,2025-03,26,Medium,0.55
LANE-012663,France,P6,Ocean,2026-01,32,Medium,0.78
LANE-016480,United Kingdom,P7,Truck,2025-02,4,Medium,1.09
LANE-012441,France,P3,Ocean,2025-11,25,Low,0.55
LANE-005834,Brazil,P5,Truck,2025-04,4,Low,0.91
LANE-015067,Thailand,P1,Truck,2026-07,4,Medium,1.19
LANE-003463,China,P10,Rail,2025-09,11,Low,0.89
LANE-010573,Vietnam,P4,Rail,2026-01,11,Low,0.87
LANE-010112,Turkey,P10,Rail,2026-02,10,Medium,1.27
LANE-013529,Spain,P5,Ocean,2026-09,32,Low,0.62
LANE-010219,Turkey,P11,Ocean,2025-11,27,Low,0.73
LANE-013031,France,P11,Rail,2025-07,14,Medium,1.17
LANE-013888,Spain,P10,Rail,2025-06,11,Low,0.74
LANE-016670,United Kingdom,P9,Truck,2026-04,4,Medium,0.85
LANE-002887,China,P3,Rail,2025-05,13,Medium,0.88
LANE-011573,Canada,P5,Rail,2025-01,10,Low,0.81
LANE-005643,Brazil,P2,Ocean,2025-11,25,Low,
LANE-016868,United Kingdom,P11,Rail,2026-04,8,Medium,0.82
LANE-013689,Spain,P8,Truck,2025-05,3,Medium,0.94
LANE-007571,South Korea,P2,Rail,2025-03,12,Low,0.82
LANE-005555,Brazil,P1,Ocean,2025-11,29,Medium,0.73
LANE-004062,India,P6,Ocean,2026-02,18,Medium,0.58
LANE-012322,France,P2,Truck,2025-02,5,Medium,1.47
LANE-015323,Thailand,P4,Air,2025-11,2,Low,2.99
LANE-000866,United States,P12,Air,2025-08,2,Low,3.4
LANE-001980,Germany,P2,Ocean,2026-10,25,Low,0.62
LANE-013118,France,P12,Ocean,2025-06,28,High,0.86
LANE-007833,South Korea,P5,Ocean,2025-01,30,Medium,0.79
LANE-016623,United Kingdom,P8,Ocean,2026-01,21,Medium,
LANE-010858,Vietnam,P7,Ocean,2025-12,34,Low,0.81
LANE-010407,Vietnam,P2,Truck,2025-01,4,Low,1.11
LANE-001522,Mexico,P9,Rail,2025-04,10,Low,1.0
LANE-008938,Italy,P6,Air,2025-06,3,Low,2.44
LANE-000045,United States,P2,Truck,2025-01,2,Low,0.94
LANE-005934,Brazil,P6,Truck,2026-04,5,Low,1.48
LANE-011302,Canada,P1,Ocean,2026-04,23,Low,0.48
LANE-003860,India,P4,Truck,2025-10,5,Medium,1.26
LANE-006352,Brazil,P11,Truck,2026-04,4,Medium,1.45
LANE-015993,Thailand,P12,Air,2026-09,3,Low,
LANE-014566,Czech Republic,P7,Rail,2025-02,14,Low,1.03
LANE-005233,Poland,P9,Truck,2026-07,4,Low,1.25
LANE-014281,Czech Republic,P3,Rail,2025-03,9,Medium,0.82
LANE-012898,France,P9,Ocean,2025-06,28,Low,0.57
LANE-014650,Czech Republic,P8,Truck,2026-08,4,Medium,1.24
LANE-012552,France,P5,Truck,2025-12,4,Medium,1.2
LANE-009696,Turkey,P4,Ocean,2026-04,27,Medium,0.55
LANE-000884,Mexico,P1,Truck,2025-04,4,Medium,0.91
LANE-014401,Czech Republic,P5,Truck,2026-01,4,Low,1.58
LANE-011626,Canada,P5,Air,2025-10,1,Low,3.48
LANE-011348,Canada,P2,Rail,2026-06,11,Medium,0.75
LANE-011734,Canada,P7,Truck,2025-08,5,Low,1.5
LANE-015414,Thailand,P6,Truck,2026-02,5,Low,1.22
LANE-007135,Japan,P8,Ocean,2025-07,25,Low,0.85
LANE-000918,Mexico,P1,Rail,2026-04,11,Medium,1.1
LANE-016431,United Kingdom,P6,Truck,2026-07,5,High,0.86
LANE-016783,United Kingdom,P10,Rail,2026-07,7,Medium,0.79
LANE-015011,Czech Republic,P12,Ocean,2025-07,30,Low,0.56
LANE-009416,Turkey,P1,Rail,2026-10,14,Medium,1.22
LANE-005294,Poland,P10,Truck,2026-02,1,Medium,0.88
LANE-002527,Germany,P10,Ocean,2026-07,27,Low,
LANE-012524,France,P4,Air,2025-06,1,High,3.37
LANE-013434,Spain,P4,Ocean,2026-02,20,Low,0.88
LANE-015091,Thailand,P1,Rail,2026-09,10,Low,0.81
LANE-012847,France,P8,Air,2026-09,2,Low,2.54
LANE-009857,Turkey,P6,Air,2025-01,3,Low,4.12
LANE-006778,Japan,P4,Ocean,2025-02,31,Low,0.7
LANE-007976,South Korea,P7,Truck,2025-12,5,Low,0.92
LANE-001525,Mexico,P9,Rail,2025-07,9,Low,0.86
LANE-004002,India,P5,Air,2026-08,3,Low,
LANE-016714,United Kingdom,P9,Ocean,2026-04,31,High,0.45
LANE-015669,Thailand,P9,Truck,2025-05,5,Low,1.52
LANE-008551,Italy,P1,Air,2026-03,3,Low,3.92
LANE-013532,Spain,P6,Truck,2025-02,5,Low,0.98
LANE-008299,South Korea,P11,Truck,2025-05,4,Low,1.53
LANE-013546,Spain,P6,Truck,2026-04,6,Low,0.85
LANE-003257,China,P7,Ocean,2025-01,28,Low,0.86
LANE-009786,Turkey,P5,Air,2026-06,3,High,4.01
LANE-007708,South Korea,P4,Truck,2025-08,4,Low,0.81
LANE-013148,Spain,P1,Truck,2026-02,3,High,1.25
LANE-007835,South Korea,P5,Ocean,2025-03,19,Medium,0.73
LANE-002598,Germany,P11,Air,2025-02,2,Low,2.93
LANE-016514,United Kingdom,P7,Rail,2026-02,12,Medium,1.26
LANE-014022,Spain,P12,Rail,2025-08,14,Low,0.89
LANE-015420,Thailand,P6,Truck,2026-08,3,Low,1.11
LANE-006406,Brazil,P12,Truck,2025-04,5,Medium,1.35
LANE-011781,Canada,P7,Ocean,2025-11,29,Low,0.87
LANE-002069,Germany,P4,Rail,2025-01,11,Low,1.01
LANE-013294,Spain,P3,Truck,2025-06,4,Low,0.94
LANE-016902,United Kingdom,P12,Truck,2025-06,5,High,1.59
LANE-007270,Japan,P10,Rail,2025-10,13,Medium,1.01
LANE-013870,Spain,P10,Truck,2025-10,4,High,1.06
LANE-001445,Mexico,P8,Rail,2026-03,10,Low,0.86
LANE-007911,South Korea,P6,Rail,2026-01,12,Low,0.74
LANE-015384,Thailand,P5,Ocean,2025-06,23,Medium,0.49
LANE-010614,Vietnam,P4,Air,2025-10,3,Medium,3.49
LANE-001513,Mexico,P9,Truck,2026-05,4,Low,1.15
LANE-004605,Poland,P1,Ocean,2025-07,29,Medium,0.6
LANE-010950,Vietnam,P9,Truck,2026-04,4,Medium,1.57
LANE-006135,Brazil,P8,Ocean,2026-07,28,Low,0.82
LANE-002462,Germany,P9,Ocean,2026-08,23,Low,0.72
LANE-014992,Czech Republic,P12,Rail,2025-10,13,Medium,0.65
LANE-003361,China,P8,Air,2026-05,1,Low,2.5
LANE-008862,Italy,P5,Air,2026-06,2,Low,3.76
LANE-003284,China,P7,Air,2025-06,3,Low,2.97
LANE-013343,Spain,P3,Ocean,2025-11,27,Low,0.5
LANE-016602,United Kingdom,P8,Rail,2026-02,9,Medium,1.04
LANE-014956,Czech Republic,P11,Ocean,2026-06,24,Medium,0.76
LANE-004758,Poland,P3,Ocean,2025-06,33,Medium,0.56
LANE-007640,South Korea,P3,Truck,2025-06,5,Low,1.5
LANE-003389,China,P9,Rail,2025-01,14,Medium,0.94
LANE-012592,France,P5,Ocean,2025-08,22,Low,0.46
LANE-007960,South Korea,P6,Air,2026-06,3,Low,3.46
LANE-002394,Germany,P8,Air,2026-06,3,Low,2.87
LANE-009193,Italy,P10,Truck,2026-07,5,Low,0.96
LANE-000692,United States,P10,Truck,2025-10,4,Low,0.86
LANE-006978,Japan,P6,Air,2025-04,3,Medium,2.73
LANE-002442,Germany,P9,Rail,2026-10,12,Low,0.68
LANE-003325,China,P8,Rail,2025-03,9,High,1.24
LANE-004771,Poland,P3,Ocean,2026-07,26,Medium,0.73
LANE-000087,United States,P2,Rail,2026-09,9,Low,0.97
LANE-014476,Czech Republic,P5,Air,2026-10,2,Low,2.74
LANE-006456,Brazil,P12,Ocean,2025-10,34,Low,0.78
LANE-011024,Vietnam,P10,Rail,2025-02,6,Medium,0.87
LANE-001201,Mexico,P5,Rail,2026-01,11,Medium,
LANE-012480,France,P4,Truck,2025-06,1,Low,1.51
LANE-006665,Japan,P3,Truck,2026-09,4,Low,1.03
LANE-002189,Germany,P6,Truck,2025-11,6,Low,0.95
LANE-008106,South Korea,P8,Air,2025-10,3,Low,
LANE-002658,Germany,P12,Rail,2026-06,12,Medium,1.11
LANE-005228,Poland,P9,Truck,2026-02,4,Low,0.92
LANE-002423,Germany,P9,Rail,2025-03,13,Low,0.85
LANE-003843,India,P3,Ocean,2026-03,26,Low,0.49
LANE-002104,Germany,P4,Ocean,2026-02,24,High,0.75
LANE-005411,Poland,P11,Air,2026-09,2,High,3.83
LANE-016830,United Kingdom,P10,Air,2026-10,3,Low,2.93
LANE-016780,United Kingdom,P10,Rail,2026-04,11,Medium,1.14
LANE-011376,Canada,P2,Air,2025-02,3,Low,2.41
LANE-004656,Poland,P2,Rail,2026-02,14,Low,
LANE-000374,United States,P6,Truck,2026-10,6,Low,1.08
LANE-003847,India,P3,Ocean,2026-07,30,Low,0.55
LANE-010089,Turkey,P10,Truck,2026-01,5,Medium,1.05
LANE-010979,Vietnam,P9,Ocean,2025-01,24,Low,0.47
LANE-012952,France,P10,Truck,2026-04,5,Medium,0.85
LANE-016347,United Kingdom,P5,Rail,2025-01,15,Medium,0.67
LANE-009479,Turkey,P2,Truck,2026-07,4,Medium,1.08
LANE-008832,Italy,P5,Ocean,2025-10,25,High,0.45
LANE-007377,Japan,P11,Ocean,2025-07,26,Low,0.67
LANE-013512,Spain,P5,Ocean,2025-04,31,Low,0.62
LANE-001267,Mexico,P6,Truck,2026-01,4,Low,0.87
LANE-004120,India,P7,Rail,2025-06,13,High,1.09
LANE-001159,Mexico,P4,Ocean,2026-03,29,Low,0.7
LANE-009635,Turkey,P3,Air,2026-09,3,Low,3.81
LANE-012051,Canada,P10,Air,2026-05,2,Low,3.99
LANE-011665,Canada,P6,Rail,2025-05,10,Low,0.99
LANE-007357,Japan,P11,Rail,2025-09,10,High,0.66
LANE-011059,Vietnam,P10,Ocean,2026-03,21,Medium,0.88
LANE-008443,South Korea,P12,Ocean,2026-05,23,Low,0.82
LANE-005496,Poland,P12,Air,2026-06,3,Low,3.48
LANE-012007,Canada,P10,Rail,2026-05,12,Low,1.02
LANE-013488,Spain,P5,Rail,2025-02,12,Low,0.96
LANE-011598,Canada,P5,Ocean,2025-04,23,Low,0.79
LANE-004906,Poland,P5,Truck,2026-10,5,High,1.31
LANE-006999,Japan,P7,Truck,2025-03,4,Medium,1.01
LANE-016559,United Kingdom,P7,Air,2026-03,3,Medium,2.41
LANE-013652,Spain,P7,Rail,2025-12,13,Low,0.77
LANE-004394,India,P10,Air,2026-04,2,Medium,
LANE-016857,United Kingdom,P11,Rail,2025-05,11,Medium,0.84
LANE-004067,India,P6,Ocean,2026-07,32,Medium,0.86
LANE-016373,United Kingdom,P5,Ocean,2025-05,29,Low,0.88
LANE-011840,Canada,P8,Ocean,2025-04,25,High,0.6
LANE-006969,Japan,P6,Ocean,2026-05,32,Low,0.53
LANE-013743,Spain,P8,Ocean,2026-03,27,Medium,0.53
LANE-014675,Czech Republic,P8,Ocean,2025-01,24,Medium,0.8
LANE-000391,United States,P6,Rail,2026-05,11,Medium,0.88
LANE-004936,Poland,P5,Ocean,2025-08,30,Low,0.85
LANE-013985,Spain,P11,Ocean,2026-03,27,Low,
LANE-010721,Vietnam,P6,Truck,2025-07,4,Low,
LANE-016884,United Kingdom,P11,Ocean,2025-10,33,Low,0.82
LANE-014731,Czech Republic,P9,Truck,2026-01,4,Medium,1.29
LANE-014041,Spain,P12,Ocean,2025-05,25,Medium,0.6
LANE-015440,Thailand,P6,Rail,2026-06,11,Low,1.13
LANE-009125,Italy,P9,Truck,2026-05,5,Low,1.27
LANE-006209,Brazil,P9,Ocean,2025-05,26,Low,0.78
LANE-000021,United States,P1,Truck,2026-09,1,Low,1.08
LANE-016638,United Kingdom,P8,Air,2025-06,2,Low,2.9
LANE-000216,United States,P4,Truck,2026-06,4,Low,1.27
LANE-005580,Brazil,P1,Air,2026-02,3,Medium,2.39
LANE-004582,Poland,P1,Rail,2025-06,14,High,0.78
LANE-008017,South Korea,P7,Ocean,2025-09,31,Low,0.7
LANE-000196,United States,P3,Air,2026-08,3,Low,3.44
LANE-007895,South Korea,P6,Truck,2026-07,5,High,1.19
LANE-016162,United Kingdom,P3,Truck,2026-02,5,Low,
LANE-008496,Italy,P1,Rail,2025-04,12,Low,0.97
LANE-002470,Germany,P10,Truck,2025-06,4,Medium,1.41
LANE-001549,Mexico,P9,Ocean,2025-09,24,Low,0.57
LANE-016255,United Kingdom,P4,Truck,2026-07,5,Medium,0.86
LANE-008421,South Korea,P12,Rail,2026-05,12,Low,0.93
LANE-014681,Czech Republic,P8,Ocean,2025-07,21,Medium,0.48
LANE-004279,India,P9,Rail,2025-11,9,Medium,0.9
LANE-015439,Thailand,P6,Rail,2026-05,9,Low,0.68
LANE-004126,India,P7,Rail,2025-12,12,High,0.8
LANE-002294,Germany,P7,Ocean,2025-06,27,Medium,0.45
LANE-012136,Canada,P11,Air,2026-02,3,Low,2.49
LANE-006382,Brazil,P11,Ocean,2025-02,23,High,0.48
LANE-010276,Turkey,P12,Rail,2025-02,12,Low,0.96
LANE-016841,United Kingdom,P11,Truck,2025-11,5,Medium,
LANE-013643,Spain,P7,Rail,2025-03,11,Low,0.93
LANE-010346,Vietnam,P1,Rail,2025-06,11,Low,1.06
LANE-003592,China,P12,Rail,2025-06,11,Medium,1.25
LANE-016103,United Kingdom,P2,Truck,2026-09,4,Low,1.33
